{"type":"FeatureCollection","name":"quy_hoach","crs":{"type":"name","properties":{"name":"urn:ogc:def:crs:OGC:1.3:CRS84"}},"features":[{"type":"Feature","properties":{"loai_qh":"Mặt nước","mau":"#3498db"},"geometry":{"type":"MultiPolygon","coordinates":[[[[106.646931,11.079794],[106.646792,11.079569],[106.646639,11.079379],[106.646455,11.079202],[106.646281,11.079068],[106.646017,11.078909],[106.645831,11.078757],[106.645763,11.078682],[106.645717,11.078613],[106.645389,11.078306],[106.645296,11.078252],[106.645215,11.078211],[106.646931,11.079794]]],[[[106.647299,11.080134],[106.648509,11.081251],[106.648506,11.081244],[106.648487,11.081006],[106.648307,11.080734],[106.64788,11.080507],[106.647815,11.080469],[106.647299,11.080134]]],[[[106.648772,11.081493],[106.650328,11.08293],[106.650311,11.082887],[106.650223,11.082721],[106.649971,11.08234],[106.649872,11.082214],[106.649547,11.081947],[106.649404,11.081873],[106.64929,11.081803],[106.648992,11.081584],[106.648772,11.081493]]],[[[106.651209,11.083742],[106.651656,11.084155],[106.651643,11.084135],[106.651572,11.084018],[106.651365,11.083824],[106.651209,11.083742]]],[[[106.65196,11.084436],[106.652178,11.084637],[106.652279,11.084676],[106.652746,11.08489],[106.653102,11.085148],[106.653478,11.08544],[106.653568,11.085521],[106.654116,11.08609],[106.654418,11.086371],[106.654861,11.086608],[106.65519,11.086687],[106.655427,11.086783],[106.656124,11.087198],[106.656438,11.087318],[106.656927,11.087415],[106.65703,11.087442],[106.65791,11.087733],[106.658171,11.087783],[106.658814,11.087816],[106.659293,11.087841],[106.659563,11.087818],[106.660236,11.087667],[106.660981,11.08775],[106.661229,11.08773],[106.661337,11.08762],[106.661459,11.087483],[106.661329,11.086934],[106.660999,11.087028],[106.660882,11.087173],[106.660729,11.08734],[106.660521,11.087405],[106.660291,11.087493],[106.660154,11.087546],[106.659533,11.087686],[106.6593,11.087706],[106.658178,11.087647],[106.657954,11.087605],[106.657074,11.087313],[106.656954,11.087282],[106.656465,11.087185],[106.656195,11.087082],[106.655498,11.086667],[106.655222,11.086555],[106.654893,11.086477],[106.654512,11.086272],[106.654213,11.085994],[106.653668,11.085427],[106.653563,11.085333],[106.653185,11.08504],[106.652816,11.084772],[106.652337,11.084553],[106.652144,11.084487],[106.651981,11.08445],[106.65196,11.084436]]]]}},{"type":"Feature","properties":{"loai_qh":"Mặt nước","mau":"#3498db"},"geometry":{"type":"MultiPolygon","coordinates":[[[[106.646725,11.071636],[106.646736,11.07166],[106.646947,11.071895],[106.64698,11.071913],[106.647058,11.071949],[106.647523,11.072425],[106.647977,11.072762],[106.648601,11.072687],[106.648726,11.07269],[106.649116,11.072743],[106.649437,11.072849],[106.650807,11.07216],[106.650643,11.071638],[106.650305,11.071487],[106.650117,11.071471],[106.649809,11.071535],[106.648825,11.072064],[106.648669,11.072111],[106.648538,11.072124],[106.648413,11.072118],[106.648021,11.072036],[106.647158,11.071883],[106.647026,11.071835],[106.646993,11.071817],[106.64682,11.071625],[106.646783,11.071541],[106.646725,11.071636]]],[[[106.649331,11.067414],[106.649428,11.067449],[106.649593,11.067579],[106.649635,11.067623],[106.649922,11.068014],[106.649952,11.068049],[106.650071,11.06817],[106.65018,11.068231],[106.650215,11.06824],[106.650358,11.068229],[106.650422,11.0682],[106.650487,11.06817],[106.650535,11.068151],[106.651596,11.067811],[106.651639,11.067863],[106.651695,11.067949],[106.651812,11.067919],[106.651866,11.067945],[106.651966,11.067905],[106.652053,11.067867],[106.652069,11.06781],[106.652082,11.067758],[106.652062,11.067703],[106.652158,11.067663],[106.652329,11.067633],[106.652374,11.067607],[106.652466,11.067669],[106.652542,11.067675],[106.652659,11.067447],[106.652611,11.067269],[106.65251,11.067268],[106.652409,11.067268],[106.652305,11.067267],[106.652004,11.067254],[106.651997,11.067216],[106.651928,11.067232],[106.651807,11.067273],[106.651836,11.067419],[106.651852,11.067412],[106.651906,11.067539],[106.65183,11.067633],[106.651766,11.067707],[106.651684,11.067735],[106.651564,11.067726],[106.650507,11.068065],[106.650448,11.068088],[106.650329,11.068143],[106.650237,11.068152],[106.650202,11.068144],[106.650136,11.068107],[106.650017,11.067986],[106.649996,11.067961],[106.64971,11.06757],[106.64965,11.067509],[106.649485,11.067378],[106.649409,11.067333],[106.649385,11.067326],[106.649331,11.067414]]]]}},{"type":"Feature","properties":{"loai_qh":"Mặt nước","mau":"#3498db"},"geometry":{"type":"MultiPolygon","coordinates":[[[[106.650525,11.083167],[106.650396,11.082853],[106.6503,11.082672],[106.650045,11.082287],[106.649944,11.082158],[106.64959,11.081867],[106.649446,11.081793],[106.649344,11.08173],[106.649046,11.081512],[106.648773,11.081399],[106.648734,11.081393],[106.64866,11.081349],[106.64862,11.081295],[106.648597,11.081237],[106.648578,11.080999],[106.648351,11.080655],[106.647923,11.080428],[106.647865,11.080394],[106.647243,11.07999],[106.647013,11.079755],[106.64687,11.079522],[106.646703,11.079315],[106.646519,11.079137],[106.646328,11.078991],[106.646065,11.078832],[106.645899,11.078696],[106.645835,11.078626],[106.645794,11.078564],[106.645435,11.078228],[106.645342,11.078174],[106.645258,11.078131],[106.650525,11.083167]]],[[[106.650793,11.083424],[106.652153,11.084724],[106.652241,11.084758],[106.652699,11.084968],[106.653047,11.08522],[106.653421,11.085511],[106.653502,11.085583],[106.654052,11.086154],[106.654355,11.086436],[106.654839,11.086696],[106.655169,11.086775],[106.65538,11.086861],[106.656077,11.087275],[106.65642,11.087407],[106.656909,11.087503],[106.657001,11.087528],[106.657881,11.087819],[106.658166,11.087873],[106.658809,11.087906],[106.659288,11.087931],[106.659583,11.087906],[106.660255,11.087756],[106.660944,11.087833],[106.661276,11.087808],[106.661419,11.08766],[106.661514,11.087555],[106.661343,11.086845],[106.660944,11.086955],[106.660797,11.08714],[106.66069,11.087258],[106.660504,11.087316],[106.660244,11.087415],[106.660134,11.087458],[106.659512,11.087598],[106.659305,11.087615],[106.658183,11.087557],[106.657983,11.087519],[106.657103,11.087228],[106.656972,11.087193],[106.656483,11.087096],[106.656242,11.087004],[106.655545,11.08659],[106.655244,11.086468],[106.654915,11.086389],[106.654575,11.086206],[106.654278,11.08593],[106.653734,11.085365],[106.653619,11.085262],[106.653241,11.084968],[106.652863,11.084694],[106.652376,11.084471],[106.652165,11.084399],[106.652002,11.084362],[106.65182,11.084237],[106.65172,11.084087],[106.651651,11.083972],[106.651408,11.083744],[106.650793,11.083424]]]]}},{"type":"Feature","properties":{"loai_qh":"Công cộng","mau":"#f39c12"},"geometry":{"type":"Polygon","coordinates":[[[106.66548,11.103303],[106.66541,11.103898],[106.665328,11.103968],[106.664156,11.103938],[106.664165,11.103758],[106.664187,11.103619],[106.664134,11.103462],[106.664023,11.103355],[106.663974,11.103302],[106.663959,11.102923],[106.664154,11.102886],[106.664217,11.102645],[106.664272,11.102642],[106.664258,11.102198],[106.663992,11.102202],[106.663993,11.102181],[106.663995,11.102181],[106.663962,11.10185],[106.66542,11.101821],[106.665489,11.102573],[106.66548,11.103303]]]}},{"type":"Feature","properties":{"loai_qh":"Thương mại - dịch vụ","mau":"#9b59b6"},"geometry":{"type":"Polygon","coordinates":[[[106.659001,11.068741],[106.658915,11.068761],[106.658826,11.068794],[106.658801,11.06885],[106.658832,11.068902],[106.658855,11.068939],[106.659085,11.068841],[106.659083,11.068834],[106.659043,11.068731],[106.659001,11.068741]]]}},{"type":"Feature","properties":{"loai_qh":"Thương mại - dịch vụ","mau":"#9b59b6"},"geometry":{"type":"Polygon","coordinates":[[[106.662254,11.077354],[106.662266,11.077349],[106.662116,11.077021],[106.6619,11.077113],[106.661955,11.077235],[106.661744,11.077324],[106.661837,11.07753],[106.662254,11.077354]]]}},{"type":"Feature","properties":{"loai_qh":"Thương mại - dịch vụ","mau":"#9b59b6"},"geometry":{"type":"Polygon","coordinates":[[[106.665118,11.082257],[106.665337,11.082197],[106.665302,11.081992],[106.665258,11.082006],[106.665159,11.082037],[106.665165,11.082054],[106.665006,11.082095],[106.665086,11.082265],[106.665118,11.082257],[106.665118,11.082257]]]}},{"type":"Feature","properties":{"loai_qh":"Thương mại - dịch vụ","mau":"#9b59b6"},"geometry":{"type":"Polygon","coordinates":[[[106.66596,11.085791],[106.666006,11.086001],[106.666092,11.085911],[106.666122,11.085808],[106.666107,11.085737],[106.66596,11.085791]]]}},{"type":"Feature","properties":{"loai_qh":"Thương mại - dịch vụ","mau":"#9b59b6"},"geometry":{"type":"Polygon","coordinates":[[[106.658959,11.091511],[106.659416,11.091437],[106.65944,11.091293],[106.659275,11.091251],[106.659246,11.091223],[106.659009,11.091203],[106.658959,11.091511]]]}},{"type":"Feature","properties":{"loai_qh":"Thương mại - dịch vụ","mau":"#9b59b6"},"geometry":{"type":"Polygon","coordinates":[[[106.663622,11.113194],[106.663323,11.113241],[106.663343,11.11335],[106.663611,11.113305],[106.663622,11.113194]]]}},{"type":"Feature","properties":{"loai_qh":"Thương mại - dịch vụ","mau":"#9b59b6"},"geometry":{"type":"Polygon","coordinates":[[[106.663749,11.107132],[106.663588,11.107131],[106.663618,11.107458],[106.663756,11.107447],[106.663754,11.107277],[106.663752,11.10722],[106.663749,11.107132]]]}},{"type":"Feature","properties":{"loai_qh":"Thương mại - dịch vụ","mau":"#9b59b6"},"geometry":{"type":"Polygon","coordinates":[[[106.663137,11.102204],[106.663144,11.102307],[106.663994,11.102287],[106.663994,11.102287],[106.663994,11.102287],[106.663992,11.102202],[106.663992,11.102202],[106.663993,11.102181],[106.663137,11.102204]]]}},{"type":"Feature","properties":{"loai_qh":"Thương mại - dịch vụ","mau":"#9b59b6"},"geometry":{"type":"Polygon","coordinates":[[[106.664401,11.121128],[106.664421,11.121224],[106.66446,11.121216],[106.66445,11.121118],[106.664401,11.121128]]]}},{"type":"Feature","properties":{"loai_qh":"Tôn giáo - di tích","mau":"#8e44ad"},"geometry":{"type":"Polygon","coordinates":[[[106.667615,11.095848],[106.667731,11.095936],[106.667754,11.095944],[106.667925,11.096],[106.668059,11.095347],[106.667984,11.095327],[106.667419,11.095197],[106.667359,11.095525],[106.667325,11.095744],[106.667615,11.095848]]]}},{"type":"Feature","properties":{"loai_qh":"Tôn giáo - di tích","mau":"#8e44ad"},"geometry":{"type":"Polygon","coordinates":[[[106.664556,11.085649],[106.664503,11.085783],[106.664466,11.085894],[106.664457,11.085977],[106.665119,11.086015],[106.665283,11.085988],[106.665363,11.085975],[106.665551,11.085937],[106.665496,11.085816],[106.66544,11.085693],[106.665424,11.085661],[106.66542,11.085653],[106.665403,11.085616],[106.665382,11.085571],[106.665305,11.085406],[106.665266,11.085319],[106.665134,11.085028],[106.665049,11.084833],[106.664863,11.084897],[106.664863,11.084897],[106.664804,11.084916],[106.664804,11.084916],[106.664803,11.084916],[106.664789,11.08492],[106.664775,11.085001],[106.664755,11.085096],[106.664732,11.08521],[106.664708,11.085299],[106.664679,11.08536],[106.664645,11.08543],[106.664641,11.085442],[106.66454,11.085647],[106.664539,11.08565],[106.664539,11.08565],[106.664556,11.085649]]]}},{"type":"Feature","properties":{"loai_qh":"Tôn giáo - di tích","mau":"#8e44ad"},"geometry":{"type":"Polygon","coordinates":[[[106.651049,11.079685],[106.6507,11.079933],[106.650767,11.080373],[106.651074,11.080156],[106.651051,11.079725],[106.651048,11.079685],[106.651049,11.079685],[106.651049,11.079685]]]}},{"type":"Feature","properties":{"loai_qh":"Tôn giáo - di tích","mau":"#8e44ad"},"geometry":{"type":"Polygon","coordinates":[[[106.648908,11.07138],[106.648908,11.07138],[106.648758,11.071384],[106.648607,11.071308],[106.648453,11.07123],[106.648427,11.071125],[106.648403,11.070938],[106.648398,11.070831],[106.648414,11.070739],[106.648518,11.070474],[106.648585,11.070255],[106.648633,11.07003],[106.648747,11.069817],[106.648748,11.069817],[106.648869,11.069732],[106.648869,11.069732],[106.648869,11.069732],[106.64887,11.069732],[106.64887,11.069732],[106.648921,11.069696],[106.649065,11.069675],[106.649195,11.069686],[106.649275,11.069724],[106.649313,11.069752],[106.649368,11.069812],[106.649385,11.069831],[106.64948,11.069944],[106.64954,11.070041],[106.649609,11.070141],[106.649667,11.070214],[106.649734,11.070234],[106.649727,11.07031],[106.649675,11.070444],[106.649637,11.070541],[106.649601,11.070654],[106.649596,11.070668],[106.64957,11.070739],[106.649524,11.070872],[106.649512,11.071006],[106.649495,11.071077],[106.649491,11.071088],[106.649491,11.071088],[106.64949,11.071091],[106.64949,11.071091],[106.64947,11.071155],[106.649469,11.071156],[106.649434,11.071186],[106.648908,11.07138]]]}},{"type":"Feature","properties":{"loai_qh":"Tôn giáo - di tích","mau":"#8e44ad"},"geometry":{"type":"Polygon","coordinates":[[[106.658848,11.067837],[106.658714,11.0679],[106.658999,11.06857],[106.659293,11.068503],[106.659081,11.06796],[106.659062,11.067914],[106.659043,11.067868],[106.659022,11.067818],[106.659006,11.067775],[106.659003,11.067766],[106.658848,11.067837]]]}},{"type":"Feature","properties":{"loai_qh":"Tôn giáo - di tích","mau":"#8e44ad"},"geometry":{"type":"Polygon","coordinates":[[[106.662496,11.120368],[106.662174,11.120378],[106.662133,11.12006],[106.66149,11.120151],[106.661436,11.120456],[106.661469,11.12095],[106.661466,11.121113],[106.661414,11.121231],[106.661775,11.12133],[106.661787,11.121347],[106.662161,11.121205],[106.662194,11.121201],[106.662185,11.121098],[106.662272,11.121086],[106.66226,11.120954],[106.662348,11.120946],[106.662422,11.12094],[106.662539,11.120932],[106.662496,11.120368]]]}},{"type":"Feature","properties":{"loai_qh":"Giáo dục","mau":"#5dade2"},"geometry":{"type":"Polygon","coordinates":[[[106.665196,11.105556],[106.664207,11.105506],[106.664178,11.104075],[106.665306,11.104103],[106.66536,11.104164],[106.665196,11.105556]]]}},{"type":"Feature","properties":{"loai_qh":"Công cộng","mau":"#f39c12"},"geometry":{"type":"Polygon","coordinates":[[[106.679439,11.114623],[106.679435,11.114624],[106.679459,11.114812],[106.679542,11.1148],[106.67952,11.114613],[106.679439,11.114623]]]}},{"type":"Feature","properties":{"loai_qh":"Công cộng","mau":"#f39c12"},"geometry":{"type":"Polygon","coordinates":[[[106.65974,11.070623],[106.659775,11.070698],[106.659902,11.070658],[106.659964,11.070638],[106.659905,11.070487],[106.65974,11.070623]]]}},{"type":"Feature","properties":{"loai_qh":"Công cộng","mau":"#f39c12"},"geometry":{"type":"Polygon","coordinates":[[[106.662806,11.074271],[106.662722,11.074306],[106.662827,11.074557],[106.662909,11.074518],[106.662806,11.074271]]]}},{"type":"Feature","properties":{"loai_qh":"Công cộng","mau":"#f39c12"},"geometry":{"type":"Polygon","coordinates":[[[106.665581,11.092923],[106.665556,11.093058],[106.665516,11.09311],[106.665385,11.093172],[106.665293,11.093208],[106.665455,11.092901],[106.665581,11.092923]]]}},{"type":"Feature","properties":{"loai_qh":"Công cộng","mau":"#f39c12"},"geometry":{"type":"Polygon","coordinates":[[[106.66556,11.092938],[106.665538,11.09305],[106.665504,11.093095],[106.665377,11.093156],[106.66533,11.093176],[106.665465,11.092921],[106.66556,11.092938]]]}},{"type":"Feature","properties":{"loai_qh":"Thương mại - dịch vụ","mau":"#9b59b6"},"geometry":{"type":"Polygon","coordinates":[[[106.665773,11.127835],[106.665666,11.127743],[106.665641,11.127624],[106.665907,11.127595],[106.665917,11.127618],[106.666144,11.127605],[106.666052,11.127858],[106.665773,11.127835]]]}},{"type":"Feature","properties":{"loai_qh":"Đất ở","mau":"#e74c3c"},"geometry":{"type":"Polygon","coordinates":[[[106.664605,11.130294],[106.664306,11.130316],[106.663979,11.130357],[106.663978,11.130357],[106.663296,11.13047],[106.662098,11.130652],[106.661528,11.130725],[106.660909,11.130778],[106.660563,11.130815],[106.659699,11.130936],[106.659699,11.130936],[106.659121,11.131025],[106.659096,11.130907],[106.65889,11.130954],[106.658779,11.13098],[106.658654,11.131093],[106.658614,11.131129],[106.658474,11.131292],[106.658371,11.131356],[106.658281,11.131497],[106.658136,11.131697],[106.657971,11.131682],[106.657887,11.131675],[106.657638,11.131669],[106.657443,11.131597],[106.657063,11.131667],[106.656978,11.131369],[106.656916,11.131177],[106.656863,11.131006],[106.656771,11.130712],[106.656704,11.130499],[106.656686,11.130479],[106.656558,11.130435],[106.656548,11.130406],[106.656505,11.13032],[106.656326,11.129828],[106.664605,11.130294]]]}},{"type":"Feature","properties":{"loai_qh":"Thương mại - dịch vụ","mau":"#9b59b6"},"geometry":{"type":"Polygon","coordinates":[[[106.664343,11.083005],[106.664061,11.083117],[106.663756,11.082371],[106.663777,11.082324],[106.664009,11.082231],[106.664048,11.082321],[106.664343,11.083005]]]}},{"type":"Feature","properties":{"loai_qh":"Thương mại - dịch vụ","mau":"#9b59b6"},"geometry":{"type":"Polygon","coordinates":[[[106.664319,11.082995],[106.664071,11.083094],[106.663776,11.082371],[106.66379,11.082338],[106.664,11.082254],[106.664031,11.082328],[106.664319,11.082995]]]}},{"type":"Feature","properties":{"loai_qh":"Thương mại - dịch vụ","mau":"#9b59b6"},"geometry":{"type":"Polygon","coordinates":[[[106.682776,11.115138],[106.682726,11.114642],[106.682452,11.114681],[106.682491,11.115174],[106.682492,11.115179],[106.682776,11.115138]]]}},{"type":"Feature","properties":{"loai_qh":"Cây xanh","mau":"#27ae60"},"geometry":{"type":"Polygon","coordinates":[[[106.692905,11.10877],[106.692606,11.109548],[106.69261,11.109611],[106.692625,11.109732],[106.692734,11.110331],[106.692961,11.111371],[106.693053,11.111625],[106.693282,11.11206],[106.693327,11.112163],[106.693464,11.112549],[106.693529,11.112696],[106.693608,11.112841],[106.693617,11.112887],[106.69362,11.113037],[106.693654,11.113126],[106.693663,11.113175],[106.693663,11.113179],[106.693428,11.112749],[106.693356,11.112587],[106.693219,11.1122],[106.69318,11.112112],[106.692952,11.111677],[106.692849,11.111395],[106.692622,11.110353],[106.692512,11.109752],[106.692496,11.109618],[106.692492,11.109554],[106.692852,11.108663],[106.692868,11.108648],[106.692867,11.108645],[106.692858,11.108629],[106.692875,11.108635],[106.692909,11.10869],[106.692903,11.108733],[106.692905,11.10877]]]}},{"type":"Feature","properties":{"loai_qh":"Cây xanh","mau":"#27ae60"},"geometry":{"type":"Polygon","coordinates":[[[106.693246,11.106002],[106.692941,11.106387],[106.692897,11.106387],[106.69288,11.106464],[106.692739,11.106642],[106.692673,11.106724],[106.69241,11.107044],[106.692179,11.107639],[106.692176,11.10771],[106.692314,11.108104],[106.692322,11.108114],[106.692512,11.108284],[106.692514,11.108293],[106.692559,11.108371],[106.692584,11.108458],[106.692231,11.108182],[106.692062,11.107704],[106.692065,11.107634],[106.692321,11.106973],[106.692584,11.106654],[106.692649,11.106572],[106.693156,11.105933],[106.693259,11.10575],[106.69329,11.105667],[106.69327,11.10547],[106.693205,11.105431],[106.693135,11.105405],[106.692719,11.104723],[106.692745,11.104496],[106.692905,11.104122],[106.693177,11.103796],[106.693206,11.103598],[106.693137,11.103437],[106.693077,11.103328],[106.692754,11.102859],[106.692694,11.102752],[106.692827,11.102782],[106.692837,11.102775],[106.692851,11.102795],[106.693173,11.103264],[106.693244,11.103392],[106.693313,11.103553],[106.693267,11.103869],[106.692995,11.104195],[106.692861,11.104509],[106.692835,11.104736],[106.693177,11.105298],[106.693269,11.105333],[106.693287,11.105347],[106.693296,11.105361],[106.693299,11.105366],[106.693367,11.10541],[106.693397,11.105707],[106.693367,11.105789],[106.693246,11.106002]]]}},{"type":"Feature","properties":{"loai_qh":"Công cộng","mau":"#f39c12"},"geometry":{"type":"MultiPolygon","coordinates":[[[[106.66527,11.124282],[106.665321,11.124285],[106.665418,11.124277],[106.66527,11.124282]]],[[[106.665454,11.124276],[106.665503,11.124275],[106.665521,11.124274],[106.665454,11.124276]]]]}},{"type":"Feature","properties":{"loai_qh":"Đất ở hỗn hợp","mau":"#e67e22"},"geometry":{"type":"Polygon","coordinates":[[[106.656382,11.07538],[106.655617,11.073056],[106.655534,11.072972],[106.654696,11.072666],[106.654453,11.072569],[106.654083,11.07241],[106.653799,11.072325],[106.653733,11.072314],[106.653394,11.072212],[106.652276,11.071723],[106.652213,11.071734],[106.650861,11.074094],[106.650161,11.077461],[106.650193,11.077524],[106.650764,11.077766],[106.652636,11.078484],[106.652638,11.078485],[106.653274,11.078728],[106.654283,11.078681],[106.655692,11.077982],[106.655802,11.077933],[106.656432,11.077652],[106.656437,11.077649],[106.656892,11.077448],[106.657104,11.077365],[106.657203,11.077331],[106.657232,11.077264],[106.656593,11.07591],[106.656382,11.07538],[106.656382,11.07538]]]}},{"type":"Feature","properties":{"loai_qh":"Đất ở hỗn hợp","mau":"#e67e22"},"geometry":{"type":"Polygon","coordinates":[[[106.654444,11.069655],[106.654335,11.069719],[106.654079,11.069918],[106.653991,11.070007],[106.653938,11.070064],[106.653442,11.070629],[106.652924,11.071135],[106.652485,11.071501],[106.652498,11.071593],[106.653479,11.072021],[106.65377,11.072109],[106.653836,11.072121],[106.654167,11.072219],[106.654537,11.072378],[106.654769,11.07247],[106.655447,11.072718],[106.655492,11.072676],[106.654653,11.070128],[106.654504,11.069678],[106.654444,11.069655]]]}},{"type":"Feature","properties":{"loai_qh":"Đất ở","mau":"#e74c3c"},"geometry":{"type":"Polygon","coordinates":[[[106.665593,11.096297],[106.665821,11.095647],[106.665952,11.094929],[106.665965,11.094342],[106.665796,11.093832],[106.66578,11.093811],[106.665668,11.09326],[106.665699,11.093223],[106.66573,11.093208],[106.666191,11.093086],[106.666336,11.093089],[106.66672,11.093129],[106.66679,11.093195],[106.666904,11.093991],[106.666908,11.094017],[106.666983,11.094452],[106.666994,11.094561],[106.667006,11.094926],[106.667012,11.094994],[106.667035,11.095148],[106.667038,11.095249],[106.667011,11.095577],[106.667188,11.095848],[106.667565,11.095984],[106.667627,11.096087],[106.667527,11.096738],[106.667475,11.096773],[106.665622,11.09635],[106.665593,11.096297]]]}},{"type":"Feature","properties":{"loai_qh":"Đất ở hỗn hợp","mau":"#e67e22"},"geometry":{"type":"Polygon","coordinates":[[[106.6486,11.080613],[106.648685,11.080588],[106.649864,11.077707],[106.649837,11.077635],[106.649409,11.077407],[106.648399,11.076836],[106.647155,11.076255],[106.646874,11.076148],[106.646798,11.076198],[106.646716,11.079012],[106.646731,11.079053],[106.647027,11.079379],[106.647786,11.080046],[106.648595,11.080609],[106.6486,11.080613]]]}},{"type":"Feature","properties":{"loai_qh":"Đất ở hỗn hợp","mau":"#e67e22"},"geometry":{"type":"Polygon","coordinates":[[[106.674323,11.117634],[106.674679,11.115726],[106.674731,11.11568],[106.675284,11.115622],[106.676532,11.115453],[106.676947,11.115397],[106.679219,11.11509],[106.679283,11.115138],[106.679915,11.120215],[106.679851,11.120277],[106.67833,11.120206],[106.677467,11.120237],[106.676961,11.120256],[106.67465,11.120339],[106.674583,11.120284],[106.674308,11.118314],[106.674323,11.117634]]]}},{"type":"Feature","properties":{"loai_qh":"Đất ở","mau":"#e74c3c"},"geometry":{"type":"Polygon","coordinates":[[[106.665706,11.124693],[106.665707,11.124684],[106.665941,11.123546],[106.665988,11.123319],[106.665993,11.123122],[106.666001,11.123055],[106.66609,11.122622],[106.666516,11.120794],[106.66657,11.12075],[106.666775,11.12074],[106.667533,11.120766],[106.667539,11.120767],[106.667589,11.120825],[106.667461,11.124524],[106.667413,11.124578],[106.666843,11.124676],[106.666545,11.124707],[106.666299,11.124715],[106.665742,11.124734],[106.665706,11.124693]]]}},{"type":"Feature","properties":{"loai_qh":"Đất ở hỗn hợp","mau":"#e67e22"},"geometry":{"type":"Polygon","coordinates":[[[106.681638,11.120537],[106.680233,11.120331],[106.680165,11.120262],[106.679622,11.1159],[106.679672,11.115834],[106.682214,11.115435],[106.683236,11.115285],[106.683275,11.115325],[106.683203,11.115716],[106.68298,11.116687],[106.68254,11.118193],[106.681718,11.120489],[106.681638,11.120537]]]}},{"type":"Feature","properties":{"loai_qh":"Đất ở","mau":"#e74c3c"},"geometry":{"type":"Polygon","coordinates":[[[106.664893,11.130277],[106.665011,11.129157],[106.665031,11.128972],[106.665105,11.128705],[106.665151,11.128274],[106.665249,11.128268],[106.665676,11.130095],[106.665696,11.130178],[106.665475,11.130211],[106.665234,11.130238],[106.664893,11.130277]]]}},{"type":"Feature","properties":{"loai_qh":"Đất ở","mau":"#e74c3c"},"geometry":{"type":"Polygon","coordinates":[[[106.656298,11.129832],[106.656605,11.129767],[106.656917,11.129674],[106.662886,11.127904],[106.663318,11.127835],[106.664081,11.127811],[106.664512,11.127852],[106.664753,11.127906],[106.664805,11.127978],[106.664756,11.128443],[106.664732,11.128665],[106.664749,11.128939],[106.664729,11.129128],[106.664604,11.130306],[106.656298,11.129832]]]}},{"type":"Feature","properties":{"loai_qh":"Đất ở","mau":"#e74c3c"},"geometry":{"type":"Polygon","coordinates":[[[106.665683,11.102722],[106.665738,11.102776],[106.665967,11.102786],[106.666038,11.102791],[106.666949,11.102874],[106.666961,11.102875],[106.667024,11.102821],[106.667039,11.10234],[106.667056,11.102215],[106.667539,11.100209],[106.6675,11.100164],[106.665517,11.100267],[106.665466,11.100326],[106.665671,11.102557],[106.665683,11.102722]]]}},{"type":"Feature","properties":{"loai_qh":"Đất ở","mau":"#e74c3c"},"geometry":{"type":"Polygon","coordinates":[[[106.665366,11.106454],[106.665386,11.105658],[106.665662,11.103324],[106.665684,11.10303],[106.665744,11.102975],[106.665959,11.102985],[106.66602,11.102989],[106.66693,11.103072],[106.666964,11.103075],[106.667014,11.103133],[106.666985,11.104011],[106.666987,11.104079],[106.667023,11.104549],[106.667025,11.104581],[106.667032,11.105585],[106.667071,11.106525],[106.667018,11.106577],[106.665425,11.106511],[106.665366,11.106454]]]}},{"type":"Feature","properties":{"loai_qh":"Đất ở","mau":"#e74c3c"},"geometry":{"type":"Polygon","coordinates":[[[106.662963,11.12134],[106.663438,11.121264],[106.663748,11.121183],[106.664169,11.12103],[106.664325,11.120956],[106.664411,11.121003],[106.66457,11.122555],[106.664787,11.124689],[106.664721,11.124763],[106.662582,11.124796],[106.662524,11.124741],[106.662506,11.123479],[106.662538,11.123133],[106.662769,11.121957],[106.662797,11.121408],[106.66285,11.121346],[106.662963,11.12134]]]}},{"type":"Feature","properties":{"loai_qh":"Đất ở hỗn hợp","mau":"#e67e22"},"geometry":{"type":"Polygon","coordinates":[[[106.657375,11.083448],[106.657346,11.083523],[106.659023,11.087274],[106.659088,11.087307],[106.659612,11.087128],[106.660691,11.086629],[106.661213,11.086368],[106.661414,11.086258],[106.661441,11.086178],[106.659671,11.08243],[106.659584,11.082411],[106.659116,11.082695],[106.657731,11.083291],[106.657375,11.083448]]]}},{"type":"Feature","properties":{"loai_qh":"Đất ở hỗn hợp","mau":"#e67e22"},"geometry":{"type":"Polygon","coordinates":[[[106.657079,11.083579],[106.655777,11.084156],[106.655618,11.08422],[106.65492,11.084481],[106.654355,11.084906],[106.654052,11.085315],[106.65406,11.08539],[106.654143,11.085467],[106.65541,11.086288],[106.657431,11.087157],[106.658752,11.087362],[106.658797,11.087285],[106.657154,11.083608],[106.657079,11.083579]]]}},{"type":"Feature","properties":{"loai_qh":"Đất ở hỗn hợp","mau":"#e67e22"},"geometry":{"type":"Polygon","coordinates":[[[106.657764,11.107906],[106.657925,11.107704],[106.659299,11.107515],[106.659362,11.107506],[106.659428,11.107556],[106.659455,11.10783],[106.659482,11.10816],[106.659565,11.109117],[106.659566,11.109131],[106.659587,11.109414],[106.65959,11.109449],[106.659622,11.109768],[106.659628,11.109872],[106.659633,11.110153],[106.659635,11.110203],[106.659641,11.110306],[106.659649,11.110399],[106.659706,11.11088],[106.65976,11.111403],[106.659709,11.111469],[106.658345,11.111668],[106.658131,11.111502],[106.658117,11.111351],[106.657764,11.107906]]]}},{"type":"Feature","properties":{"loai_qh":"Đất ở","mau":"#e74c3c"},"geometry":{"type":"Polygon","coordinates":[[[106.668622,11.128785],[106.669219,11.128875],[106.669286,11.128828],[106.669521,11.127518],[106.669528,11.126023],[106.669388,11.1252],[106.669362,11.124819],[106.669311,11.124761],[106.669301,11.12476],[106.667756,11.124747],[106.66772,11.12475],[106.667667,11.124807],[106.667664,11.127917],[106.667715,11.127973],[106.66828,11.128457],[106.668293,11.1285],[106.668622,11.128785]]]}},{"type":"Feature","properties":{"loai_qh":"Đất ở","mau":"#e74c3c"},"geometry":{"type":"Polygon","coordinates":[[[106.662851,11.095465],[106.66299,11.09503],[106.663167,11.094766],[106.663215,11.094662],[106.663895,11.093241],[106.663856,11.09316],[106.663787,11.093143],[106.663132,11.093033],[106.66245,11.092969],[106.662275,11.092946],[106.661981,11.092907],[106.661913,11.092955],[106.661394,11.095735],[106.661465,11.095797],[106.66189,11.095719],[106.6621,11.095682],[106.662231,11.095677],[106.662329,11.095689],[106.662474,11.09571],[106.662851,11.095465]]]}},{"type":"Feature","properties":{"loai_qh":"Đất ở","mau":"#e74c3c"},"geometry":{"type":"Polygon","coordinates":[[[106.659696,11.107276],[106.661179,11.107022],[106.661232,11.106954],[106.661001,11.104398],[106.660941,11.10435],[106.659754,11.104517],[106.659437,11.104912],[106.659564,11.10633],[106.659637,11.107231],[106.659696,11.107276]]]}},{"type":"Feature","properties":{"loai_qh":"Đất ở","mau":"#e74c3c"},"geometry":{"type":"Polygon","coordinates":[[[106.66958,11.088143],[106.668184,11.088298],[106.667894,11.088321],[106.667617,11.088333],[106.667565,11.088271],[106.667914,11.086878],[106.667865,11.086029],[106.667711,11.085621],[106.667745,11.085551],[106.668512,11.085304],[106.668587,11.08534],[106.669625,11.088071],[106.66958,11.088143]]]}},{"type":"Feature","properties":{"loai_qh":"Đất ở","mau":"#e74c3c"},"geometry":{"type":"Polygon","coordinates":[[[106.669716,11.087822],[106.668752,11.085285],[106.668786,11.085216],[106.669743,11.084907],[106.669818,11.084943],[106.670587,11.086994],[106.670535,11.087197],[106.669893,11.087761],[106.66983,11.087834],[106.669716,11.087822]]]}},{"type":"Feature","properties":{"loai_qh":"Đất ở hỗn hợp","mau":"#e67e22"},"geometry":{"type":"Polygon","coordinates":[[[106.655903,11.078165],[106.655807,11.078208],[106.655175,11.078522],[106.655146,11.0786],[106.657197,11.083188],[106.657272,11.083217],[106.657627,11.083059],[106.659013,11.082463],[106.659495,11.082151],[106.659508,11.082085],[106.657389,11.077596],[106.657309,11.077563],[106.657193,11.077603],[106.656992,11.077681],[106.656542,11.07788],[106.656538,11.077882],[106.655903,11.078165]]]}},{"type":"Feature","properties":{"loai_qh":"Đất ở","mau":"#e74c3c"},"geometry":{"type":"Polygon","coordinates":[[[106.667357,11.085334],[106.666802,11.085513],[106.66655,11.085389],[106.666459,11.085165],[106.665977,11.084119],[106.666015,11.084028],[106.666762,11.083758],[106.666835,11.083791],[106.667391,11.085265],[106.667357,11.085334]]]}},{"type":"Feature","properties":{"loai_qh":"Đất ở","mau":"#e74c3c"},"geometry":{"type":"Polygon","coordinates":[[[106.656654,11.072991],[106.656561,11.073074],[106.65641,11.073043],[106.656193,11.072978],[106.656188,11.072976],[106.655881,11.072873],[106.655798,11.07279],[106.655454,11.071745],[106.655496,11.071672],[106.655628,11.071589],[106.655708,11.071496],[106.655794,11.071463],[106.65625,11.071527],[106.656454,11.071552],[106.656514,11.071557],[106.656616,11.07156],[106.656771,11.071545],[106.65706,11.071482],[106.657775,11.071296],[106.65794,11.071228],[106.65806,11.071156],[106.658159,11.071113],[106.65878,11.070919],[106.658823,11.070904],[106.659154,11.070774],[106.659256,11.070815],[106.659597,11.071566],[106.659559,11.071665],[106.659309,11.071775],[106.658723,11.072042],[106.658683,11.072058],[106.65837,11.072166],[106.657838,11.072311],[106.657734,11.072327],[106.657538,11.072333],[106.657203,11.072328],[106.657186,11.072327],[106.657064,11.072313],[106.656899,11.07233],[106.656873,11.072339],[106.656736,11.072419],[106.656717,11.072436],[106.656625,11.072671],[106.656654,11.072991]]]}},{"type":"Feature","properties":{"loai_qh":"Đất ở","mau":"#e74c3c"},"geometry":{"type":"Polygon","coordinates":[[[106.655364,11.071471],[106.655415,11.07151],[106.655495,11.071477],[106.655575,11.071384],[106.655818,11.071293],[106.656273,11.071357],[106.656475,11.071382],[106.656519,11.071385],[106.656621,11.071388],[106.656734,11.071377],[106.657019,11.071315],[106.657731,11.07113],[106.657851,11.07108],[106.657971,11.071009],[106.658106,11.070949],[106.658728,11.070755],[106.658759,11.070744],[106.659085,11.070617],[106.659123,11.070522],[106.659093,11.070456],[106.658614,11.069546],[106.658273,11.068981],[106.658156,11.068937],[106.657326,11.069193],[106.657016,11.069262],[106.656987,11.069266],[106.656632,11.069367],[106.655246,11.069987],[106.654973,11.070096],[106.654937,11.070172],[106.655364,11.071471]]]}},{"type":"Feature","properties":{"loai_qh":"Đất ở","mau":"#e74c3c"},"geometry":{"type":"Polygon","coordinates":[[[106.658475,11.074631],[106.658336,11.072452],[106.658391,11.072376],[106.658432,11.072365],[106.658752,11.072255],[106.658811,11.072231],[106.659396,11.071965],[106.659645,11.071854],[106.659745,11.071892],[106.660529,11.073612],[106.660492,11.073715],[106.658762,11.07459],[106.65855,11.07468],[106.658475,11.074631]]]}},{"type":"Feature","properties":{"loai_qh":"Đất ở","mau":"#e74c3c"},"geometry":{"type":"Polygon","coordinates":[[[106.658258,11.074755],[106.657956,11.074779],[106.657893,11.074779],[106.657026,11.074978],[106.656638,11.075169],[106.656573,11.075142],[106.655922,11.073166],[106.655968,11.073122],[106.65612,11.073173],[106.656131,11.073176],[106.656358,11.073245],[106.656519,11.073277],[106.656864,11.072973],[106.656835,11.072652],[106.65686,11.072589],[106.656879,11.072571],[106.65694,11.072536],[106.656966,11.072527],[106.65704,11.072519],[106.657162,11.072533],[106.6572,11.072536],[106.657539,11.072541],[106.65774,11.072535],[106.657894,11.072512],[106.65811,11.072453],[106.658164,11.072491],[106.658305,11.074696],[106.658258,11.074755]]]}},{"type":"Feature","properties":{"loai_qh":"Đất ở","mau":"#e74c3c"},"geometry":{"type":"Polygon","coordinates":[[[106.669717,11.088677],[106.669738,11.088505],[106.669745,11.08835],[106.669695,11.088303],[106.668203,11.088469],[106.667902,11.088492],[106.667573,11.088507],[106.667504,11.088569],[106.667485,11.088707],[106.667398,11.089021],[106.667314,11.089215],[106.667241,11.089784],[106.667273,11.089989],[106.667156,11.09072],[106.667118,11.090796],[106.667145,11.090858],[106.668735,11.09134],[106.668813,11.091303],[106.669301,11.090075],[106.669421,11.08978],[106.669576,11.089341],[106.669626,11.089157],[106.669717,11.088677]]]}},{"type":"Feature","properties":{"loai_qh":"Đất ở","mau":"#e74c3c"},"geometry":{"type":"Polygon","coordinates":[[[106.665832,11.076214],[106.666443,11.076377],[106.666755,11.076658],[106.668177,11.080426],[106.668143,11.080498],[106.664903,11.081626],[106.664798,11.081582],[106.663441,11.078662],[106.663464,11.078533],[106.665427,11.076586],[106.665729,11.076245],[106.665832,11.076214]]]}},{"type":"Feature","properties":{"loai_qh":"Đất ở","mau":"#e74c3c"},"geometry":{"type":"Polygon","coordinates":[[[106.661198,11.09584],[106.661741,11.09293],[106.661695,11.092868],[106.661167,11.092797],[106.659594,11.092297],[106.658597,11.091775],[106.658531,11.091801],[106.657863,11.093607],[106.657959,11.094198],[106.658694,11.095119],[106.658823,11.09592],[106.658472,11.096864],[106.658503,11.096907],[106.658673,11.096905],[106.65938,11.096746],[106.661127,11.095932],[106.661198,11.09584]]]}},{"type":"Feature","properties":{"loai_qh":"Đất ở","mau":"#e74c3c"},"geometry":{"type":"Polygon","coordinates":[[[106.661348,11.075588],[106.66077,11.07585],[106.660069,11.076157],[106.659593,11.076356],[106.659534,11.076379],[106.659223,11.076492],[106.659143,11.076459],[106.658568,11.075214],[106.658494,11.074924],[106.658535,11.074866],[106.658841,11.074743],[106.660566,11.073871],[106.660662,11.073904],[106.661385,11.075489],[106.661348,11.075588]]]}},{"type":"Feature","properties":{"loai_qh":"Đất ở","mau":"#e74c3c"},"geometry":{"type":"Polygon","coordinates":[[[106.656825,11.075803],[106.657483,11.077197],[106.65756,11.077225],[106.657738,11.077147],[106.657798,11.077119],[106.657964,11.077035],[106.65822,11.076912],[106.658283,11.076883],[106.658954,11.076598],[106.658983,11.076525],[106.658409,11.075285],[106.658324,11.074979],[106.658259,11.074929],[106.657955,11.074951],[106.657892,11.074951],[106.657104,11.075131],[106.656694,11.075333],[106.656663,11.075413],[106.656825,11.075803]]]}},{"type":"Feature","properties":{"loai_qh":"Đất ở","mau":"#e74c3c"},"geometry":{"type":"Polygon","coordinates":[[[106.661963,11.082832],[106.661765,11.082463],[106.661281,11.081493],[106.661062,11.081021],[106.661008,11.081011],[106.659878,11.082132],[106.65986,11.082231],[106.660441,11.083461],[106.660518,11.083489],[106.661056,11.083251],[106.661938,11.0829],[106.661963,11.082832]]]}},{"type":"Feature","properties":{"loai_qh":"Đất ở","mau":"#e74c3c"},"geometry":{"type":"Polygon","coordinates":[[[106.669032,11.082693],[106.668278,11.080693],[106.668204,11.080659],[106.666168,11.081367],[106.666134,11.081439],[106.666898,11.083465],[106.666972,11.083499],[106.668999,11.082765],[106.669032,11.082693]]]}},{"type":"Feature","properties":{"loai_qh":"Đất ở","mau":"#e74c3c"},"geometry":{"type":"Polygon","coordinates":[[[106.660714,11.076082],[106.660146,11.076331],[106.659668,11.076531],[106.6596,11.076558],[106.6593,11.076666],[106.659271,11.076735],[106.66104,11.080559],[106.661093,11.080568],[106.662223,11.079448],[106.662242,11.079347],[106.660789,11.076111],[106.660714,11.076082]]]}},{"type":"Feature","properties":{"loai_qh":"Đất ở","mau":"#e74c3c"},"geometry":{"type":"Polygon","coordinates":[[[106.664289,11.081964],[106.663633,11.082225],[106.662258,11.082773],[106.662206,11.082793],[106.662124,11.082764],[106.661919,11.082382],[106.661439,11.081422],[106.661199,11.080904],[106.661218,11.080804],[106.66296,11.079076],[106.663035,11.079089],[106.664327,11.081869],[106.664289,11.081964]]]}},{"type":"Feature","properties":{"loai_qh":"Đất ở","mau":"#e74c3c"},"geometry":{"type":"Polygon","coordinates":[[[106.664985,11.087631],[106.665996,11.087874],[106.666077,11.087819],[106.666105,11.087625],[106.666163,11.086523],[106.666005,11.086464],[106.664963,11.087557],[106.664985,11.087631]]]}},{"type":"Feature","properties":{"loai_qh":"Đất ở","mau":"#e74c3c"},"geometry":{"type":"Polygon","coordinates":[[[106.663243,11.085212],[106.662099,11.083084],[106.662016,11.083054],[106.661124,11.083409],[106.660591,11.083645],[106.660563,11.083719],[106.661671,11.086067],[106.661744,11.08609],[106.663219,11.085289],[106.663243,11.085212]]]}},{"type":"Feature","properties":{"loai_qh":"Đất ở","mau":"#e74c3c"},"geometry":{"type":"Polygon","coordinates":[[[106.666011,11.088129],[106.665811,11.088796],[106.665409,11.089874],[106.665272,11.090177],[106.665161,11.090237],[106.664413,11.090128],[106.664066,11.09007],[106.662501,11.08978],[106.662476,11.089687],[106.664759,11.08777],[106.664819,11.08776],[106.664925,11.087794],[106.665959,11.088042],[106.666011,11.088129]]]}},{"type":"Feature","properties":{"loai_qh":"Đất ở","mau":"#e74c3c"},"geometry":{"type":"Polygon","coordinates":[[[106.662602,11.07525],[106.662546,11.075275],[106.662068,11.075484],[106.66203,11.075582],[106.663276,11.078303],[106.663401,11.078326],[106.66378,11.077951],[106.663799,11.077849],[106.662677,11.075279],[106.662602,11.07525]]]}},{"type":"Feature","properties":{"loai_qh":"Đất ở","mau":"#e74c3c"},"geometry":{"type":"Polygon","coordinates":[[[106.654913,11.061482],[106.656436,11.06097],[106.656507,11.061006],[106.656892,11.062198],[106.656857,11.062282],[106.655615,11.062923],[106.655512,11.062892],[106.654807,11.061592],[106.654842,11.061506],[106.654913,11.061482]]]}},{"type":"Feature","properties":{"loai_qh":"Đất ở","mau":"#e74c3c"},"geometry":{"type":"Polygon","coordinates":[[[106.661947,11.092593],[106.662117,11.092642],[106.662318,11.092669],[106.662477,11.09269],[106.663159,11.092754],[106.663856,11.092871],[106.66397,11.092899],[106.664078,11.092847],[106.665132,11.090491],[106.665081,11.090399],[106.664387,11.090298],[106.664034,11.090239],[106.662285,11.089914],[106.662168,11.089944],[106.661221,11.090708],[106.660795,11.091033],[106.660782,11.091116],[106.661561,11.092255],[106.661947,11.092593]]]}},{"type":"Feature","properties":{"loai_qh":"Đất ở hỗn hợp","mau":"#e67e22"},"geometry":{"type":"Polygon","coordinates":[[[106.672504,11.120485],[106.670818,11.120829],[106.670268,11.120851],[106.669599,11.120771],[106.669533,11.120705],[106.669521,11.12057],[106.669466,11.120069],[106.669308,11.118945],[106.669232,11.118123],[106.669199,11.117497],[106.669188,11.117346],[106.669071,11.116102],[106.669123,11.116043],[106.674386,11.115702],[106.674428,11.115749],[106.674128,11.117357],[106.674104,11.117332],[106.673655,11.117393],[106.67361,11.117452],[106.673698,11.118083],[106.673757,11.118128],[106.674041,11.118089],[106.674046,11.118084],[106.674067,11.118347],[106.67434,11.120298],[106.674292,11.120356],[106.673138,11.120417],[106.673152,11.120399],[106.673121,11.120174],[106.67306,11.120132],[106.672494,11.12025],[106.672454,11.120312],[106.672489,11.120475],[106.672504,11.120485],[106.672504,11.120485]]]}},{"type":"Feature","properties":{"loai_qh":"Đất ở hỗn hợp","mau":"#e67e22"},"geometry":{"type":"Polygon","coordinates":[[[106.668355,11.111895],[106.668264,11.111887],[106.668057,11.10847],[106.668056,11.107977],[106.668091,11.10733],[106.668156,11.107329],[106.668657,11.107381],[106.669259,11.107443],[106.669347,11.107555],[106.669371,11.107618],[106.668355,11.111895]]]}},{"type":"Feature","properties":{"loai_qh":"Đất ở","mau":"#e74c3c"},"geometry":{"type":"Polygon","coordinates":[[[106.667177,11.106882],[106.66726,11.107337],[106.667683,11.107334],[106.667649,11.107955],[106.66765,11.108494],[106.667758,11.110264],[106.667703,11.11033],[106.6658,11.110608],[106.665739,11.110561],[106.665402,11.106862],[106.665451,11.106811],[106.667177,11.106882],[106.667177,11.106882]]]}},{"type":"Feature","properties":{"loai_qh":"Đất ở","mau":"#e74c3c"},"geometry":{"type":"Polygon","coordinates":[[[106.662312,11.126937],[106.662282,11.126939],[106.661944,11.12697],[106.66149,11.127055],[106.661385,11.127136],[106.661313,11.127236],[106.66131,11.127236],[106.661271,11.127254],[106.661261,11.127424],[106.661309,11.127797],[106.661332,11.128073],[106.656524,11.129499],[106.656056,11.129569],[106.656041,11.129569],[106.656001,11.12952],[106.656262,11.128358],[106.656269,11.128332],[106.656526,11.127464],[106.656532,11.127443],[106.656634,11.127152],[106.657335,11.125028],[106.657426,11.124753],[106.657507,11.124697],[106.657933,11.124709],[106.658311,11.124736],[106.659783,11.124902],[106.660188,11.124968],[106.661034,11.12503],[106.662228,11.125011],[106.662286,11.125066],[106.662312,11.126937]]]}},{"type":"Feature","properties":{"loai_qh":"Đất ở","mau":"#e74c3c"},"geometry":{"type":"Polygon","coordinates":[[[106.662523,11.121076],[106.66247,11.12114],[106.662219,11.121171],[106.662214,11.121121],[106.662302,11.121109],[106.66229,11.120979],[106.662351,11.120973],[106.662425,11.120967],[106.662514,11.120961],[106.662523,11.121076]]]}},{"type":"Feature","properties":{"loai_qh":"Đất ở","mau":"#e74c3c"},"geometry":{"type":"Polygon","coordinates":[[[106.661494,11.06048],[106.661523,11.060405],[106.662452,11.059996],[106.663501,11.059535],[106.663818,11.059492],[106.66382,11.059507],[106.663836,11.059648],[106.663852,11.059773],[106.66386,11.059844],[106.663879,11.059996],[106.663908,11.060234],[106.663913,11.060274],[106.663972,11.06078],[106.664014,11.06114],[106.66408,11.061707],[106.664079,11.06171],[106.664073,11.061801],[106.664069,11.061858],[106.664065,11.061927],[106.664063,11.061958],[106.664059,11.062011],[106.662227,11.062312],[106.661864,11.061301],[106.661494,11.06048]]]}},{"type":"Feature","properties":{"loai_qh":"Đất ở","mau":"#e74c3c"},"geometry":{"type":"Polygon","coordinates":[[[106.663836,11.063954],[106.663836,11.064139],[106.663835,11.064291],[106.663837,11.064925],[106.663594,11.064997],[106.663561,11.065295],[106.663676,11.066182],[106.663642,11.066265],[106.663581,11.066356],[106.663519,11.066449],[106.663467,11.066747],[106.662525,11.06684],[106.662525,11.066639],[106.662441,11.06547],[106.662438,11.065388],[106.662434,11.064709],[106.662442,11.063845],[106.662436,11.063195],[106.662403,11.0629],[106.664017,11.062635],[106.664008,11.062756],[106.664,11.062886],[106.664001,11.063012],[106.664006,11.063162],[106.664004,11.063344],[106.664004,11.063482],[106.663976,11.063484],[106.663832,11.063495],[106.663835,11.063768],[106.663836,11.063954]]]}},{"type":"Feature","properties":{"loai_qh":"Đất ở","mau":"#e74c3c"},"geometry":{"type":"Polygon","coordinates":[[[106.662231,11.063844],[106.662224,11.064568],[106.662166,11.064626],[106.660396,11.064671],[106.66038,11.064672],[106.660144,11.063272],[106.662195,11.062935],[106.662226,11.063197],[106.662231,11.063844]]]}},{"type":"Feature","properties":{"loai_qh":"Đất ở","mau":"#e74c3c"},"geometry":{"type":"Polygon","coordinates":[[[106.661226,11.060536],[106.661302,11.060564],[106.661672,11.061386],[106.662019,11.062345],[106.658428,11.062935],[106.658136,11.062313],[106.658165,11.062252],[106.658467,11.062175],[106.659539,11.061588],[106.659901,11.061249],[106.660497,11.060856],[106.661226,11.060536]]]}},{"type":"Feature","properties":{"loai_qh":"Đất ở","mau":"#e74c3c"},"geometry":{"type":"Polygon","coordinates":[[[106.665291,11.076452],[106.664016,11.077717],[106.663923,11.077699],[106.662836,11.075209],[106.662866,11.075134],[106.663357,11.074919],[106.663447,11.074871],[106.663606,11.074769],[106.663631,11.074821],[106.664022,11.075655],[106.665632,11.076073],[106.665291,11.076452]]]}},{"type":"Feature","properties":{"loai_qh":"Đất ở","mau":"#e74c3c"},"geometry":{"type":"Polygon","coordinates":[[[106.666236,11.075188],[106.665878,11.075734],[106.665791,11.075862],[106.664232,11.075529],[106.663822,11.074646],[106.664486,11.07436],[106.664756,11.074254],[106.664762,11.074252],[106.664729,11.07436],[106.664986,11.074494],[106.665602,11.074815],[106.665792,11.074927],[106.666236,11.075188]]]}},{"type":"Feature","properties":{"loai_qh":"Đất ở","mau":"#e74c3c"},"geometry":{"type":"Polygon","coordinates":[[[106.666333,11.07539],[106.66604,11.075837],[106.665988,11.075913],[106.666562,11.076062],[106.666552,11.076033],[106.666507,11.075897],[106.666443,11.075713],[106.666333,11.07539]]]}},{"type":"Feature","properties":{"loai_qh":"Đất ở","mau":"#e74c3c"},"geometry":{"type":"Polygon","coordinates":[[[106.658213,11.062971],[106.655776,11.063371],[106.655741,11.063309],[106.655772,11.06321],[106.657099,11.062525],[106.657848,11.062333],[106.657932,11.062372],[106.658213,11.062971]]]}},{"type":"Feature","properties":{"loai_qh":"Đất ở hỗn hợp","mau":"#e67e22"},"geometry":{"type":"Polygon","coordinates":[[[106.65294,11.063837],[106.652727,11.063872],[106.652203,11.063958],[106.65116,11.064129],[106.651166,11.064102],[106.651238,11.064099],[106.651242,11.064028],[106.651308,11.064027],[106.651353,11.063966],[106.651416,11.063923],[106.651462,11.063859],[106.651505,11.063813],[106.651571,11.063743],[106.651651,11.063756],[106.651729,11.063795],[106.651821,11.063796],[106.651948,11.063798],[106.651789,11.063318],[106.651668,11.06312],[106.65156,11.063198],[106.651542,11.063177],[106.651563,11.06316],[106.651632,11.063104],[106.651695,11.063059],[106.651663,11.062997],[106.651756,11.062943],[106.651728,11.062863],[106.651705,11.062798],[106.652068,11.062797],[106.652585,11.06273],[106.652653,11.062712],[106.652718,11.062751],[106.65294,11.063837]]]}},{"type":"Feature","properties":{"loai_qh":"Đất ở","mau":"#e74c3c"},"geometry":{"type":"Polygon","coordinates":[[[106.653941,11.059972],[106.653989,11.060078],[106.654039,11.060175],[106.654653,11.061307],[106.654764,11.061351],[106.656382,11.060807],[106.656419,11.060734],[106.656298,11.060358],[106.656251,11.060104],[106.655941,11.060132],[106.655389,11.060132],[106.65494,11.060124],[106.65493,11.060104],[106.654665,11.060072],[106.654536,11.060082],[106.654515,11.059996],[106.654254,11.060032],[106.654212,11.05994],[106.654148,11.059958],[106.654024,11.059997],[106.654003,11.059956],[106.653941,11.059972]]]}},{"type":"Feature","properties":{"loai_qh":"Đất ở","mau":"#e74c3c"},"geometry":{"type":"Polygon","coordinates":[[[106.663182,11.070596],[106.662797,11.070733],[106.662933,11.070269],[106.662948,11.070057],[106.662951,11.070063],[106.663182,11.070596]]]}},{"type":"Feature","properties":{"loai_qh":"Đất ở","mau":"#e74c3c"},"geometry":{"type":"Polygon","coordinates":[[[106.663525,11.074595],[106.663342,11.074712],[106.663279,11.074745],[106.662468,11.075101],[106.661989,11.075311],[106.661889,11.075273],[106.661157,11.073667],[106.661194,11.073568],[106.662718,11.072872],[106.663525,11.074595]]]}},{"type":"Feature","properties":{"loai_qh":"Đất ở","mau":"#e74c3c"},"geometry":{"type":"Polygon","coordinates":[[[106.660963,11.069127],[106.66014,11.069503],[106.660269,11.069795],[106.660448,11.070196],[106.660239,11.070244],[106.659822,11.07036],[106.659752,11.070383],[106.659729,11.070392],[106.659652,11.070362],[106.659594,11.070234],[106.659086,11.069268],[106.658895,11.068952],[106.659119,11.068857],[106.659109,11.068825],[106.659062,11.068704],[106.660601,11.068354],[106.660963,11.069127]]]}},{"type":"Feature","properties":{"loai_qh":"Đất ở","mau":"#e74c3c"},"geometry":{"type":"Polygon","coordinates":[[[106.661848,11.071016],[106.661483,11.071129],[106.661447,11.071139],[106.66115,11.071204],[106.660665,11.071301],[106.660619,11.071311],[106.660357,11.071384],[106.660219,11.071425],[106.660112,11.071377],[106.659812,11.070715],[106.659911,11.070684],[106.66,11.070655],[106.659941,11.070505],[106.660283,11.07041],[106.660671,11.07032],[106.660788,11.070281],[106.660856,11.070251],[106.660902,11.070228],[106.661248,11.07004],[106.661275,11.070027],[106.661365,11.069985],[106.661848,11.071016]]]}},{"type":"Feature","properties":{"loai_qh":"Đất ở","mau":"#e74c3c"},"geometry":{"type":"Polygon","coordinates":[[[106.6618,11.072936],[106.662588,11.072596],[106.662645,11.072716],[106.661123,11.073412],[106.661023,11.073375],[106.660261,11.071703],[106.660301,11.071617],[106.660416,11.071583],[106.660676,11.071512],[106.660707,11.071504],[106.661181,11.07141],[106.661296,11.071712],[106.661337,11.071703],[106.661393,11.071851],[106.661423,11.071946],[106.6614,11.071951],[106.66155,11.072327],[106.6618,11.072936]]]}},{"type":"Feature","properties":{"loai_qh":"Đất ở","mau":"#e74c3c"},"geometry":{"type":"Polygon","coordinates":[[[106.663808,11.072123],[106.66378,11.072197],[106.662869,11.072614],[106.662174,11.071131],[106.662681,11.070994],[106.66273,11.070978],[106.66313,11.070835],[106.66321,11.070868],[106.66329,11.071041],[106.663808,11.072123]]]}},{"type":"Feature","properties":{"loai_qh":"Đất ở","mau":"#e74c3c"},"geometry":{"type":"Polygon","coordinates":[[[106.664194,11.073007],[106.66438,11.073469],[106.664418,11.073556],[106.66464,11.074015],[106.664613,11.074091],[106.664407,11.074187],[106.663741,11.074474],[106.662942,11.07277],[106.663867,11.072347],[106.66394,11.07237],[106.664028,11.072559],[106.664194,11.073007]]]}},{"type":"Feature","properties":{"loai_qh":"Đất ở","mau":"#e74c3c"},"geometry":{"type":"Polygon","coordinates":[[[106.670117,11.07861],[106.669231,11.07894],[106.668476,11.079222],[106.66841,11.079247],[106.667979,11.079408],[106.667601,11.078407],[106.668501,11.078076],[106.668182,11.077229],[106.668967,11.07694],[106.669605,11.077105],[106.669615,11.077131],[106.669795,11.077655],[106.670117,11.07861]]]}},{"type":"Feature","properties":{"loai_qh":"Đất ở","mau":"#e74c3c"},"geometry":{"type":"Polygon","coordinates":[[[106.66972,11.084514],[106.669686,11.084583],[106.668488,11.084969],[106.668093,11.083911],[106.667193,11.084249],[106.666998,11.083732],[106.667032,11.08366],[106.669059,11.082926],[106.669133,11.08296],[106.66972,11.084514]]]}},{"type":"Feature","properties":{"loai_qh":"Đất ở","mau":"#e74c3c"},"geometry":{"type":"Polygon","coordinates":[[[106.665149,11.082276],[106.665124,11.082283],[106.665841,11.083827],[106.665946,11.08387],[106.666311,11.083738],[106.666078,11.083054],[106.666315,11.082976],[106.666546,11.083653],[106.666701,11.083597],[106.666735,11.083524],[106.666505,11.082916],[106.66597,11.081496],[106.665896,11.081462],[106.664972,11.081783],[106.664934,11.081874],[106.665022,11.082063],[106.66513,11.082035],[106.665125,11.082019],[106.66525,11.08198],[106.665324,11.081957],[106.665368,11.082217],[106.665149,11.082276],[106.665149,11.082276]]]}},{"type":"Feature","properties":{"loai_qh":"Đất ở","mau":"#e74c3c"},"geometry":{"type":"Polygon","coordinates":[[[106.667745,11.086837],[106.667382,11.088286],[106.667305,11.088348],[106.667217,11.088352],[106.666613,11.08834],[106.666549,11.088245],[106.666593,11.088098],[106.666649,11.087699],[106.666712,11.086511],[106.666898,11.086511],[106.666904,11.086114],[106.666711,11.086122],[106.667027,11.085783],[106.667471,11.08564],[106.667546,11.085676],[106.667702,11.086089],[106.667745,11.086837]]]}},{"type":"Feature","properties":{"loai_qh":"Đất ở","mau":"#e74c3c"},"geometry":{"type":"Polygon","coordinates":[[[106.665341,11.084052],[106.665306,11.084157],[106.663472,11.085152],[106.663395,11.08513],[106.662259,11.083016],[106.662284,11.082947],[106.662323,11.082932],[106.663698,11.082385],[106.663728,11.082373],[106.664035,11.083127],[106.664143,11.083391],[106.664385,11.083295],[106.664421,11.083115],[106.664368,11.082994],[106.664073,11.08231],[106.664046,11.082246],[106.66436,11.082121],[106.664463,11.082161],[106.665341,11.084052]]]}},{"type":"Feature","properties":{"loai_qh":"Đất ở","mau":"#e74c3c"},"geometry":{"type":"Polygon","coordinates":[[[106.666077,11.085719],[106.665928,11.085774],[106.665976,11.085993],[106.664669,11.087364],[106.664591,11.087354],[106.663531,11.085381],[106.663554,11.085304],[106.665381,11.084312],[106.665477,11.084344],[106.665959,11.08539],[106.666077,11.085719]]]}},{"type":"Feature","properties":{"loai_qh":"Đất ở","mau":"#e74c3c"},"geometry":{"type":"Polygon","coordinates":[[[106.663975,11.087144],[106.66423,11.087049],[106.664424,11.08741],[106.664474,11.08749],[106.664464,11.087566],[106.663331,11.088518],[106.663061,11.088745],[106.66301,11.088787],[106.66295,11.088774],[106.662379,11.087566],[106.662392,11.087562],[106.662505,11.087512],[106.662642,11.087489],[106.663497,11.087257],[106.663682,11.087249],[106.663687,11.087257],[106.663868,11.087181],[106.663975,11.087144]]]}},{"type":"Feature","properties":{"loai_qh":"Đất ở","mau":"#e74c3c"},"geometry":{"type":"Polygon","coordinates":[[[106.661973,11.089658],[106.661005,11.090439],[106.660622,11.090731],[106.660561,11.090715],[106.660318,11.090172],[106.660642,11.090228],[106.66065,11.090186],[106.660691,11.090192],[106.660731,11.089999],[106.660672,11.089988],[106.66065,11.089972],[106.660709,11.089775],[106.660246,11.089712],[106.660197,11.089897],[106.66022,11.089927],[106.660218,11.089948],[106.659439,11.088205],[106.659476,11.08815],[106.659534,11.088153],[106.659678,11.088153],[106.660783,11.088114],[106.660896,11.088114],[106.66157,11.088134],[106.661858,11.088121],[106.66227,11.088072],[106.662358,11.088121],[106.662742,11.088935],[106.662722,11.089029],[106.661973,11.089658]]]}},{"type":"Feature","properties":{"loai_qh":"Đất ở","mau":"#e74c3c"},"geometry":{"type":"Polygon","coordinates":[[[106.652885,11.086466],[106.652776,11.086637],[106.652733,11.08659],[106.652695,11.086522],[106.652705,11.086374],[106.652784,11.086175],[106.652712,11.086151],[106.652418,11.086016],[106.652377,11.085997],[106.652419,11.08586],[106.652437,11.08574],[106.652384,11.085592],[106.65237,11.085569],[106.653123,11.086042],[106.653138,11.086122],[106.652885,11.086466]]]}},{"type":"Feature","properties":{"loai_qh":"Đất ở","mau":"#e74c3c"},"geometry":{"type":"Polygon","coordinates":[[[106.660385,11.090838],[106.660361,11.09093],[106.660348,11.09094],[106.659923,11.091189],[106.659479,11.091383],[106.659451,11.091395],[106.659471,11.091273],[106.659289,11.091227],[106.659258,11.091197],[106.658986,11.091174],[106.658936,11.091483],[106.65842,11.091341],[106.65664,11.090385],[106.656604,11.090367],[106.656604,11.090304],[106.656545,11.090224],[106.656438,11.090112],[106.656383,11.090005],[106.65633,11.089892],[106.656257,11.089782],[106.656177,11.089671],[106.656135,11.089613],[106.655929,11.089311],[106.655837,11.089209],[106.655542,11.089074],[106.655373,11.088978],[106.65521,11.088899],[106.65495,11.088687],[106.654791,11.088561],[106.654666,11.088486],[106.654329,11.088227],[106.654072,11.087976],[106.6539,11.087775],[106.653749,11.087647],[106.653524,11.087431],[106.6531,11.086929],[106.653028,11.086869],[106.652966,11.086826],[106.653092,11.086615],[106.653364,11.086246],[106.653439,11.08623],[106.654737,11.086959],[106.654946,11.08706],[106.656491,11.087698],[106.656774,11.08779],[106.657834,11.088048],[106.658217,11.088101],[106.659115,11.088136],[106.659205,11.088197],[106.660385,11.090838]]]}},{"type":"Feature","properties":{"loai_qh":"Đất ở","mau":"#e74c3c"},"geometry":{"type":"Polygon","coordinates":[[[106.661386,11.092371],[106.661472,11.092483],[106.661438,11.092551],[106.661206,11.09252],[106.66027,11.09229],[106.660271,11.092275],[106.660277,11.092185],[106.660281,11.092122],[106.660284,11.092087],[106.660305,11.091944],[106.66032,11.091838],[106.660142,11.091785],[106.660165,11.091684],[106.660066,11.091668],[106.660003,11.091529],[106.660064,11.091503],[106.660537,11.091229],[106.660613,11.091241],[106.661386,11.092371]]]}},{"type":"Feature","properties":{"loai_qh":"Đất ở","mau":"#e74c3c"},"geometry":{"type":"Polygon","coordinates":[[[106.667402,11.095142],[106.667332,11.09552],[106.667306,11.095689],[106.667303,11.095707],[106.667248,11.095687],[106.667185,11.09559],[106.667211,11.095263],[106.667207,11.095124],[106.667203,11.0951],[106.667402,11.095142]]]}},{"type":"Feature","properties":{"loai_qh":"Đất ở","mau":"#e74c3c"},"geometry":{"type":"Polygon","coordinates":[[[106.660293,11.103566],[106.660925,11.103553],[106.660976,11.104114],[106.660923,11.104179],[106.659729,11.104347],[106.659432,11.104488],[106.659363,11.10364],[106.660293,11.103566]]]}},{"type":"Feature","properties":{"loai_qh":"Đất ở","mau":"#e74c3c"},"geometry":{"type":"Polygon","coordinates":[[[106.660769,11.100798],[106.660819,11.102371],[106.660851,11.102727],[106.66083,11.102727],[106.660228,11.10275],[106.660191,11.102752],[106.659294,11.102787],[106.659192,11.101653],[106.659189,11.101625],[106.659232,11.101626],[106.659639,11.101634],[106.659875,11.101639],[106.65988,11.101602],[106.659959,11.100978],[106.660094,11.1],[106.660154,11.099918],[106.660146,11.099867],[106.660192,11.099535],[106.660177,11.099444],[106.660133,11.099425],[106.659376,11.099376],[106.659358,11.099376],[106.659123,11.099381],[106.658899,11.099394],[106.658596,11.099379],[106.65842,11.099357],[106.658004,11.099327],[106.658085,11.098217],[106.658107,11.097902],[106.658192,11.097589],[106.658286,11.097191],[106.658676,11.097185],[106.659501,11.096999],[106.661077,11.096265],[106.661288,11.096167],[106.661351,11.096222],[106.660917,11.097464],[106.660848,11.097839],[106.660769,11.100798]]]}},{"type":"Feature","properties":{"loai_qh":"Đất ở hỗn hợp","mau":"#e67e22"},"geometry":{"type":"Polygon","coordinates":[[[106.661608,11.111133],[106.661556,11.111199],[106.659994,11.111427],[106.659932,11.11138],[106.659879,11.110862],[106.659821,11.110379],[106.659814,11.110297],[106.659809,11.110194],[106.659807,11.11015],[106.659802,11.109869],[106.659795,11.109751],[106.659763,11.109432],[106.659761,11.109401],[106.659756,11.109341],[106.660167,11.109286],[106.660174,11.109319],[106.660505,11.109242],[106.660368,11.108369],[106.660333,11.108145],[106.660333,11.108145],[106.660323,11.10808],[106.660321,11.10807],[106.660221,11.10736],[106.661198,11.107193],[106.661257,11.107238],[106.661608,11.111133]]]}},{"type":"Feature","properties":{"loai_qh":"Đất ở","mau":"#e74c3c"},"geometry":{"type":"Polygon","coordinates":[[[106.669068,11.118977],[106.669225,11.120102],[106.66928,11.12059],[106.669288,11.120683],[106.66924,11.120729],[106.667562,11.120528],[106.666763,11.120501],[106.666633,11.120507],[106.666593,11.120461],[106.667306,11.117349],[106.668188,11.117358],[106.668947,11.117366],[106.668947,11.117368],[106.668957,11.11751],[106.66899,11.118134],[106.669068,11.118977]]]}},{"type":"Feature","properties":{"loai_qh":"Đất ở","mau":"#e74c3c"},"geometry":{"type":"Polygon","coordinates":[[[106.669449,11.123757],[106.669432,11.124049],[106.669389,11.124502],[106.669327,11.124553],[106.66774,11.12454],[106.667734,11.124541],[106.667673,11.124483],[106.667742,11.122504],[106.669477,11.122718],[106.669476,11.122761],[106.669449,11.123757]]]}},{"type":"Feature","properties":{"loai_qh":"Đất ở","mau":"#e74c3c"},"geometry":{"type":"Polygon","coordinates":[[[106.668859,11.116436],[106.66861,11.116463],[106.66847,11.11648],[106.668195,11.116499],[106.667534,11.116544],[106.667489,11.116547],[106.667568,11.116202],[106.667644,11.116138],[106.668766,11.116066],[106.668829,11.116119],[106.668859,11.116436]]]}},{"type":"Feature","properties":{"loai_qh":"Đất ở","mau":"#e74c3c"},"geometry":{"type":"Polygon","coordinates":[[[106.667786,11.121225],[106.667799,11.120859],[106.667862,11.120805],[106.668237,11.12085],[106.668307,11.121302],[106.668291,11.121302],[106.668245,11.121301],[106.668237,11.121301],[106.668222,11.121301],[106.668222,11.121299],[106.668218,11.121274],[106.668149,11.121272],[106.668103,11.121271],[106.668058,11.12127],[106.668011,11.121269],[106.667966,11.121269],[106.667785,11.121263],[106.667786,11.121225]]]}},{"type":"Feature","properties":{"loai_qh":"Đất ở","mau":"#e74c3c"},"geometry":{"type":"Polygon","coordinates":[[[106.665878,11.122606],[106.665741,11.12304],[106.665691,11.123267],[106.665586,11.123823],[106.665586,11.123823],[106.665537,11.123818],[106.665255,11.123862],[106.665117,11.122501],[106.664943,11.120817],[106.665011,11.120729],[106.66505,11.120722],[106.66554,11.120707],[106.665966,11.120754],[106.666234,11.120766],[106.666291,11.120834],[106.665884,11.122578],[106.665878,11.122606]]]}},{"type":"Feature","properties":{"loai_qh":"Đất ở","mau":"#e74c3c"},"geometry":{"type":"Polygon","coordinates":[[[106.665414,11.124655],[106.665335,11.124651],[106.665312,11.124426],[106.665301,11.124311],[106.665322,11.124312],[106.665426,11.124304],[106.665487,11.124302],[106.665414,11.124655]]]}},{"type":"Feature","properties":{"loai_qh":"Đất ở","mau":"#e74c3c"},"geometry":{"type":"Polygon","coordinates":[[[106.669052,11.130293],[106.669034,11.130421],[106.66898,11.13046],[106.66863,11.130393],[106.668403,11.130395],[106.668232,11.130352],[106.668195,11.130345],[106.667857,11.130304],[106.667816,11.130554],[106.667674,11.130662],[106.667514,11.13083],[106.667283,11.130939],[106.666494,11.130997],[106.666454,11.130968],[106.666211,11.12997],[106.66605,11.129282],[106.665962,11.12891],[106.665804,11.128223],[106.665912,11.128101],[106.667651,11.128248],[106.668008,11.128536],[106.668019,11.128574],[106.668579,11.129062],[106.669224,11.129159],[106.669248,11.129192],[106.669052,11.130293]]]}},{"type":"Feature","properties":{"loai_qh":"Đất ở","mau":"#e74c3c"},"geometry":{"type":"Polygon","coordinates":[[[106.667454,11.127895],[106.667399,11.127945],[106.66609,11.127834],[106.666184,11.127575],[106.665935,11.12759],[106.665925,11.127565],[106.665663,11.127594],[106.665521,11.126646],[106.665456,11.125938],[106.665457,11.125914],[106.665616,11.125018],[106.665703,11.124943],[106.666552,11.124914],[106.666879,11.124881],[106.66739,11.124793],[106.667457,11.124848],[106.667454,11.127895]]]}},{"type":"Feature","properties":{"loai_qh":"Đất ở","mau":"#e74c3c"},"geometry":{"type":"Polygon","coordinates":[[[106.660902,11.080675],[106.660884,11.080776],[106.659753,11.081897],[106.659698,11.081888],[106.658353,11.079038],[106.659533,11.078517],[106.659386,11.078201],[106.659049,11.077458],[106.65893,11.077201],[106.658405,11.077436],[106.658243,11.0775],[106.658159,11.077539],[106.657737,11.077733],[106.657613,11.077471],[106.657641,11.077398],[106.657816,11.077321],[106.657886,11.077288],[106.65805,11.077205],[106.658304,11.077083],[106.658359,11.077058],[106.659033,11.076771],[106.65911,11.0768],[106.660902,11.080675]]]}},{"type":"Feature","properties":{"loai_qh":"Đất ở hỗn hợp","mau":"#e67e22"},"geometry":{"type":"Polygon","coordinates":[[[106.649971,11.077339],[106.64989,11.077377],[106.649537,11.077188],[106.648526,11.076617],[106.647623,11.07617],[106.647702,11.073461],[106.64809,11.073528],[106.65065,11.073793],[106.650699,11.073862],[106.650655,11.074052],[106.649971,11.077339]]]}},{"type":"Feature","properties":{"loai_qh":"Đất ở hỗn hợp","mau":"#e67e22"},"geometry":{"type":"Polygon","coordinates":[[[106.646613,11.072932],[106.645946,11.072183],[106.645894,11.072153],[106.645878,11.072141],[106.645665,11.072507],[106.645529,11.072823],[106.645461,11.072998],[106.64542,11.073104],[106.645354,11.073274],[106.645184,11.07373],[106.645049,11.074086],[106.644776,11.074832],[106.644684,11.075252],[106.644705,11.075279],[106.645917,11.075582],[106.646483,11.075743],[106.646557,11.075692],[106.646636,11.07298],[106.646613,11.072932]]]}},{"type":"Feature","properties":{"loai_qh":"Đất ở hỗn hợp","mau":"#e67e22"},"geometry":{"type":"Polygon","coordinates":[[[106.646471,11.078637],[106.646379,11.078673],[106.6454,11.077925],[106.645418,11.077892],[106.645248,11.077842],[106.645239,11.077838],[106.645591,11.076778],[106.645885,11.075836],[106.646506,11.076017],[106.646546,11.076073],[106.646471,11.078637]]]}},{"type":"Feature","properties":{"loai_qh":"Đất ở hỗn hợp","mau":"#e67e22"},"geometry":{"type":"Polygon","coordinates":[[[106.654943,11.083138],[106.655351,11.08405],[106.654829,11.084244],[106.654148,11.084757],[106.653869,11.085134],[106.653786,11.085143],[106.653263,11.084759],[106.652026,11.083975],[106.651043,11.08313],[106.649838,11.081741],[106.649509,11.081399],[106.649124,11.081037],[106.648865,11.080811],[106.648847,11.080745],[106.650051,11.077804],[106.650128,11.077774],[106.650672,11.078002],[106.652543,11.07872],[106.652546,11.078721],[106.653181,11.078964],[106.654398,11.078907],[106.654884,11.078666],[106.654957,11.078692],[106.655996,11.081017],[106.655846,11.08109],[106.655675,11.081167],[106.655479,11.081241],[106.655212,11.081314],[106.655159,11.081326],[106.655085,11.081352],[106.654835,11.081497],[106.654733,11.081549],[106.654568,11.08162],[106.654304,11.081707],[106.654943,11.083138]]]}},{"type":"Feature","properties":{"loai_qh":"Đất ở","mau":"#e74c3c"},"geometry":{"type":"Polygon","coordinates":[[[106.661526,11.075798],[106.66286,11.078711],[106.662836,11.078841],[106.662459,11.079215],[106.662365,11.079198],[106.660948,11.076041],[106.660977,11.075965],[106.661427,11.075761],[106.661526,11.075798]]]}},{"type":"Feature","properties":{"loai_qh":"Đất ở","mau":"#e74c3c"},"geometry":{"type":"Polygon","coordinates":[[[106.662419,11.096049],[106.662279,11.096029],[106.662168,11.096017],[106.662123,11.096011],[106.661938,11.095976],[106.661688,11.096013],[106.661635,11.09606],[106.66112,11.097533],[106.661063,11.097844],[106.661009,11.099867],[106.66108,11.099946],[106.662532,11.10008],[106.662624,11.099998],[106.662627,11.099532],[106.662647,11.098785],[106.662687,11.097929],[106.662735,11.097107],[106.662695,11.096835],[106.662731,11.096439],[106.662419,11.096049]]]}},{"type":"Feature","properties":{"loai_qh":"Đất ở","mau":"#e74c3c"},"geometry":{"type":"Polygon","coordinates":[[[106.665119,11.098649],[106.665202,11.099244],[106.665212,11.099278],[106.665288,11.099828],[106.665282,11.100058],[106.665207,11.10013],[106.663209,11.100114],[106.663118,11.100023],[106.663121,11.099535],[106.66314,11.098808],[106.663174,11.098109],[106.663256,11.09804],[106.663274,11.098043],[106.663717,11.098071],[106.663822,11.098071],[106.664167,11.098089],[106.664519,11.098124],[106.665057,11.098193],[106.665067,11.098195],[106.665129,11.098268],[106.665119,11.098649]]]}},{"type":"Feature","properties":{"loai_qh":"Đất ở","mau":"#e74c3c"},"geometry":{"type":"Polygon","coordinates":[[[106.665559,11.110598],[106.665493,11.11068],[106.664032,11.110893],[106.663933,11.110816],[106.663618,11.107458],[106.663756,11.107447],[106.663754,11.107277],[106.663752,11.10722],[106.663749,11.107132],[106.663588,11.107131],[106.663554,11.106775],[106.663637,11.10669],[106.664795,11.106756],[106.66482,11.106758],[106.665146,11.106771],[106.665216,11.106837],[106.665559,11.110598]]]}},{"type":"Feature","properties":{"loai_qh":"Đất ở","mau":"#e74c3c"},"geometry":{"type":"Polygon","coordinates":[[[106.663443,11.110884],[106.663361,11.110986],[106.661902,11.111178],[106.661822,11.111116],[106.661474,11.107249],[106.66154,11.107167],[106.662984,11.106971],[106.663084,11.107048],[106.663443,11.110884]]]}},{"type":"Feature","properties":{"loai_qh":"Đất ở","mau":"#e74c3c"},"geometry":{"type":"Polygon","coordinates":[[[106.663046,11.106643],[106.662963,11.106745],[106.66152,11.106942],[106.661441,11.10688],[106.661214,11.104358],[106.66128,11.104276],[106.662713,11.104075],[106.662812,11.104152],[106.663046,11.106643]]]}},{"type":"Feature","properties":{"loai_qh":"Đất ở","mau":"#e74c3c"},"geometry":{"type":"Polygon","coordinates":[[[106.665182,11.106449],[106.665106,11.106525],[106.66483,11.106514],[106.66481,11.106513],[106.663614,11.106444],[106.663514,11.106349],[106.663306,11.104124],[106.663389,11.104037],[106.66416,11.104056],[106.664189,11.105523],[106.665212,11.105575],[106.665205,11.105637],[106.665182,11.106449]]]}},{"type":"Feature","properties":{"loai_qh":"Đất ở","mau":"#e74c3c"},"geometry":{"type":"Polygon","coordinates":[[[106.662785,11.103855],[106.662702,11.103958],[106.661381,11.104143],[106.661362,11.103909],[106.661864,11.103881],[106.661849,11.103769],[106.662123,11.103754],[106.66219,11.103751],[106.662547,11.103735],[106.662772,11.103709],[106.662785,11.103855]]]}},{"type":"Feature","properties":{"loai_qh":"Đất ở","mau":"#e74c3c"},"geometry":{"type":"Polygon","coordinates":[[[106.664165,11.103758],[106.664156,11.103938],[106.663378,11.103919],[106.663278,11.103826],[106.663234,11.103337],[106.663559,11.103334],[106.663974,11.103302],[106.664023,11.103355],[106.664134,11.103462],[106.664187,11.103619],[106.664165,11.103758]]]}},{"type":"Feature","properties":{"loai_qh":"Đất ở","mau":"#e74c3c"},"geometry":{"type":"Polygon","coordinates":[[[106.664608,11.096489],[106.664591,11.096555],[106.664591,11.096555],[106.6645,11.096904],[106.664742,11.096983],[106.664761,11.096989],[106.664845,11.096668],[106.664876,11.096549],[106.665262,11.096635],[106.665314,11.096711],[106.665197,11.097397],[106.665135,11.098004],[106.66505,11.098073],[106.664531,11.098007],[106.664179,11.097972],[106.663823,11.097954],[106.663717,11.097953],[106.663288,11.097926],[106.663251,11.097921],[106.663187,11.097846],[106.663226,11.097169],[106.663315,11.096889],[106.663329,11.096743],[106.663849,11.096366],[106.664032,11.096406],[106.664303,11.096421],[106.664608,11.096489]]]}},{"type":"Feature","properties":{"loai_qh":"Đất ở","mau":"#e74c3c"},"geometry":{"type":"Polygon","coordinates":[[[106.664099,11.100958],[106.663895,11.100946],[106.663452,11.100921],[106.663257,11.100911],[106.663113,11.100903],[106.663116,11.100321],[106.663208,11.100232],[106.664111,11.100239],[106.664109,11.100377],[106.664099,11.100958]]]}},{"type":"Feature","properties":{"loai_qh":"Đất ở","mau":"#e74c3c"},"geometry":{"type":"Polygon","coordinates":[[[106.662667,11.102548],[106.662696,11.102875],[106.662136,11.102896],[106.662134,11.102832],[106.662107,11.102832],[106.661524,11.102839],[106.661414,11.102839],[106.661273,11.10284],[106.661264,11.102738],[106.661068,11.102745],[106.661033,11.102352],[106.660984,11.100804],[106.661002,11.10013],[106.661077,11.100064],[106.662531,11.100198],[106.662622,11.100297],[106.662614,11.101533],[106.662638,11.1021],[106.662667,11.102548]]]}},{"type":"Feature","properties":{"loai_qh":"Đất ở","mau":"#e74c3c"},"geometry":{"type":"Polygon","coordinates":[[[106.666542,11.088478],[106.666425,11.088563],[106.666311,11.088942],[106.665885,11.090084],[106.66578,11.090318],[106.665829,11.090431],[106.66687,11.0908],[106.666972,11.09076],[106.667025,11.090655],[106.667128,11.090011],[106.667096,11.089806],[106.667179,11.089158],[106.667263,11.088964],[106.66734,11.088688],[106.667358,11.088561],[106.667294,11.088493],[106.667224,11.088496],[106.666542,11.088478]]]}},{"type":"Feature","properties":{"loai_qh":"Đất ở","mau":"#e74c3c"},"geometry":{"type":"Polygon","coordinates":[[[106.665924,11.092136],[106.665618,11.092731],[106.665581,11.092923],[106.665455,11.092901],[106.665293,11.093208],[106.664928,11.093215],[106.664602,11.093127],[106.664561,11.093042],[106.665657,11.090591],[106.66578,11.090539],[106.666817,11.090906],[106.666853,11.090995],[106.666741,11.091213],[106.666562,11.091467],[106.665924,11.092136]]]}},{"type":"Feature","properties":{"loai_qh":"Cây xanh","mau":"#27ae60"},"geometry":{"type":"Polygon","coordinates":[[[106.661564,11.083842],[106.661494,11.083671],[106.661724,11.08358],[106.661811,11.083742],[106.661811,11.083742],[106.661564,11.083842]]]}},{"type":"Feature","properties":{"loai_qh":"Cây xanh","mau":"#27ae60"},"geometry":{"type":"Polygon","coordinates":[[[106.66436,11.083275],[106.664158,11.083356],[106.664061,11.083117],[106.664343,11.083005],[106.664392,11.083118],[106.66436,11.083275]]]}},{"type":"Feature","properties":{"loai_qh":"Cây xanh","mau":"#27ae60"},"geometry":{"type":"Polygon","coordinates":[[[106.662577,11.072551],[106.661825,11.072876],[106.661592,11.07231],[106.661462,11.071983],[106.661481,11.071978],[106.661436,11.071836],[106.661365,11.07165],[106.661324,11.071659],[106.661223,11.071391],[106.66149,11.071333],[106.661544,11.071319],[106.661911,11.071205],[106.661934,11.071198],[106.661942,11.071195],[106.662577,11.072551]]]}},{"type":"Feature","properties":{"loai_qh":"Cây xanh","mau":"#27ae60"},"geometry":{"type":"Polygon","coordinates":[[[106.660497,11.065334],[106.659643,11.065543],[106.65943,11.06509],[106.659463,11.065022],[106.660021,11.064885],[106.660372,11.064835],[106.660497,11.065334]]]}},{"type":"Feature","properties":{"loai_qh":"Cây xanh","mau":"#27ae60"},"geometry":{"type":"Polygon","coordinates":[[[106.660336,11.064683],[106.659983,11.064736],[106.659401,11.064879],[106.659311,11.064837],[106.658685,11.063502],[106.660098,11.06327],[106.660336,11.064683]]]}},{"type":"Feature","properties":{"loai_qh":"Cây xanh","mau":"#27ae60"},"geometry":{"type":"Polygon","coordinates":[[[106.668447,11.084992],[106.66763,11.085255],[106.667549,11.085216],[106.667201,11.084294],[106.668066,11.08397],[106.668447,11.084992]]]}},{"type":"Feature","properties":{"loai_qh":"Cây xanh","mau":"#27ae60"},"geometry":{"type":"Polygon","coordinates":[[[106.646701,11.071057],[106.646696,11.071224],[106.64663,11.071168],[106.646543,11.071043],[106.646453,11.070796],[106.646274,11.070305],[106.646297,11.070289],[106.646408,11.070575],[106.646411,11.070577],[106.646686,11.071015],[106.646701,11.071057]]]}},{"type":"Feature","properties":{"loai_qh":"Cây xanh","mau":"#27ae60"},"geometry":{"type":"Polygon","coordinates":[[[106.66711,11.117301],[106.666333,11.117293],[106.666272,11.117231],[106.666284,11.116666],[106.667269,11.116605],[106.66711,11.117301]]]}},{"type":"Feature","properties":{"loai_qh":"Cây xanh","mau":"#27ae60"},"geometry":{"type":"Polygon","coordinates":[[[106.668384,11.121733],[106.667762,11.121659],[106.667774,11.121308],[106.667965,11.121314],[106.668011,11.121314],[106.66809,11.121316],[106.668148,11.121317],[106.668178,11.121318],[106.668182,11.121345],[106.668237,11.121346],[106.66836,11.121348],[106.668283,11.120847],[106.669258,11.120963],[106.669328,11.121034],[106.669366,11.121468],[106.669392,11.121687],[106.669417,11.121856],[106.668384,11.121733]]]}},{"type":"Feature","properties":{"loai_qh":"Cây xanh","mau":"#27ae60"},"geometry":{"type":"Polygon","coordinates":[[[106.667865,11.130541],[106.667954,11.130512],[106.668326,11.130423],[106.668222,11.130396],[106.668187,11.130389],[106.667895,11.130354],[106.667865,11.130541]]]}},{"type":"Feature","properties":{"loai_qh":"Cây xanh","mau":"#27ae60"},"geometry":{"type":"Polygon","coordinates":[[[106.675347,11.12804],[106.67545,11.128015],[106.675662,11.127967],[106.676599,11.127262],[106.676447,11.127277],[106.676095,11.12728],[106.676086,11.127282],[106.67602,11.127292],[106.675683,11.127359],[106.675686,11.12766],[106.675661,11.127675],[106.675559,11.127782],[106.675493,11.127927],[106.675356,11.127886],[106.675356,11.127901],[106.675347,11.12804]]]}},{"type":"Feature","properties":{"loai_qh":"Cây xanh","mau":"#27ae60"},"geometry":{"type":"Polygon","coordinates":[[[106.668646,11.090717],[106.669011,11.090828],[106.66882,11.091309],[106.668736,11.091349],[106.668457,11.091265],[106.668646,11.090717]]]}},{"type":"Feature","properties":{"loai_qh":"Cây xanh","mau":"#27ae60"},"geometry":{"type":"Polygon","coordinates":[[[106.6654,11.101803],[106.663979,11.101832],[106.663948,11.101519],[106.663952,11.101519],[106.663935,11.101344],[106.663914,11.100965],[106.664117,11.100977],[106.664127,11.100377],[106.664129,11.100257],[106.665194,11.100265],[106.665264,11.100328],[106.6654,11.101803]]]}},{"type":"Feature","properties":{"loai_qh":"Cây xanh","mau":"#27ae60"},"geometry":{"type":"Polygon","coordinates":[[[106.660505,11.095986],[106.660527,11.095993],[106.660674,11.095561],[106.660434,11.095605],[106.660319,11.09592],[106.660505,11.095986]]]}},{"type":"Feature","properties":{"loai_qh":"Cây xanh","mau":"#27ae60"},"geometry":{"type":"Polygon","coordinates":[[[106.659707,11.092039],[106.659801,11.092042],[106.659806,11.0921],[106.659722,11.092058],[106.659465,11.091923],[106.65948,11.091741],[106.659616,11.091689],[106.659728,11.09164],[106.659707,11.092039]]]}},{"type":"Feature","properties":{"loai_qh":"Cây xanh","mau":"#27ae60"},"geometry":{"type":"Polygon","coordinates":[[[106.666506,11.083677],[106.666286,11.083033],[106.666136,11.083083],[106.666357,11.083731],[106.666506,11.083677]]]}},{"type":"Feature","properties":{"loai_qh":"Cây xanh","mau":"#27ae60"},"geometry":{"type":"Polygon","coordinates":[[[106.666317,11.07691],[106.666681,11.076777],[106.666638,11.076662],[106.666617,11.076607],[106.666253,11.076744],[106.666283,11.076823],[106.666317,11.07691]]]}},{"type":"Feature","properties":{"loai_qh":"Cây xanh","mau":"#27ae60"},"geometry":{"type":"Polygon","coordinates":[[[106.660255,11.090055],[106.660285,11.090121],[106.660606,11.090176],[106.660614,11.090135],[106.660655,11.090141],[106.660677,11.090035],[106.660653,11.090031],[106.660597,11.089989],[106.66065,11.089813],[106.66028,11.089763],[106.660247,11.089888],[106.660267,11.089913],[106.660255,11.090055]]]}},{"type":"Feature","properties":{"loai_qh":"Cây xanh","mau":"#27ae60"},"geometry":{"type":"Polygon","coordinates":[[[106.646656,11.072577],[106.646555,11.072618],[106.646053,11.071968],[106.646366,11.071825],[106.646633,11.071699],[106.646679,11.071804],[106.646656,11.072577]]]}},{"type":"Feature","properties":{"loai_qh":"Cây xanh","mau":"#27ae60"},"geometry":{"type":"Polygon","coordinates":[[[106.661343,11.10391],[106.661362,11.104127],[106.661274,11.104139],[106.661208,11.104087],[106.661088,11.102763],[106.661248,11.102756],[106.661256,11.102858],[106.661397,11.102857],[106.66142,11.103129],[106.661434,11.103306],[106.661294,11.103311],[106.661343,11.10391]]]}},{"type":"Feature","properties":{"loai_qh":"Cây xanh","mau":"#27ae60"},"geometry":{"type":"Polygon","coordinates":[[[106.646716,11.070516],[106.646605,11.07054],[106.646552,11.070415],[106.646459,11.070177],[106.646732,11.06999],[106.646716,11.070516]]]}},{"type":"Feature","properties":{"loai_qh":"Cây xanh","mau":"#27ae60"},"geometry":{"type":"Polygon","coordinates":[[[106.663852,11.087139],[106.6637,11.087203],[106.66349,11.087212],[106.662632,11.087445],[106.662492,11.087469],[106.662376,11.08752],[106.66235,11.087527],[106.662349,11.087525],[106.661783,11.086325],[106.661812,11.086239],[106.662522,11.085853],[106.66283,11.086407],[106.66374,11.086118],[106.664217,11.087006],[106.66396,11.087102],[106.663852,11.087139]]]}},{"type":"Feature","properties":{"loai_qh":"Cây xanh","mau":"#27ae60"},"geometry":{"type":"Polygon","coordinates":[[[106.687119,11.119266],[106.686981,11.119994],[106.685744,11.119765],[106.684844,11.119599],[106.684408,11.119518],[106.684546,11.118791],[106.684561,11.118715],[106.684641,11.118311],[106.687214,11.118786],[106.68713,11.119213],[106.687119,11.119266]]]}},{"type":"Feature","properties":{"loai_qh":"Cây xanh","mau":"#27ae60"},"geometry":{"type":"Polygon","coordinates":[[[106.654366,11.081734],[106.654584,11.081662],[106.654752,11.081589],[106.654857,11.081537],[106.655104,11.081393],[106.655172,11.081369],[106.655223,11.081358],[106.655494,11.081284],[106.655692,11.081208],[106.655866,11.081131],[106.656023,11.081055],[106.656615,11.082378],[106.654977,11.083103],[106.654366,11.081734]]]}},{"type":"Feature","properties":{"loai_qh":"Cây xanh","mau":"#27ae60"},"geometry":{"type":"Polygon","coordinates":[[[106.667267,11.077372],[106.667187,11.077336],[106.667003,11.076848],[106.667657,11.07659],[106.668675,11.076854],[106.667267,11.077372]]]}},{"type":"Feature","properties":{"loai_qh":"Cây xanh","mau":"#27ae60"},"geometry":{"type":"Polygon","coordinates":[[[106.669426,11.076578],[106.669047,11.076717],[106.668014,11.076449],[106.668155,11.076393],[106.668421,11.076289],[106.668431,11.076322],[106.669201,11.075999],[106.669216,11.075993],[106.669321,11.076287],[106.669426,11.076578]]]}},{"type":"Feature","properties":{"loai_qh":"Cây xanh","mau":"#27ae60"},"geometry":{"type":"Polygon","coordinates":[[[106.66952,11.07684],[106.669339,11.076793],[106.669484,11.07674],[106.66952,11.07684]]]}},{"type":"Feature","properties":{"loai_qh":"Cây xanh","mau":"#27ae60"},"geometry":{"type":"Polygon","coordinates":[[[106.66093,11.103507],[106.660291,11.103521],[106.65935,11.103595],[106.659289,11.102833],[106.660193,11.102798],[106.66023,11.102795],[106.660832,11.102773],[106.660864,11.102771],[106.66093,11.103507]]]}},{"type":"Feature","properties":{"loai_qh":"Cây xanh","mau":"#27ae60"},"geometry":{"type":"Polygon","coordinates":[[[106.660453,11.109208],[106.660209,11.109264],[106.660204,11.109236],[106.659744,11.109297],[106.65973,11.109119],[106.659729,11.109103],[106.659672,11.108448],[106.660326,11.108393],[106.660453,11.109208]]]}},{"type":"Feature","properties":{"loai_qh":"Cây xanh","mau":"#27ae60"},"geometry":{"type":"Polygon","coordinates":[[[106.662332,11.127738],[106.662287,11.127799],[106.661377,11.128069],[106.661355,11.127793],[106.661307,11.127422],[106.661316,11.127284],[106.661327,11.127279],[106.661341,11.127274],[106.661419,11.127168],[106.661509,11.127098],[106.66195,11.127015],[106.662286,11.126984],[106.662321,11.126982],[106.662332,11.127738]]]}},{"type":"Feature","properties":{"loai_qh":"Cây xanh","mau":"#27ae60"},"geometry":{"type":"Polygon","coordinates":[[[106.672003,11.111018],[106.670776,11.1112],[106.670451,11.109134],[106.670512,11.109125],[106.670761,11.109094],[106.671244,11.109018],[106.671786,11.108949],[106.672003,11.111018]]]}},{"type":"Feature","properties":{"loai_qh":"Cây xanh","mau":"#27ae60"},"geometry":{"type":"Polygon","coordinates":[[[106.664449,11.084264],[106.664427,11.084353],[106.664209,11.084322],[106.664239,11.0841],[106.664437,11.084022],[106.664385,11.083895],[106.664483,11.083879],[106.664493,11.083905],[106.664498,11.083917],[106.664476,11.084106],[106.664449,11.084264]]]}},{"type":"Feature","properties":{"loai_qh":"Cây xanh","mau":"#27ae60"},"geometry":{"type":"Polygon","coordinates":[[[106.674087,11.11738],[106.67368,11.117436],[106.673658,11.117464],[106.673741,11.118059],[106.67377,11.11808],[106.674018,11.118047],[106.674054,11.118005],[106.674094,11.117593],[106.674126,11.11742],[106.674087,11.11738]]]}},{"type":"Feature","properties":{"loai_qh":"Cây xanh","mau":"#27ae60"},"geometry":{"type":"Polygon","coordinates":[[[106.67305,11.120181],[106.672522,11.120291],[106.672502,11.120321],[106.672529,11.120447],[106.672571,11.120474],[106.672609,11.120467],[106.672898,11.12043],[106.673075,11.120421],[106.673104,11.120386],[106.673078,11.1202],[106.67305,11.120181]]]}},{"type":"Feature","properties":{"loai_qh":"Cây xanh","mau":"#27ae60"},"geometry":{"type":"Polygon","coordinates":[[[106.670908,11.118664],[106.670823,11.118682],[106.670735,11.118691],[106.670621,11.118311],[106.670612,11.118282],[106.670653,11.118272],[106.670798,11.118236],[106.670831,11.118392],[106.670849,11.118388],[106.670908,11.118664]]]}},{"type":"Feature","properties":{"loai_qh":"Cây xanh","mau":"#27ae60"},"geometry":{"type":"Polygon","coordinates":[[[106.66539,11.125323],[106.665362,11.125025],[106.665435,11.124944],[106.665457,11.124943],[106.66539,11.125323]]]}},{"type":"Feature","properties":{"loai_qh":"Cây xanh","mau":"#27ae60"},"geometry":{"type":"Polygon","coordinates":[[[106.647048,11.071723],[106.646923,11.071587],[106.646929,11.07138],[106.647026,11.071334],[106.648844,11.071587],[106.649539,11.071331],[106.651399,11.071335],[106.651601,11.072089],[106.651554,11.072148],[106.651506,11.072194],[106.651526,11.072183],[106.650796,11.073559],[106.65073,11.073601],[106.648111,11.07333],[106.646915,11.072904],[106.646887,11.07285],[106.646911,11.072],[106.646925,11.072008],[106.647023,11.072052],[106.647417,11.072452],[106.647986,11.07287],[106.648615,11.072794],[106.648709,11.072797],[106.649101,11.072851],[106.649383,11.072944],[106.650915,11.072177],[106.650719,11.071561],[106.650314,11.071379],[106.650126,11.071363],[106.649756,11.07144],[106.648773,11.071969],[106.648658,11.072003],[106.648527,11.072016],[106.648435,11.072011],[106.648042,11.07193],[106.647177,11.071776],[106.64708,11.071741],[106.647048,11.071723]]]}},{"type":"Feature","properties":{"loai_qh":"Giáo dục","mau":"#5dade2"},"geometry":{"type":"Polygon","coordinates":[[[106.663543,11.095412],[106.663598,11.095255],[106.66362,11.095121],[106.663684,11.095136],[106.663971,11.09521],[106.66402,11.095042],[106.66402,11.09504],[106.664034,11.095045],[106.664099,11.095068],[106.664218,11.095106],[106.664186,11.09529],[106.664254,11.095309],[106.664231,11.095406],[106.664228,11.095418],[106.664205,11.095528],[106.664062,11.095554],[106.663543,11.095412]]]}},{"type":"Feature","properties":{"loai_qh":"Giáo dục","mau":"#5dade2"},"geometry":{"type":"Polygon","coordinates":[[[106.662772,11.103709],[106.662696,11.102875],[106.662136,11.102896],[106.662134,11.102832],[106.662107,11.102832],[106.661524,11.102839],[106.661414,11.102839],[106.661438,11.103128],[106.661454,11.103323],[106.661313,11.103328],[106.661362,11.103909],[106.661864,11.103881],[106.661849,11.103769],[106.662123,11.103754],[106.66219,11.103751],[106.662547,11.103735],[106.662772,11.103709]]]}},{"type":"Feature","properties":{"loai_qh":"Giáo dục","mau":"#5dade2"},"geometry":{"type":"Polygon","coordinates":[[[106.663144,11.102307],[106.663159,11.102505],[106.663234,11.103337],[106.663559,11.103334],[106.663974,11.103302],[106.663959,11.102923],[106.664154,11.102886],[106.664217,11.102645],[106.664272,11.102642],[106.664272,11.102641],[106.664258,11.102198],[106.663992,11.102202],[106.663992,11.102202],[106.663994,11.102287],[106.663994,11.102287],[106.663994,11.102287],[106.663144,11.102307]]]}},{"type":"Feature","properties":{"loai_qh":"Giáo dục","mau":"#5dade2"},"geometry":{"type":"Polygon","coordinates":[[[106.647596,11.075523],[106.646809,11.075501],[106.646838,11.074534],[106.647624,11.074556],[106.647596,11.075523]]]}},{"type":"Feature","properties":{"loai_qh":"Giáo dục","mau":"#5dade2"},"geometry":{"type":"Polygon","coordinates":[[[106.647625,11.07452],[106.646839,11.074498],[106.646876,11.07321],[106.646968,11.07316],[106.647657,11.07344],[106.647625,11.07452]]]}},{"type":"Feature","properties":{"loai_qh":"Giáo dục","mau":"#5dade2"},"geometry":{"type":"Polygon","coordinates":[[[106.663723,11.086085],[106.662847,11.086364],[106.662554,11.085836],[106.6633,11.085431],[106.663384,11.085456],[106.663723,11.086085]]]}},{"type":"Feature","properties":{"loai_qh":"Giáo dục","mau":"#5dade2"},"geometry":{"type":"Polygon","coordinates":[[[106.665462,11.103301],[106.665392,11.103889],[106.665321,11.103949],[106.664175,11.103921],[106.664184,11.103759],[106.664206,11.103617],[106.66415,11.103452],[106.664036,11.103342],[106.663992,11.103295],[106.663978,11.102938],[106.664155,11.102904],[106.665485,11.102937],[106.665462,11.103301]]]}},{"type":"Feature","properties":{"loai_qh":"Giáo dục","mau":"#5dade2"},"geometry":{"type":"Polygon","coordinates":[[[106.669487,11.122674],[106.667734,11.122458],[106.667761,11.121695],[106.668379,11.121769],[106.669423,11.121893],[106.669439,11.122004],[106.669487,11.122674]]]}},{"type":"Feature","properties":{"loai_qh":"Giáo dục","mau":"#5dade2"},"geometry":{"type":"Polygon","coordinates":[[[106.67219,11.119806],[106.672835,11.119671],[106.672738,11.119217],[106.672213,11.119329],[106.672172,11.119337],[106.672127,11.119347],[106.672073,11.119358],[106.671969,11.11938],[106.67206,11.119807],[106.672091,11.119826],[106.67219,11.119806]]]}},{"type":"Feature","properties":{"loai_qh":"Giáo dục","mau":"#5dade2"},"geometry":{"type":"Polygon","coordinates":[[[106.6614,11.083489],[106.661202,11.083567],[106.661337,11.083914],[106.66154,11.083832],[106.6614,11.083489]]]}},{"type":"Feature","properties":{"loai_qh":"Giáo dục","mau":"#5dade2"},"geometry":{"type":"Polygon","coordinates":[[[106.668952,11.117321],[106.668189,11.117313],[106.667307,11.117304],[106.667469,11.116593],[106.667537,11.116589],[106.668198,11.116544],[106.668475,11.116525],[106.668616,11.116508],[106.668872,11.11648],[106.668952,11.117321]]]}},{"type":"Feature","properties":{"loai_qh":"Giáo dục","mau":"#5dade2"},"geometry":{"type":"Polygon","coordinates":[[[106.659344,11.078219],[106.659472,11.078495],[106.658325,11.079001],[106.657748,11.077778],[106.658179,11.07758],[106.658261,11.077541],[106.658422,11.077477],[106.658907,11.077261],[106.659007,11.077476],[106.659344,11.078219]]]}},{"type":"Feature","properties":{"loai_qh":"Giáo dục","mau":"#5dade2"},"geometry":{"type":"Polygon","coordinates":[[[106.663408,11.127561],[106.663309,11.127564],[106.662807,11.127645],[106.662634,11.127696],[106.662555,11.127638],[106.662545,11.126922],[106.662586,11.126919],[106.662771,11.126907],[106.662883,11.126901],[106.662883,11.1269],[106.66313,11.126931],[106.66313,11.12697],[106.663165,11.126971],[106.663169,11.127024],[106.663293,11.127041],[106.663359,11.127049],[106.663358,11.127147],[106.663368,11.127185],[106.663408,11.127561]]]}},{"type":"Feature","properties":{"loai_qh":"Giáo dục","mau":"#5dade2"},"geometry":{"type":"Polygon","coordinates":[[[106.685557,11.12065],[106.684693,11.120491],[106.684855,11.119638],[106.685719,11.119797],[106.685557,11.12065]]]}},{"type":"Feature","properties":{"loai_qh":"Giáo dục","mau":"#5dade2"},"geometry":{"type":"Polygon","coordinates":[[[106.685419,11.121378],[106.684098,11.121151],[106.684233,11.120442],[106.68555,11.120686],[106.685419,11.121378]]]}},{"type":"Feature","properties":{"loai_qh":"Giáo dục","mau":"#5dade2"},"geometry":{"type":"Polygon","coordinates":[[[106.686678,11.121595],[106.685455,11.121385],[106.68559,11.120675],[106.685755,11.119804],[106.686974,11.12003],[106.686678,11.121595]]]}},{"type":"Feature","properties":{"loai_qh":"Giáo dục","mau":"#5dade2"},"geometry":{"type":"Polygon","coordinates":[[[106.657014,11.083273],[106.656982,11.083355],[106.656154,11.083721],[106.655744,11.082803],[106.656629,11.082411],[106.657014,11.083273]]]}},{"type":"Feature","properties":{"loai_qh":"Giáo dục","mau":"#5dade2"},"geometry":{"type":"Polygon","coordinates":[[[106.656121,11.083736],[106.655676,11.083933],[106.65553,11.083992],[106.655397,11.084042],[106.654992,11.083136],[106.655711,11.082818],[106.656121,11.083736]]]}},{"type":"Feature","properties":{"loai_qh":"Giáo dục","mau":"#5dade2"},"geometry":{"type":"Polygon","coordinates":[[[106.669835,11.111344],[106.669474,11.111399],[106.669487,11.111514],[106.668618,11.111654],[106.668974,11.110156],[106.669633,11.110057],[106.669835,11.111344]]]}},{"type":"Feature","properties":{"loai_qh":"Giáo dục","mau":"#5dade2"},"geometry":{"type":"Polygon","coordinates":[[[106.660276,11.108076],[106.660277,11.108087],[106.660295,11.108195],[106.66032,11.108357],[106.659669,11.108412],[106.659646,11.108147],[106.65962,11.107815],[106.65959,11.107522],[106.659646,11.107449],[106.660175,11.107359],[106.660276,11.108076]]]}},{"type":"Feature","properties":{"loai_qh":"Giáo dục","mau":"#5dade2"},"geometry":{"type":"Polygon","coordinates":[[[106.67074,11.111205],[106.670589,11.111228],[106.670487,11.111244],[106.669871,11.111338],[106.669669,11.110051],[106.670538,11.10992],[106.67074,11.111205]]]}},{"type":"Feature","properties":{"loai_qh":"Giáo dục","mau":"#5dade2"},"geometry":{"type":"Polygon","coordinates":[[[106.670532,11.109884],[106.669663,11.110015],[106.669547,11.109279],[106.670075,11.109189],[106.670415,11.109139],[106.670532,11.109884]]]}},{"type":"Feature","properties":{"loai_qh":"Giáo dục","mau":"#5dade2"},"geometry":{"type":"Polygon","coordinates":[[[106.668443,11.078049],[106.667576,11.078368],[106.667291,11.077613],[106.667328,11.077533],[106.668136,11.077236],[106.668443,11.078049]]]}},{"type":"Feature","properties":{"loai_qh":"Giáo dục","mau":"#5dade2"},"geometry":{"type":"Polygon","coordinates":[[[106.661304,11.069834],[106.661205,11.06988],[106.661169,11.069898],[106.660822,11.070086],[106.660789,11.070103],[106.66072,11.070133],[106.660634,11.070162],[106.660497,11.070194],[106.660311,11.069776],[106.6602,11.069525],[106.66099,11.069164],[106.661304,11.069834]]]}},{"type":"Feature","properties":{"loai_qh":"Giáo dục","mau":"#5dade2"},"geometry":{"type":"Polygon","coordinates":[[[106.662888,11.070261],[106.662741,11.070763],[106.662661,11.070791],[106.662627,11.070802],[106.662247,11.070905],[106.662233,11.070909],[106.662144,11.070868],[106.661515,11.06953],[106.661874,11.069421],[106.662172,11.069346],[106.662281,11.069318],[106.662632,11.069264],[106.662702,11.070034],[106.662702,11.070056],[106.662763,11.07004],[106.662906,11.070003],[106.662888,11.070261]]]}},{"type":"Feature","properties":{"loai_qh":"Giáo dục","mau":"#5dade2"},"geometry":{"type":"Polygon","coordinates":[[[106.660692,11.06611],[106.65999,11.066281],[106.659659,11.065577],[106.660506,11.065369],[106.660692,11.06611]]]}},{"type":"Feature","properties":{"loai_qh":"Giáo dục","mau":"#5dade2"},"geometry":{"type":"Polygon","coordinates":[[[106.657437,11.064797],[106.657439,11.064802],[106.657445,11.0648],[106.65764,11.06474],[106.657584,11.064551],[106.657893,11.064462],[106.657775,11.06377],[106.657403,11.063835],[106.657223,11.063911],[106.657154,11.063941],[106.657172,11.064049],[106.656961,11.064122],[106.656761,11.064196],[106.656625,11.064244],[106.656678,11.064381],[106.656658,11.064387],[106.656379,11.064479],[106.656405,11.064527],[106.656697,11.064432],[106.656703,11.064448],[106.65672,11.064489],[106.65672,11.06449],[106.656742,11.064542],[106.656742,11.064542],[106.656807,11.0647],[106.656909,11.064953],[106.657437,11.064797]]]}},{"type":"Feature","properties":{"loai_qh":"Cây xanh","mau":"#27ae60"},"geometry":{"type":"Polygon","coordinates":[[[106.646382,11.078993],[106.646379,11.079001],[106.646338,11.078975],[106.646075,11.078816],[106.645913,11.078684],[106.64585,11.078615],[106.645809,11.078554],[106.645444,11.078212],[106.645351,11.078159],[106.645283,11.078123],[106.645306,11.07808],[106.646371,11.078926],[106.646382,11.078993]]]}},{"type":"Feature","properties":{"loai_qh":"Cây xanh","mau":"#27ae60"},"geometry":{"type":"Polygon","coordinates":[[[106.65341,11.085525],[106.653488,11.085595],[106.653517,11.085625],[106.653325,11.085886],[106.653241,11.085901],[106.6523,11.085311],[106.652018,11.085119],[106.652092,11.084965],[106.652161,11.08479],[106.652168,11.084748],[106.652233,11.084774],[106.65269,11.084984],[106.653036,11.085234],[106.65341,11.085525]]]}},{"type":"Feature","properties":{"loai_qh":"Cây xanh","mau":"#27ae60"},"geometry":{"type":"Polygon","coordinates":[[[106.652602,11.084555],[106.652383,11.084454],[106.652169,11.084382],[106.652006,11.084345],[106.651836,11.084228],[106.651736,11.084078],[106.651667,11.083963],[106.651652,11.083939],[106.651927,11.084127],[106.652602,11.084555]]]}},{"type":"Feature","properties":{"loai_qh":"Cây xanh","mau":"#27ae60"},"geometry":{"type":"Polygon","coordinates":[[[106.659138,11.087555],[106.65918,11.087471],[106.65969,11.087292],[106.660769,11.086793],[106.661301,11.086526],[106.661497,11.08642],[106.661577,11.086445],[106.662236,11.08784],[106.662203,11.087898],[106.661837,11.087942],[106.661575,11.087953],[106.660901,11.087933],[106.660776,11.087934],[106.659672,11.087972],[106.659541,11.087972],[106.659388,11.087966],[106.659365,11.087951],[106.659587,11.087924],[106.660259,11.087773],[106.660936,11.087849],[106.661285,11.087824],[106.661436,11.087668],[106.661525,11.08757],[106.661346,11.086827],[106.660933,11.086941],[106.660779,11.087133],[106.660682,11.087242],[106.660501,11.087298],[106.660235,11.087399],[106.660124,11.087442],[106.659508,11.08758],[106.659306,11.087597],[106.659154,11.087589],[106.659138,11.087555]]]}},{"type":"Feature","properties":{"loai_qh":"Cây xanh","mau":"#27ae60"},"geometry":{"type":"Polygon","coordinates":[[[106.659063,11.087938],[106.659053,11.087953],[106.658225,11.08792],[106.657877,11.087872],[106.656817,11.087614],[106.656561,11.087531],[106.655016,11.086893],[106.654827,11.086802],[106.653556,11.086088],[106.653536,11.085998],[106.653684,11.085798],[106.654039,11.086167],[106.654342,11.08645],[106.654835,11.086714],[106.655164,11.086793],[106.65537,11.086876],[106.656068,11.087291],[106.656417,11.087424],[106.656905,11.087521],[106.656995,11.087545],[106.657875,11.087836],[106.658165,11.087891],[106.659063,11.087938]]]}},{"type":"Feature","properties":{"loai_qh":"Cây xanh","mau":"#27ae60"},"geometry":{"type":"Polygon","coordinates":[[[106.657066,11.087197],[106.656975,11.087175],[106.656487,11.087079],[106.656252,11.086989],[106.655555,11.086574],[106.655248,11.08645],[106.654919,11.086371],[106.654587,11.086193],[106.654291,11.085917],[106.653934,11.085546],[106.653958,11.085544],[106.654018,11.085599],[106.655337,11.086453],[106.657066,11.087197]]]}},{"type":"Feature","properties":{"loai_qh":"Cây xanh","mau":"#27ae60"},"geometry":{"type":"Polygon","coordinates":[[[106.646837,11.079441],[106.646891,11.0795],[106.64768,11.080194],[106.648193,11.080551],[106.647932,11.080412],[106.647875,11.080379],[106.647254,11.079975],[106.647029,11.079745],[106.646886,11.079513],[106.646837,11.079441]]]}},{"type":"Feature","properties":{"loai_qh":"Cây xanh","mau":"#27ae60"},"geometry":{"type":"Polygon","coordinates":[[[106.648717,11.081031],[106.648814,11.081006],[106.648998,11.081168],[106.649383,11.08153],[106.649699,11.081859],[106.649832,11.082012],[106.649598,11.081851],[106.649455,11.081777],[106.649355,11.081716],[106.649057,11.081497],[106.648776,11.081381],[106.648737,11.081375],[106.648675,11.081338],[106.648634,11.081285],[106.648626,11.081271],[106.648717,11.081031]]]}},{"type":"Feature","properties":{"loai_qh":"Cây xanh","mau":"#27ae60"},"geometry":{"type":"Polygon","coordinates":[[[106.650045,11.082257],[106.650904,11.083247],[106.651334,11.083685],[106.65069,11.08335],[106.650562,11.08321],[106.650413,11.082847],[106.650315,11.082662],[106.65006,11.082277],[106.650045,11.082257]]]}},{"type":"Feature","properties":{"loai_qh":"Y tế","mau":"#e84393"},"geometry":{"type":"Polygon","coordinates":[[[106.663899,11.101347],[106.663911,11.101482],[106.663239,11.101469],[106.663127,11.101466],[106.663129,11.101173],[106.663131,11.100922],[106.663256,11.100929],[106.663451,11.100939],[106.663878,11.100963],[106.663899,11.101346],[106.663899,11.101347]]]}},{"type":"Feature","properties":{"loai_qh":"Y tế","mau":"#e84393"},"geometry":{"type":"Polygon","coordinates":[[[106.647578,11.07616],[106.647243,11.076027],[106.646937,11.075911],[106.646841,11.075875],[106.6468,11.075815],[106.646808,11.075537],[106.647595,11.07556],[106.647578,11.07616]]]}},{"type":"Feature","properties":{"loai_qh":"Y tế","mau":"#e84393"},"geometry":{"type":"Polygon","coordinates":[[[106.669627,11.110021],[106.668983,11.110118],[106.669162,11.109366],[106.669427,11.109312],[106.669475,11.109292],[106.669511,11.109285],[106.669627,11.110021]]]}},{"type":"Feature","properties":{"loai_qh":"Y tế","mau":"#e84393"},"geometry":{"type":"Polygon","coordinates":[[[106.684657,11.120484],[106.68424,11.120407],[106.684401,11.119554],[106.684819,11.119631],[106.684657,11.120484]]]}},{"type":"Feature","properties":{"loai_qh":"Thương mại - dịch vụ","mau":"#9b59b6"},"geometry":{"type":"Polygon","coordinates":[[[106.667421,11.097526],[106.667408,11.098094],[106.666807,11.098021],[106.666838,11.097762],[106.666865,11.097539],[106.666896,11.09728],[106.667021,11.097289],[106.667038,11.097132],[106.66705,11.097061],[106.66738,11.097136],[106.667432,11.097203],[106.667421,11.097526]]]}},{"type":"Feature","properties":{"loai_qh":"Thương mại - dịch vụ","mau":"#9b59b6"},"geometry":{"type":"Polygon","coordinates":[[[106.664608,11.096489],[106.664876,11.096549],[106.664845,11.096668],[106.664761,11.096989],[106.664742,11.096983],[106.6645,11.096904],[106.664591,11.096555],[106.664591,11.096555],[106.664608,11.096489]]]}},{"type":"Feature","properties":{"loai_qh":"Thương mại - dịch vụ","mau":"#9b59b6"},"geometry":{"type":"Polygon","coordinates":[[[106.666672,11.086263],[106.666678,11.086151],[106.666876,11.086143],[106.666871,11.086484],[106.666684,11.086484],[106.666672,11.086263]]]}},{"type":"Feature","properties":{"loai_qh":"Đất ở","mau":"#e74c3c"},"geometry":{"type":"Polygon","coordinates":[[[106.665806,11.094926],[106.665683,11.0956],[106.665452,11.096256],[106.665446,11.096273],[106.665363,11.096319],[106.664377,11.096099],[106.664126,11.095997],[106.663863,11.095939],[106.663544,11.095412],[106.664062,11.095554],[106.664205,11.095528],[106.664228,11.095418],[106.664231,11.095406],[106.664254,11.095309],[106.664186,11.09529],[106.664218,11.095106],[106.664099,11.095068],[106.664034,11.095045],[106.66402,11.09504],[106.663971,11.09521],[106.663684,11.095136],[106.66362,11.095121],[106.663644,11.094976],[106.663687,11.094882],[106.663972,11.094285],[106.664481,11.094415],[106.664524,11.09422],[106.664507,11.094213],[106.664488,11.094205],[106.664454,11.094198],[106.664363,11.09417],[106.664073,11.094074],[106.664436,11.093316],[106.664538,11.093269],[106.664888,11.093363],[106.6654,11.093334],[106.6655,11.093403],[106.665664,11.093899],[106.66568,11.09392],[106.665819,11.094339],[106.665806,11.094926]]]}},{"type":"Feature","properties":{"loai_qh":"Đất ở","mau":"#e74c3c"},"geometry":{"type":"Polygon","coordinates":[[[106.662836,11.126849],[106.662835,11.126849],[106.662836,11.126858],[106.662769,11.126862],[106.662583,11.126874],[106.662553,11.126876],[106.662528,11.125062],[106.662585,11.125004],[106.664738,11.12497],[106.664822,11.125045],[106.664974,11.126695],[106.665031,11.127173],[106.664875,11.127505],[106.664651,11.127589],[106.664613,11.127588],[106.664071,11.12753],[106.663453,11.12755],[106.663413,11.127177],[106.663404,11.127141],[106.663406,11.12701],[106.663321,11.126999],[106.663299,11.126756],[106.663316,11.126645],[106.663319,11.126525],[106.663317,11.126348],[106.662897,11.126357],[106.662855,11.126379],[106.662833,11.126424],[106.662823,11.126503],[106.662824,11.12656],[106.662835,11.126846],[106.662836,11.126849]]]}},{"type":"Feature","properties":{"loai_qh":"Cây xanh","mau":"#27ae60"},"geometry":{"type":"Polygon","coordinates":[[[106.663272,11.126394],[106.662909,11.126402],[106.662889,11.126412],[106.662877,11.126437],[106.662869,11.126506],[106.66287,11.126559],[106.662881,11.126844],[106.662882,11.126864],[106.663167,11.1269],[106.663167,11.126934],[106.663199,11.126935],[106.663203,11.126992],[106.663276,11.127002],[106.663253,11.126755],[106.66327,11.126641],[106.663274,11.126525],[106.663272,11.126394]]]}},{"type":"Feature","properties":{"loai_qh":"Đất ở","mau":"#e74c3c"},"geometry":{"type":"Polygon","coordinates":[[[106.661226,11.121945],[106.659938,11.122352],[106.659859,11.122372],[106.65959,11.122423],[106.659499,11.122434],[106.659107,11.122454],[106.658807,11.12247],[106.658508,11.122474],[106.65811,11.122758],[106.657726,11.123854],[106.65753,11.124442],[106.657564,11.124491],[106.657939,11.124502],[106.658335,11.124529],[106.659812,11.124696],[106.660223,11.124763],[106.661031,11.124822],[106.662225,11.124803],[106.662281,11.124745],[106.662264,11.123482],[106.6623,11.123088],[106.662531,11.121911],[106.662555,11.121429],[106.662491,11.121379],[106.662187,11.121416],[106.661816,11.121602],[106.661742,11.12168],[106.661622,11.12178],[106.661642,11.121825],[106.66165,11.12184],[106.661675,11.121862],[106.661752,11.121911],[106.661832,11.121957],[106.661775,11.122129],[106.661615,11.122132],[106.661235,11.122031],[106.661226,11.121945]]]}},{"type":"Feature","properties":{"loai_qh":"Cây xanh","mau":"#27ae60"},"geometry":{"type":"Polygon","coordinates":[[[106.661728,11.12195],[106.661777,11.121978],[106.661742,11.122084],[106.66162,11.122087],[106.661277,11.121996],[106.661269,11.121921],[106.661309,11.121909],[106.6615,11.121833],[106.661579,11.121795],[106.661601,11.121844],[106.661614,11.121869],[106.661648,11.121898],[106.661728,11.12195]]]}},{"type":"Feature","properties":{"loai_qh":"Đất ở","mau":"#e74c3c"},"geometry":{"type":"Polygon","coordinates":[[[106.667437,11.099257],[106.667459,11.099289],[106.667488,11.099367],[106.667563,11.099933],[106.667514,11.099991],[106.665519,11.100095],[106.665465,11.100043],[106.665471,11.099833],[106.665387,11.099225],[106.665377,11.099192],[106.665302,11.098653],[106.66531,11.09836],[106.665373,11.098358],[106.665856,11.098417],[106.66587,11.098355],[106.665898,11.09823],[106.665955,11.097946],[106.665652,11.097868],[106.665573,11.097855],[106.665329,11.097814],[106.665378,11.097427],[106.665491,11.096762],[106.665544,11.096727],[106.667003,11.097059],[106.666993,11.097126],[106.66698,11.097241],[106.666855,11.097232],[106.66682,11.097534],[106.666793,11.097757],[106.666756,11.09806],[106.667398,11.098138],[106.667377,11.099052],[106.667437,11.099257]]]}},{"type":"Feature","properties":{"loai_qh":"Cây xanh","mau":"#27ae60"},"geometry":{"type":"Polygon","coordinates":[[[106.665853,11.098221],[106.665825,11.098345],[106.66582,11.098367],[106.665375,11.098312],[106.665302,11.098315],[106.665305,11.098159],[106.665317,11.097857],[106.665565,11.097899],[106.665643,11.097912],[106.665902,11.097979],[106.665853,11.098221]]]}},{"type":"Feature","properties":{"loai_qh":"Cây xanh","mau":"#27ae60"},"geometry":{"type":"Polygon","coordinates":[[[106.653672,11.07852],[106.653635,11.078787],[106.653634,11.078818],[106.653271,11.078737],[106.652715,11.078524],[106.653034,11.078513],[106.65306,11.077681],[106.653757,11.077806],[106.653694,11.078366],[106.653672,11.07852]]]}},{"type":"Feature","properties":{"loai_qh":"Cây xanh","mau":"#27ae60"},"geometry":{"type":"Polygon","coordinates":[[[106.65363,11.079053],[106.653627,11.079073],[106.653461,11.079175],[106.653334,11.079192],[106.653264,11.079194],[106.653206,11.079221],[106.652547,11.079266],[106.652244,11.0793],[106.652222,11.079304],[106.652165,11.078565],[106.652547,11.078711],[106.652549,11.078712],[106.653185,11.078956],[106.65363,11.079053]]]}},{"type":"Feature","properties":{"loai_qh":"Đất ở","mau":"#e74c3c"},"geometry":{"type":"Polygon","coordinates":[[[106.666031,11.092235],[106.665762,11.092758],[106.665736,11.092891],[106.665809,11.092952],[106.666176,11.092879],[106.666358,11.092882],[106.666709,11.092919],[106.666779,11.092929],[106.666826,11.092917],[106.668574,11.091559],[106.668557,11.091465],[106.667072,11.091016],[106.666988,11.091052],[106.666872,11.091278],[106.666669,11.091566],[106.666031,11.092235]]]}},{"type":"Feature","properties":{"loai_qh":"Cây xanh","mau":"#27ae60"},"geometry":{"type":"Polygon","coordinates":[[[106.666541,11.09291],[106.666708,11.092928],[106.666733,11.092931],[106.666689,11.092377],[106.666758,11.092377],[106.666799,11.092377],[106.666877,11.092371],[106.667038,11.092401],[106.667034,11.092432],[106.667053,11.092433],[106.667111,11.092321],[106.667098,11.092312],[106.667135,11.092182],[106.667073,11.092131],[106.667003,11.09216],[106.666981,11.092218],[106.666863,11.092207],[106.666861,11.092301],[106.666737,11.092308],[106.666716,11.092136],[106.666597,11.09214],[106.666502,11.092141],[106.6665,11.09212],[106.666393,11.092109],[106.666403,11.092057],[106.666215,11.092044],[106.666212,11.092032],[106.666111,11.092137],[106.666184,11.092158],[106.666169,11.092224],[106.666194,11.092229],[106.666152,11.092404],[106.666141,11.092454],[106.666129,11.092511],[106.666097,11.092505],[106.666097,11.092506],[106.666101,11.092508],[106.66614,11.092529],[106.666128,11.092684],[106.666128,11.09269],[106.666121,11.09273],[106.666118,11.092746],[106.666116,11.092799],[106.666118,11.092805],[106.666189,11.092792],[106.666189,11.092887],[106.666357,11.092891],[106.666541,11.09291]]]}},{"type":"Feature","properties":{"loai_qh":"Đất ở hỗn hợp","mau":"#e67e22"},"geometry":{"type":"Polygon","coordinates":[[[106.654073,11.061386],[106.654041,11.061481],[106.65394,11.061526],[106.653457,11.061867],[106.653235,11.062064],[106.653214,11.062079],[106.652553,11.062383],[106.652495,11.062398],[106.652068,11.062454],[106.651619,11.062454],[106.651437,11.062454],[106.65145,11.062308],[106.651454,11.0623],[106.651482,11.061951],[106.651484,11.061943],[106.651872,11.061989],[106.651985,11.061446],[106.652226,11.061493],[106.652249,11.061497],[106.652349,11.061517],[106.652433,11.061151],[106.652473,11.061098],[106.652484,11.06105],[106.65263,11.060375],[106.652644,11.06031],[106.652243,11.060266],[106.652248,11.060222],[106.652252,11.060192],[106.652277,11.060104],[106.65229,11.060059],[106.652294,11.060045],[106.652394,11.060093],[106.652542,11.060103],[106.65266,11.06009],[106.652691,11.060016],[106.653304,11.060055],[106.653415,11.060136],[106.653555,11.060431],[106.654073,11.061386]]]}},{"type":"Feature","properties":{"loai_qh":"Đất ở","mau":"#e74c3c"},"geometry":{"type":"Polygon","coordinates":[[[106.655141,11.063356],[106.655202,11.063465],[106.6537,11.063712],[106.653371,11.063766],[106.653193,11.063795],[106.652964,11.062675],[106.653005,11.062588],[106.653412,11.062361],[106.653434,11.062346],[106.653714,11.062099],[106.654085,11.061839],[106.654203,11.061785],[106.654309,11.061821],[106.655141,11.063356]]]}},{"type":"Feature","properties":{"loai_qh":"Giáo dục","mau":"#5dade2"},"geometry":{"type":"Polygon","coordinates":[[[106.65381,11.058359],[106.653923,11.058281],[106.65449,11.058338],[106.656378,11.058503],[106.656443,11.058581],[106.656305,11.05971],[106.656282,11.059971],[106.656278,11.060074],[106.65594,11.060105],[106.655389,11.060105],[106.654957,11.060097],[106.654949,11.060079],[106.654665,11.060045],[106.654558,11.060053],[106.654536,11.059966],[106.654271,11.060002],[106.654227,11.059907],[106.65414,11.059932],[106.654038,11.059964],[106.654018,11.059925],[106.653904,11.059954],[106.653794,11.058423],[106.65381,11.058359]]]}},{"type":"Feature","properties":{"loai_qh":"Giáo dục","mau":"#5dade2"},"geometry":{"type":"Polygon","coordinates":[[[106.653826,11.05837],[106.653928,11.058299],[106.654488,11.058356],[106.656369,11.05852],[106.656424,11.058587],[106.656287,11.059708],[106.656263,11.059969],[106.656259,11.060058],[106.655939,11.060087],[106.655389,11.060087],[106.654969,11.060079],[106.654961,11.060062],[106.654666,11.060026],[106.654572,11.060034],[106.65455,11.059945],[106.654282,11.059982],[106.654237,11.059885],[106.654135,11.059915],[106.654048,11.059942],[106.654028,11.059903],[106.653915,11.059932],[106.653812,11.058427],[106.653826,11.05837]]]}},{"type":"Feature","properties":{"loai_qh":"Cây xanh","mau":"#27ae60"},"geometry":{"type":"Polygon","coordinates":[[[106.660493,11.057382],[106.660822,11.057254],[106.660809,11.057257],[106.660692,11.057285],[106.660648,11.057289],[106.660433,11.057293],[106.660393,11.057292],[106.6603,11.057287],[106.660003,11.057219],[106.659769,11.057013],[106.659625,11.056934],[106.659556,11.056943],[106.659426,11.057049],[106.659406,11.057611],[106.659387,11.057669],[106.659128,11.057749],[106.658925,11.057817],[106.658535,11.057868],[106.657982,11.05797],[106.657998,11.058301],[106.658002,11.058377],[106.658034,11.058371],[106.658012,11.058],[106.658035,11.057974],[106.658207,11.057946],[106.658471,11.057893],[106.6589,11.057837],[106.65913,11.057756],[106.659408,11.057683],[106.659429,11.057597],[106.659446,11.057053],[106.659548,11.056972],[106.65957,11.056962],[106.659627,11.056951],[106.659743,11.057013],[106.65983,11.057093],[106.65999,11.05724],[106.660302,11.0573],[106.66039,11.057311],[106.660429,11.05731],[106.660488,11.057309],[106.660493,11.057382]]]}},{"type":"Feature","properties":{"loai_qh":"Cây xanh","mau":"#27ae60"},"geometry":{"type":"Polygon","coordinates":[[[106.660509,11.057357],[106.660635,11.057308],[106.660506,11.05731],[106.660509,11.057357]]]}},{"type":"Feature","properties":{"loai_qh":"Đất ở","mau":"#e74c3c"},"geometry":{"type":"Polygon","coordinates":[[[106.657341,11.058615],[106.656652,11.058554],[106.656587,11.058606],[106.656451,11.059725],[106.656427,11.059984],[106.656463,11.060305],[106.657056,11.06214],[106.65713,11.062181],[106.658385,11.06186],[106.659312,11.061352],[106.659675,11.061013],[106.659858,11.060858],[106.659907,11.060754],[106.659853,11.059726],[106.659735,11.058033],[106.659658,11.057985],[106.658411,11.05849],[106.657341,11.058615]]]}},{"type":"Feature","properties":{"loai_qh":"Đất ở","mau":"#e74c3c"},"geometry":{"type":"Polygon","coordinates":[[[106.661468,11.057276],[106.662452,11.057101],[106.663257,11.057112],[106.663314,11.057166],[106.66336,11.057897],[106.663371,11.058008],[106.663528,11.059132],[106.663486,11.059195],[106.663367,11.059237],[106.660363,11.060559],[106.660133,11.060675],[106.660094,11.060654],[106.660045,11.059715],[106.65992,11.057924],[106.659956,11.057867],[106.661468,11.057276]]]}},{"type":"Feature","properties":{"loai_qh":"Đất ở","mau":"#e74c3c"},"geometry":{"type":"Polygon","coordinates":[[[106.658305,11.05823],[106.658058,11.058305],[106.65804,11.058009],[106.658049,11.058],[106.658212,11.057973],[106.658475,11.05792],[106.658907,11.057864],[106.659138,11.057782],[106.659431,11.057705],[106.659457,11.057601],[106.659473,11.057066],[106.659562,11.056995],[106.659579,11.056988],[106.659622,11.05698],[106.659726,11.057035],[106.659811,11.057113],[106.659977,11.057265],[106.660298,11.057327],[106.660388,11.057338],[106.66043,11.057337],[106.660462,11.057336],[106.660464,11.057365],[106.658305,11.05823]]]}},{"type":"Feature","properties":{"loai_qh":"Đất ở hỗn hợp","mau":"#e67e22"},"geometry":{"type":"Polygon","coordinates":[[[106.653197,11.065493],[106.650535,11.065083],[106.650624,11.064961],[106.650676,11.064893],[106.650771,11.064792],[106.65097,11.064646],[106.653036,11.064307],[106.653264,11.065423],[106.653197,11.065493]]]}},{"type":"Feature","properties":{"loai_qh":"Cây xanh","mau":"#27ae60"},"geometry":{"type":"Polygon","coordinates":[[[106.654482,11.065699],[106.654225,11.06566],[106.654221,11.065622],[106.654352,11.065553],[106.654266,11.064843],[106.654397,11.064826],[106.654393,11.064711],[106.654402,11.064559],[106.654404,11.06444],[106.654487,11.064441],[106.65449,11.064453],[106.654509,11.064527],[106.654519,11.064527],[106.654549,11.064621],[106.654556,11.064619],[106.654567,11.064654],[106.654711,11.064615],[106.654728,11.064667],[106.65443,11.06478],[106.654444,11.064821],[106.654542,11.065117],[106.654564,11.065183],[106.65444,11.065218],[106.654478,11.065402],[106.654404,11.065421],[106.654482,11.065699]]]}},{"type":"Feature","properties":{"loai_qh":"Đất ở","mau":"#e74c3c"},"geometry":{"type":"Polygon","coordinates":[[[106.656175,11.06595],[106.654529,11.065697],[106.65446,11.065453],[106.654531,11.065435],[106.654493,11.06525],[106.654623,11.065213],[106.654586,11.065103],[106.654487,11.064807],[106.654784,11.064694],[106.654742,11.06456],[106.654598,11.064599],[106.654588,11.064566],[106.65458,11.064568],[106.654552,11.064482],[106.654544,11.064482],[106.654534,11.064442],[106.654522,11.064397],[106.65436,11.064394],[106.654356,11.064557],[106.654347,11.064711],[106.65435,11.064786],[106.654215,11.064804],[106.654303,11.065528],[106.654171,11.065597],[106.654177,11.065643],[106.653631,11.065559],[106.653535,11.065469],[106.653288,11.064259],[106.653712,11.06419],[106.654252,11.064101],[106.655449,11.063912],[106.656401,11.065632],[106.656175,11.06595]]]}},{"type":"Feature","properties":{"loai_qh":"Đất ở","mau":"#e74c3c"},"geometry":{"type":"Polygon","coordinates":[[[106.65775,11.066179],[106.657234,11.065798],[106.656923,11.065444],[106.656436,11.064564],[106.65667,11.064488],[106.656678,11.064506],[106.656678,11.064506],[106.656715,11.064599],[106.656716,11.064599],[106.656764,11.064717],[106.656883,11.065008],[106.657408,11.064853],[106.65741,11.064858],[106.657458,11.064843],[106.657696,11.06477],[106.65764,11.064582],[106.657945,11.064494],[106.657813,11.063718],[106.657389,11.063791],[106.657205,11.06387],[106.657103,11.063914],[106.65712,11.064019],[106.656945,11.06408],[106.656745,11.064154],[106.656565,11.064217],[106.656618,11.064353],[106.656365,11.064436],[106.656018,11.063809],[106.65748,11.063544],[106.658401,11.063372],[106.658496,11.063574],[106.658459,11.063784],[106.659882,11.06682],[106.658118,11.066356],[106.657752,11.066181],[106.65775,11.066179]]]}},{"type":"Feature","properties":{"loai_qh":"Đất ở","mau":"#e74c3c"},"geometry":{"type":"Polygon","coordinates":[[[106.66224,11.067384],[106.662179,11.067424],[106.660387,11.066953],[106.660269,11.066855],[106.660018,11.066321],[106.660747,11.066143],[106.660421,11.064842],[106.662167,11.064798],[106.662224,11.064853],[106.662227,11.06539],[106.662231,11.065485],[106.662315,11.066654],[106.662306,11.066916],[106.66224,11.067384]]]}},{"type":"Feature","properties":{"loai_qh":"Đất ở","mau":"#e74c3c"},"geometry":{"type":"Polygon","coordinates":[[[106.660567,11.067488],[106.660594,11.067456],[106.663415,11.068198],[106.66342,11.0683],[106.663455,11.06894],[106.663466,11.069142],[106.663466,11.069149],[106.662645,11.069216],[106.662272,11.069274],[106.66216,11.069302],[106.661862,11.069377],[106.661505,11.069486],[106.660567,11.067488]]]}},{"type":"Feature","properties":{"loai_qh":"Đất ở","mau":"#e74c3c"},"geometry":{"type":"Polygon","coordinates":[[[106.658178,11.066821],[106.660122,11.067332],[106.660526,11.068195],[106.65931,11.068471],[106.659106,11.06795],[106.659087,11.067904],[106.659068,11.067858],[106.659048,11.067808],[106.659032,11.067765],[106.659017,11.06773],[106.658836,11.067813],[106.658679,11.067887],[106.658961,11.068551],[106.658768,11.068595],[106.658651,11.068543],[106.657886,11.067173],[106.658147,11.066815],[106.658178,11.066821]]]}},{"type":"Feature","properties":{"loai_qh":"Đất ở","mau":"#e74c3c"},"geometry":{"type":"Polygon","coordinates":[[[106.656134,11.066383],[106.656637,11.066594],[106.656961,11.066838],[106.657264,11.067183],[106.658102,11.068683],[106.65806,11.068786],[106.657274,11.069029],[106.656992,11.069092],[106.656963,11.069096],[106.65656,11.069211],[106.655178,11.069829],[106.654916,11.069933],[106.654847,11.069901],[106.653855,11.066886],[106.653724,11.066396],[106.65366,11.066082],[106.653727,11.066013],[106.654042,11.066062],[106.654049,11.066084],[106.654229,11.066441],[106.654367,11.066653],[106.654399,11.066671],[106.654716,11.066679],[106.65488,11.066707],[106.654807,11.066847],[106.654748,11.066942],[106.654683,11.066979],[106.654596,11.067044],[106.654627,11.06721],[106.654657,11.067371],[106.654619,11.067428],[106.654614,11.067511],[106.654639,11.067688],[106.655055,11.067534],[106.654996,11.067403],[106.654983,11.067295],[106.65506,11.06708],[106.655186,11.066784],[106.655245,11.066785],[106.655106,11.066506],[106.655087,11.066468],[106.655075,11.066374],[106.655011,11.066211],[106.656134,11.066383]]]}},{"type":"Feature","properties":{"loai_qh":"Cây xanh","mau":"#27ae60"},"geometry":{"type":"Polygon","coordinates":[[[106.654089,11.06606],[106.654931,11.066189],[106.654941,11.066212],[106.654962,11.06621],[106.65503,11.066385],[106.655042,11.066481],[106.655065,11.066526],[106.655171,11.066738],[106.655156,11.066738],[106.655017,11.067064],[106.654936,11.06729],[106.654951,11.067415],[106.654994,11.067509],[106.654676,11.067626],[106.65466,11.06751],[106.654664,11.067443],[106.654705,11.06738],[106.654672,11.067201],[106.654646,11.067063],[106.654708,11.067017],[106.654781,11.066975],[106.654847,11.066869],[106.65495,11.066673],[106.654721,11.066634],[106.654412,11.066626],[106.654399,11.066619],[106.654269,11.066418],[106.654092,11.066068],[106.654089,11.06606]]]}},{"type":"Feature","properties":{"loai_qh":"Đất ở hỗn hợp","mau":"#e67e22"},"geometry":{"type":"Polygon","coordinates":[[[106.648828,11.07141],[106.648751,11.071412],[106.648595,11.071332],[106.64843,11.071248],[106.6484,11.071129],[106.648375,11.07094],[106.648371,11.070829],[106.648387,11.070732],[106.648492,11.070465],[106.648558,11.070248],[106.648607,11.070021],[106.648726,11.069799],[106.648732,11.069795],[106.648853,11.06971],[106.64891,11.06967],[106.649064,11.069648],[106.649203,11.06966],[106.649289,11.069701],[106.649331,11.069732],[106.649388,11.069794],[106.649406,11.069813],[106.649502,11.069928],[106.649563,11.070026],[106.649631,11.070125],[106.649683,11.070191],[106.649764,11.070214],[106.649754,11.070316],[106.649701,11.070454],[106.649663,11.07055],[106.649628,11.070663],[106.649622,11.070677],[106.649596,11.070748],[106.649551,11.070878],[106.649539,11.07101],[106.649521,11.071084],[106.649517,11.071095],[106.649517,11.071098],[106.649496,11.071164],[106.648828,11.07141]]]}},{"type":"Feature","properties":{"loai_qh":"Đất ở hỗn hợp","mau":"#e67e22"},"geometry":{"type":"Polygon","coordinates":[[[106.648748,11.07141],[106.646968,11.071024],[106.64695,11.070981],[106.646984,11.069828],[106.647554,11.069436],[106.647702,11.069182],[106.647711,11.069079],[106.647716,11.069068],[106.648222,11.068573],[106.648271,11.068529],[106.64854,11.068308],[106.648835,11.067925],[106.648938,11.067681],[106.649015,11.067575],[106.649079,11.067519],[106.649091,11.067515],[106.649286,11.067516],[106.649353,11.06754],[106.649519,11.067671],[106.649539,11.067692],[106.649825,11.068083],[106.649867,11.068131],[106.649986,11.068252],[106.650151,11.068345],[106.650187,11.068354],[106.650406,11.068337],[106.650473,11.068306],[106.650538,11.068276],[106.650572,11.068262],[106.651553,11.067948],[106.651641,11.068084],[106.651799,11.068044],[106.651862,11.068073],[106.652013,11.068013],[106.652153,11.067951],[106.652184,11.06784],[106.6522,11.067775],[106.652369,11.067746],[106.652425,11.067784],[106.652612,11.067799],[106.652785,11.067461],[106.652703,11.067152],[106.652511,11.067151],[106.652409,11.06715],[106.652308,11.06715],[106.652104,11.067141],[106.652092,11.067073],[106.651895,11.067119],[106.65167,11.067195],[106.651742,11.067554],[106.651739,11.067559],[106.651697,11.067607],[106.651669,11.067616],[106.65155,11.067607],[106.65047,11.067953],[106.650397,11.067982],[106.650278,11.068037],[106.650252,11.068017],[106.650222,11.068025],[106.650102,11.067904],[106.650092,11.067892],[106.649806,11.067501],[106.649725,11.067417],[106.649559,11.067286],[106.649449,11.067223],[106.649449,11.067222],[106.649476,11.06714],[106.649511,11.067073],[106.649667,11.06709],[106.649722,11.06698],[106.649776,11.066874],[106.649786,11.066849],[106.649806,11.066802],[106.649907,11.06657],[106.649962,11.066434],[106.650021,11.066227],[106.650052,11.066145],[106.650091,11.066028],[106.650157,11.06583],[106.650221,11.065628],[106.650274,11.065482],[106.653294,11.065947],[106.65339,11.066037],[106.653473,11.066446],[106.653611,11.066964],[106.654403,11.069369],[106.654369,11.069457],[106.654227,11.069541],[106.653929,11.069772],[106.653841,11.069861],[106.653779,11.069928],[106.653283,11.070493],[106.652788,11.070976],[106.652231,11.071441],[106.65217,11.07145],[106.651616,11.071208],[106.649469,11.071145],[106.648748,11.07141]]]}},{"type":"Feature","properties":{"loai_qh":"Cây xanh","mau":"#27ae60"},"geometry":{"type":"Polygon","coordinates":[[[106.69314,11.118815],[106.693313,11.118652],[106.693425,11.118455],[106.693534,11.118051],[106.693522,11.117998],[106.69352,11.11793],[106.693534,11.11789],[106.693534,11.117561],[106.69354,11.117454],[106.693612,11.116806],[106.693578,11.116693],[106.693582,11.116661],[106.693576,11.116575],[106.69346,11.115763],[106.693476,11.115395],[106.693476,11.115393],[106.693424,11.115325],[106.693438,11.11525],[106.693499,11.115204],[106.693562,11.115011],[106.693572,11.115009],[106.693572,11.115009],[106.693742,11.114542],[106.693777,11.11449],[106.693872,11.114298],[106.69389,11.114244],[106.693769,11.114245],[106.693763,11.114262],[106.693682,11.114427],[106.693646,11.114479],[106.693458,11.114998],[106.693456,11.115025],[106.693427,11.115164],[106.693389,11.115281],[106.693347,11.115778],[106.693462,11.116588],[106.693468,11.116649],[106.693465,11.116681],[106.693504,11.116794],[106.693432,11.117442],[106.693425,11.117561],[106.693425,11.118045],[106.693331,11.118402],[106.693177,11.118672],[106.693103,11.11883],[106.69314,11.118815]]]}},{"type":"Feature","properties":{"loai_qh":"Cây xanh","mau":"#27ae60"},"geometry":{"type":"Polygon","coordinates":[[[106.681682,11.129714],[106.67761,11.144513],[106.677676,11.144606],[106.678,11.14463],[106.678115,11.144549],[106.678835,11.141921],[106.67959,11.13914],[106.679611,11.13906],[106.679868,11.138105],[106.680107,11.137233],[106.680345,11.136359],[106.680578,11.135486],[106.680822,11.134615],[106.681063,11.133742],[106.681299,11.132867],[106.681526,11.131994],[106.681789,11.131129],[106.682029,11.130254],[106.682163,11.129754],[106.682164,11.129752],[106.682188,11.129662],[106.68219,11.129653],[106.682611,11.128125],[106.682675,11.127864],[106.682816,11.127173],[106.682946,11.126374],[106.682981,11.126173],[106.683791,11.121842],[106.683795,11.121819],[106.684375,11.118759],[106.68439,11.118682],[106.684644,11.117403],[106.684661,11.117318],[106.68521,11.114405],[106.685135,11.114317],[106.6849,11.114319],[106.68477,11.114426],[106.684209,11.117363],[106.684207,11.11737],[106.683127,11.123065],[106.683119,11.123107],[106.682759,11.124819],[106.682312,11.127061],[106.682305,11.127096],[106.682305,11.127096],[106.682835,11.127001],[106.682827,11.127058],[106.682293,11.127153],[106.682107,11.12801],[106.682016,11.128426],[106.681935,11.128765],[106.681725,11.129571],[106.681711,11.12962],[106.681691,11.129685],[106.681682,11.129714]]]}},{"type":"Feature","properties":{"loai_qh":"Mặt nước","mau":"#3498db"},"geometry":{"type":"Polygon","coordinates":[[[106.693875,11.114766],[106.693903,11.114713],[106.694032,11.114451],[106.694078,11.114307],[106.694069,11.114243],[106.69389,11.114244],[106.693872,11.114298],[106.693777,11.11449],[106.693742,11.114542],[106.693572,11.115009],[106.693572,11.115009],[106.693588,11.115007],[106.693638,11.114869],[106.693719,11.11485],[106.693875,11.114766]]]}},{"type":"Feature","properties":{"loai_qh":"Tôn giáo - di tích","mau":"#8e44ad"},"geometry":{"type":"Polygon","coordinates":[[[106.662467,11.119994],[106.66236,11.120029],[106.662133,11.12006],[106.66149,11.120151],[106.661436,11.120456],[106.661469,11.12095],[106.661466,11.121113],[106.661414,11.121231],[106.661802,11.121337],[106.661659,11.121457],[106.661585,11.121534],[106.661423,11.121644],[106.66124,11.121717],[106.659872,11.12215],[106.659819,11.122163],[106.659549,11.122214],[106.659488,11.122222],[106.658867,11.122254],[106.658846,11.121855],[106.658827,11.121635],[106.658805,11.121398],[106.658769,11.120951],[106.658646,11.11935],[106.658643,11.119315],[106.660587,11.119045],[106.660624,11.119051],[106.660715,11.119061],[106.660818,11.119066],[106.660903,11.119066],[106.661007,11.119061],[106.66107,11.119057],[106.661192,11.119048],[106.662361,11.118954],[106.662427,11.119485],[106.662431,11.119532],[106.662467,11.119994]]]}},{"type":"Feature","properties":{"loai_qh":"Đất ở","mau":"#e74c3c"},"geometry":{"type":"Polygon","coordinates":[[[106.662438,11.119975],[106.662354,11.120002],[106.66213,11.120034],[106.661466,11.120127],[106.661408,11.120455],[106.661442,11.12095],[106.661439,11.121107],[106.661376,11.121249],[106.661739,11.121348],[106.661639,11.121438],[106.661565,11.121516],[106.661413,11.121619],[106.66123,11.121692],[106.659864,11.122124],[106.659814,11.122137],[106.659544,11.122188],[106.659486,11.122194],[106.658893,11.122225],[106.658873,11.121853],[106.658854,11.121632],[106.658832,11.121395],[106.658796,11.120949],[106.658673,11.119348],[106.658672,11.119339],[106.660586,11.119073],[106.660621,11.119078],[106.660713,11.119088],[106.660817,11.119093],[106.660903,11.119093],[106.661009,11.119089],[106.661072,11.119085],[106.661194,11.119075],[106.662337,11.118983],[106.662399,11.119489],[106.662404,11.119534],[106.662438,11.119975]]]}},{"type":"Feature","properties":{"loai_qh":"Đất ở","mau":"#e74c3c"},"geometry":{"type":"Polygon","coordinates":[[[106.664285,11.119786],[106.664368,11.120587],[106.664303,11.120701],[106.664064,11.120814],[106.663686,11.120951],[106.663376,11.121033],[106.662948,11.121101],[106.662826,11.121108],[106.662765,11.121055],[106.662646,11.119516],[106.66264,11.11946],[106.662579,11.118963],[106.662996,11.11893],[106.663719,11.11859],[106.664117,11.118134],[106.664285,11.119786]]]}},{"type":"Feature","properties":{"loai_qh":"Đất ở","mau":"#e74c3c"},"geometry":{"type":"Polygon","coordinates":[[[106.667097,11.117319],[106.666377,11.120461],[106.666302,11.120523],[106.66627,11.120525],[106.665993,11.120516],[106.665567,11.120469],[106.665008,11.120486],[106.664984,11.12049],[106.664904,11.12043],[106.664832,11.119731],[106.664627,11.117721],[106.664506,11.116486],[106.664498,11.116406],[106.664565,11.116327],[106.667313,11.116159],[106.667352,11.116204],[106.667264,11.116588],[106.667097,11.117319]]]}},{"type":"Feature","properties":{"loai_qh":"Đất ở","mau":"#e74c3c"},"geometry":{"type":"Polygon","coordinates":[[[106.66709,11.117346],[106.666313,11.117338],[106.666226,11.117249],[106.666239,11.116623],[106.66727,11.11656],[106.66709,11.117346]]]}},{"type":"Feature","properties":{"loai_qh":"Đất ở hỗn hợp","mau":"#e67e22"},"geometry":{"type":"Polygon","coordinates":[[[106.66775,11.11448],[106.667433,11.115853],[106.667357,11.115916],[106.664544,11.116089],[106.664461,11.116019],[106.66439,11.115289],[106.664428,11.115013],[106.664414,11.11487],[106.664794,11.114455],[106.66771,11.114431],[106.66775,11.11448]]]}},{"type":"Feature","properties":{"loai_qh":"Đất ở hỗn hợp","mau":"#e67e22"},"geometry":{"type":"Polygon","coordinates":[[[106.667965,11.114487],[106.668039,11.114428],[106.668611,11.114423],[106.668675,11.114481],[106.668796,11.115768],[106.668745,11.115827],[106.667688,11.115895],[106.667649,11.11585],[106.667965,11.114487]]]}},{"type":"Feature","properties":{"loai_qh":"Đất ở hỗn hợp","mau":"#e67e22"},"geometry":{"type":"Polygon","coordinates":[[[106.662331,11.118929],[106.66119,11.119021],[106.661068,11.11903],[106.661006,11.119034],[106.660902,11.119038],[106.660818,11.119039],[106.660717,11.119034],[106.660629,11.119024],[106.66053,11.119006],[106.66044,11.118981],[106.660346,11.118945],[106.660262,11.118901],[106.660082,11.118755],[106.660023,11.118681],[106.659969,11.118596],[106.659928,11.118515],[106.659891,11.118422],[106.659865,11.118337],[106.659841,11.118241],[106.659825,11.118159],[106.65981,11.118058],[106.659802,11.117997],[106.659789,11.117877],[106.659696,11.116772],[106.659608,11.11576],[106.659592,11.115643],[106.659582,11.11558],[106.659567,11.115505],[106.659552,11.115441],[106.659531,11.115369],[106.659509,11.115305],[106.65948,11.115237],[106.659448,11.115176],[106.659015,11.114792],[106.658336,11.114508],[106.658508,11.114506],[106.658567,11.114506],[106.658626,11.114505],[106.658685,11.114505],[106.658744,11.114504],[106.658803,11.114504],[106.658862,11.114503],[106.658921,11.114503],[106.65898,11.114502],[106.659039,11.114502],[106.659098,11.114501],[106.659157,11.114501],[106.659216,11.1145],[106.659275,11.1145],[106.659334,11.114499],[106.659393,11.114499],[106.659452,11.114498],[106.659511,11.114498],[106.659571,11.114497],[106.65963,11.114497],[106.659689,11.114496],[106.659748,11.114496],[106.659807,11.114495],[106.659866,11.114495],[106.659925,11.114494],[106.659984,11.114494],[106.660043,11.114494],[106.660102,11.114493],[106.660161,11.114493],[106.66022,11.114492],[106.660279,11.114492],[106.661836,11.114479],[106.661896,11.114536],[106.661927,11.115379],[106.661989,11.116153],[106.662331,11.118929]]]}},{"type":"Feature","properties":{"loai_qh":"Đất ở hỗn hợp","mau":"#e67e22"},"geometry":{"type":"Polygon","coordinates":[[[106.659641,11.116776],[106.659734,11.117882],[106.659748,11.118004],[106.659756,11.118065],[106.659771,11.118168],[106.659787,11.118252],[106.659812,11.118352],[106.659839,11.11844],[106.659878,11.118537],[106.659921,11.118623],[106.659978,11.118713],[106.660042,11.118791],[106.660233,11.118947],[106.660323,11.118994],[106.660423,11.119033],[106.66044,11.119038],[106.658668,11.119285],[106.658611,11.118545],[106.658533,11.11789],[106.658471,11.117372],[106.658286,11.115496],[106.658284,11.115474],[106.658262,11.115236],[106.658282,11.115151],[106.658259,11.114887],[106.658234,11.114604],[106.65823,11.114565],[106.658329,11.114564],[106.658994,11.114842],[106.659401,11.115203],[106.65943,11.11526],[106.659457,11.115324],[106.659479,11.115385],[106.659499,11.115454],[106.659514,11.115517],[106.659528,11.11559],[106.659538,11.115651],[106.659553,11.115766],[106.659641,11.116776]]]}},{"type":"Feature","properties":{"loai_qh":"Đất ở hỗn hợp","mau":"#e67e22"},"geometry":{"type":"Polygon","coordinates":[[[106.663931,11.116255],[106.66408,11.117774],[106.664105,11.118015],[106.663688,11.118545],[106.662986,11.118876],[106.662573,11.11891],[106.66223,11.116125],[106.66217,11.115371],[106.662139,11.114532],[106.662193,11.114476],[106.663342,11.114467],[106.663728,11.11481],[106.663754,11.115076],[106.663843,11.11534],[106.663931,11.116255]]]}},{"type":"Feature","properties":{"loai_qh":"Đất ở hỗn hợp","mau":"#e67e22"},"geometry":{"type":"Polygon","coordinates":[[[106.668918,11.114475],[106.669038,11.115751],[106.669101,11.115804],[106.674392,11.115462],[106.674441,11.115404],[106.674318,11.114452],[106.674231,11.114377],[106.668969,11.11442],[106.668918,11.114475]]]}},{"type":"Feature","properties":{"loai_qh":"Đất ở hỗn hợp","mau":"#e67e22"},"geometry":{"type":"Polygon","coordinates":[[[106.679105,11.114337],[106.674625,11.114374],[106.674562,11.114446],[106.674684,11.11539],[106.674745,11.115439],[106.675251,11.115384],[106.679189,11.114852],[106.679239,11.114788],[106.679192,11.114412],[106.679105,11.114337]]]}},{"type":"Feature","properties":{"loai_qh":"Đất ở hỗn hợp","mau":"#e67e22"},"geometry":{"type":"Polygon","coordinates":[[[106.6795,11.114334],[106.679436,11.114406],[106.679578,11.11555],[106.679641,11.115596],[106.682178,11.115198],[106.683268,11.115038],[106.683341,11.114968],[106.683455,11.114352],[106.683411,11.114301],[106.6795,11.114334]]]}},{"type":"Feature","properties":{"loai_qh":"Đất ở hỗn hợp","mau":"#e67e22"},"geometry":{"type":"Polygon","coordinates":[[[106.683714,11.114358],[106.683785,11.114298],[106.684519,11.114292],[106.684562,11.114343],[106.683993,11.117322],[106.683991,11.11733],[106.683338,11.120773],[106.683272,11.120819],[106.682007,11.120596],[106.681972,11.120537],[106.682781,11.118277],[106.68323,11.116743],[106.683455,11.115766],[106.683714,11.114358]]]}},{"type":"Feature","properties":{"loai_qh":"Đất ở hỗn hợp","mau":"#e67e22"},"geometry":{"type":"Polygon","coordinates":[[[106.693123,11.116989],[106.693075,11.117768],[106.692892,11.118419],[106.692777,11.118684],[106.69226,11.120151],[106.692202,11.120347],[106.692018,11.121115],[106.691883,11.121478],[106.691764,11.12171],[106.691734,11.12177],[106.68798,11.12181],[106.686725,11.121594],[106.687164,11.119275],[106.687175,11.119221],[106.687268,11.11875],[106.684659,11.118268],[106.684824,11.117438],[106.684841,11.117351],[106.685408,11.114344],[106.68548,11.114284],[106.693289,11.11422],[106.693333,11.114271],[106.693275,11.114485],[106.693093,11.115005],[106.693004,11.115939],[106.693109,11.116656],[106.693123,11.116989]]]}},{"type":"Feature","properties":{"loai_qh":"Thương mại - dịch vụ","mau":"#9b59b6"},"geometry":{"type":"Polygon","coordinates":[[[106.693521,11.11426],[106.693611,11.11419],[106.693788,11.114188],[106.693763,11.114262],[106.693682,11.114427],[106.693646,11.114479],[106.693458,11.114998],[106.693456,11.115025],[106.693427,11.115164],[106.693389,11.115281],[106.693347,11.115778],[106.693462,11.116588],[106.693468,11.116649],[106.693465,11.116681],[106.693504,11.116794],[106.693432,11.117442],[106.693425,11.117561],[106.693425,11.118045],[106.693331,11.118402],[106.693177,11.118672],[106.693103,11.11883],[106.693045,11.118854],[106.692965,11.118971],[106.692977,11.119216],[106.692816,11.119716],[106.692801,11.119756],[106.692624,11.120211],[106.692576,11.120369],[106.692373,11.12129],[106.692229,11.12159],[106.69219,11.121638],[106.692085,11.121793],[106.691925,11.121795],[106.691927,11.121792],[106.692046,11.12156],[106.692196,11.121157],[106.69238,11.120389],[106.692433,11.120211],[106.69295,11.118743],[106.693055,11.118503],[106.693258,11.117779],[106.693306,11.117],[106.693291,11.11663],[106.693185,11.115913],[106.693266,11.115064],[106.693448,11.114543],[106.693479,11.114444],[106.693521,11.11426]]]}},{"type":"Feature","properties":{"loai_qh":"Cây xanh","mau":"#27ae60"},"geometry":{"type":"Polygon","coordinates":[[[106.691946,11.121795],[106.692063,11.121568],[106.692214,11.121161],[106.692398,11.120393],[106.69245,11.120216],[106.692967,11.118749],[106.693071,11.118511],[106.693276,11.11778],[106.693324,11.117001],[106.693309,11.116627],[106.693203,11.115911],[106.693283,11.115069],[106.693465,11.11455],[106.693497,11.114449],[106.693538,11.11427],[106.693618,11.114208],[106.693762,11.114207],[106.693746,11.114257],[106.693666,11.114417],[106.693631,11.114469],[106.69344,11.114996],[106.693437,11.115023],[106.693409,11.115158],[106.693372,11.115275],[106.693329,11.115781],[106.693444,11.116592],[106.69345,11.116647],[106.693446,11.116683],[106.693485,11.116796],[106.693414,11.11744],[106.693407,11.117561],[106.693407,11.118045],[106.693315,11.118394],[106.693161,11.118663],[106.693089,11.118817],[106.693033,11.11884],[106.692947,11.118966],[106.692959,11.119213],[106.692798,11.11971],[106.692784,11.11975],[106.692607,11.120204],[106.692558,11.120366],[106.692355,11.121286],[106.692215,11.121579],[106.692175,11.121627],[106.692064,11.121794],[106.691946,11.121795]]]}},{"type":"Feature","properties":{"loai_qh":"Thương mại - dịch vụ","mau":"#9b59b6"},"geometry":{"type":"Polygon","coordinates":[[[106.69179,11.123318],[106.691783,11.123435],[106.691786,11.123567],[106.691298,11.123756],[106.691132,11.123758],[106.690075,11.124716],[106.690161,11.125272],[106.690168,11.125288],[106.690212,11.125759],[106.690202,11.1258],[106.690119,11.126006],[106.690029,11.126159],[106.689993,11.126229],[106.689806,11.126422],[106.689772,11.126445],[106.689529,11.126686],[106.689414,11.12688],[106.689384,11.126952],[106.689377,11.12697],[106.689318,11.127092],[106.689138,11.127395],[106.689098,11.127468],[106.688954,11.127758],[106.688931,11.127828],[106.68876,11.128173],[106.688695,11.128282],[106.68844,11.128634],[106.688345,11.12858],[106.688246,11.128569],[106.689084,11.127092],[106.689308,11.126639],[106.689659,11.125816],[106.689777,11.125415],[106.689867,11.124887],[106.690594,11.123726],[106.691038,11.123406],[106.691759,11.122279],[106.691925,11.121795],[106.692085,11.121793],[106.691966,11.122491],[106.691992,11.122641],[106.69202,11.122728],[106.692024,11.122754],[106.692034,11.122865],[106.692036,11.122976],[106.69203,11.122986],[106.691861,11.123184],[106.691809,11.123261],[106.69179,11.123318]]]}},{"type":"Feature","properties":{"loai_qh":"Cây xanh","mau":"#27ae60"},"geometry":{"type":"Polygon","coordinates":[[[106.692064,11.121794],[106.691948,11.122494],[106.691974,11.122645],[106.692002,11.122732],[106.692006,11.122757],[106.692016,11.122865],[106.692018,11.122971],[106.692015,11.122976],[106.691847,11.123173],[106.691792,11.123253],[106.691771,11.123315],[106.691765,11.123435],[106.691767,11.123559],[106.691298,11.123738],[106.691131,11.12374],[106.690057,11.124714],[106.690144,11.12528],[106.690151,11.125296],[106.690194,11.125754],[106.690184,11.125796],[106.690103,11.125997],[106.690013,11.12615],[106.689978,11.12622],[106.689795,11.126407],[106.689762,11.126431],[106.689514,11.126675],[106.689397,11.126872],[106.689366,11.126945],[106.689359,11.126964],[106.689302,11.127083],[106.689122,11.127386],[106.689081,11.12746],[106.688937,11.127752],[106.688914,11.127821],[106.688744,11.128166],[106.68868,11.128271],[106.688435,11.12861],[106.688351,11.128563],[106.688276,11.128554],[106.6891,11.127101],[106.689325,11.126646],[106.689676,11.125823],[106.689795,11.125418],[106.689885,11.12489],[106.690605,11.123741],[106.691049,11.123421],[106.691777,11.122282],[106.691946,11.121795],[106.692064,11.121794]]]}},{"type":"Feature","properties":{"loai_qh":"Cây xanh","mau":"#27ae60"},"geometry":{"type":"MultiPolygon","coordinates":[[[[106.692044,11.107697],[106.691946,11.108198],[106.692048,11.108804],[106.692639,11.111274],[106.692886,11.112013],[106.693417,11.113235],[106.693477,11.113393],[106.69352,11.113549],[106.693597,11.113611],[106.693935,11.113609],[106.693888,11.113592],[106.693808,11.113564],[106.693745,11.113559],[106.693714,11.113547],[106.693672,11.113531],[106.693681,11.113474],[106.693639,11.11324],[106.693644,11.113183],[106.693412,11.112758],[106.693338,11.112593],[106.693201,11.112206],[106.693164,11.112121],[106.692935,11.111685],[106.692831,11.111398],[106.692604,11.110357],[106.692494,11.109755],[106.692478,11.109619],[106.692474,11.109555],[106.69284,11.10865],[106.692846,11.108644],[106.692846,11.108644],[106.692786,11.108624],[106.69271,11.108627],[106.692637,11.108501],[106.692612,11.10849],[106.692613,11.108492],[106.692217,11.108194],[106.692043,11.107703],[106.692044,11.107697]]],[[[106.692066,11.107584],[106.692307,11.106961],[106.69257,11.106643],[106.693141,11.105921],[106.693242,11.105743],[106.693273,11.105661],[106.693256,11.105483],[106.693197,11.105448],[106.693129,11.105422],[106.692701,11.10472],[106.692727,11.104494],[106.692891,11.104111],[106.693163,11.103784],[106.693189,11.103605],[106.69312,11.103445],[106.693061,11.103338],[106.692739,11.102869],[106.692681,11.102768],[106.692635,11.102758],[106.692505,11.102729],[106.69254,11.10293],[106.6926,11.104015],[106.692546,11.104829],[106.692536,11.105534],[106.692229,11.106748],[106.692066,11.107584]]]]}},{"type":"Feature","properties":{"loai_qh":"Thương mại - dịch vụ","mau":"#9b59b6"},"geometry":{"type":"Polygon","coordinates":[[[106.668346,11.113691],[106.6683,11.112929],[106.668302,11.112908],[106.668594,11.111677],[106.669507,11.111529],[106.669494,11.111414],[106.67049,11.111261],[106.670592,11.111246],[106.672023,11.111033],[106.671803,11.108928],[106.671241,11.109],[106.670758,11.109076],[106.670509,11.109107],[106.670072,11.109171],[106.66947,11.109274],[106.669422,11.109294],[106.669147,11.109351],[106.669512,11.107816],[106.669592,11.107832],[106.670583,11.107708],[106.671306,11.107632],[106.671399,11.107938],[106.671919,11.107911],[106.672035,11.107948],[106.672149,11.108489],[106.672788,11.108412],[106.672947,11.108727],[106.673623,11.108669],[106.67362,11.109278],[106.673651,11.109629],[106.673815,11.110518],[106.67383,11.110619],[106.673952,11.11162],[106.673964,11.1117],[106.67407,11.112337],[106.674083,11.112434],[106.674152,11.113068],[106.67416,11.113137],[106.674234,11.113643],[106.668346,11.113691]]]}},{"type":"Feature","properties":{"loai_qh":"Thương mại - dịch vụ","mau":"#9b59b6"},"geometry":{"type":"Polygon","coordinates":[[[106.658366,11.111811],[106.657985,11.111867],[106.657983,11.111822],[106.657996,11.111789],[106.657926,11.111025],[106.657781,11.109842],[106.657685,11.108756],[106.657653,11.108453],[106.657624,11.108286],[106.657587,11.107646],[106.657752,11.107623],[106.657619,11.107921],[106.657971,11.111365],[106.657985,11.111514],[106.658366,11.111811]]]}},{"type":"Feature","properties":{"loai_qh":"Đất ở hỗn hợp","mau":"#e67e22"},"geometry":{"type":"Polygon","coordinates":[[[106.692443,11.11132],[106.692701,11.112091],[106.693231,11.113312],[106.693314,11.113542],[106.69327,11.113605],[106.685586,11.113669],[106.685543,11.113618],[106.685872,11.111909],[106.68638,11.112022],[106.686435,11.112034],[106.686862,11.112129],[106.687299,11.112226],[106.687774,11.112331],[106.687826,11.112108],[106.687833,11.112079],[106.687932,11.111652],[106.688007,11.11133],[106.688131,11.1108],[106.688142,11.110745],[106.688232,11.110361],[106.688237,11.110337],[106.688298,11.110074],[106.688409,11.109597],[106.688451,11.109417],[106.688464,11.109361],[106.688471,11.10933],[106.688477,11.109306],[106.688477,11.109306],[106.68852,11.109117],[106.688549,11.108995],[106.688605,11.108754],[106.688645,11.108582],[106.688688,11.108395],[106.688715,11.108278],[106.688826,11.107801],[106.688921,11.107389],[106.689005,11.107028],[106.689007,11.107022],[106.689062,11.106783],[106.68924,11.106017],[106.689246,11.105993],[106.689323,11.10566],[106.689356,11.105517],[106.689393,11.10536],[106.689452,11.105104],[106.689462,11.105062],[106.689533,11.104757],[106.689609,11.104429],[106.689675,11.104143],[106.689675,11.104143],[106.689753,11.10381],[106.689764,11.103762],[106.689846,11.103407],[106.689849,11.103393],[106.689897,11.103187],[106.690124,11.102211],[106.691082,11.102424],[106.691161,11.102441],[106.691251,11.102461],[106.691315,11.102475],[106.69171,11.102562],[106.691713,11.102563],[106.691807,11.102584],[106.691914,11.102608],[106.691995,11.102626],[106.692071,11.102643],[106.692099,11.102649],[106.692294,11.102692],[106.692342,11.102964],[106.692399,11.104002],[106.692345,11.104821],[106.692335,11.105531],[106.69205,11.106657],[106.691746,11.108217],[106.691852,11.10885],[106.692443,11.11132]]]}},{"type":"Feature","properties":{"loai_qh":"Đất ở hỗn hợp","mau":"#e67e22"},"geometry":{"type":"Polygon","coordinates":[[[106.684682,11.113618],[106.684611,11.113677],[106.682311,11.113696],[106.681831,11.113227],[106.681827,11.112034],[106.681827,11.112029],[106.681827,11.112025],[106.681827,11.11202],[106.681827,11.112016],[106.681827,11.112011],[106.681827,11.112007],[106.681827,11.112002],[106.681827,11.111998],[106.681827,11.111993],[106.681827,11.111989],[106.681827,11.111984],[106.681827,11.11198],[106.681827,11.111975],[106.681827,11.111966],[106.681827,11.111957],[106.681827,11.111948],[106.681827,11.111939],[106.681827,11.11193],[106.681827,11.111922],[106.681827,11.111913],[106.681827,11.111904],[106.681827,11.111895],[106.681827,11.111886],[106.681827,11.111877],[106.681827,11.111868],[106.681827,11.111859],[106.681827,11.11185],[106.681827,11.111846],[106.681827,11.111837],[106.681827,11.111833],[106.681827,11.111824],[106.681827,11.111819],[106.681827,11.11181],[106.681827,11.111806],[106.681827,11.111802],[106.681827,11.111797],[106.681827,11.111793],[106.681827,11.111788],[106.681827,11.111784],[106.681827,11.11178],[106.681827,11.111775],[106.681827,11.111771],[106.681828,11.111766],[106.681828,11.111762],[106.681828,11.111758],[106.681828,11.111753],[106.681828,11.111749],[106.681828,11.111744],[106.681828,11.11174],[106.681828,11.111736],[106.681828,11.111731],[106.681828,11.111727],[106.681828,11.111722],[106.681828,11.111718],[106.681829,11.111714],[106.681829,11.111709],[106.681829,11.111705],[106.681829,11.111701],[106.681829,11.111696],[106.681829,11.111692],[106.681829,11.111687],[106.681829,11.111683],[106.681829,11.111679],[106.68183,11.111674],[106.68183,11.11167],[106.68183,11.111666],[106.68183,11.111661],[106.68183,11.111657],[106.68183,11.111653],[106.68183,11.111648],[106.681831,11.111644],[106.681831,11.11164],[106.681831,11.111635],[106.681831,11.111631],[106.681831,11.111627],[106.681831,11.111622],[106.681832,11.111618],[106.681832,11.111614],[106.681832,11.111609],[106.681832,11.111606],[106.681895,11.111043],[106.681895,11.111042],[106.681896,11.111038],[106.681896,11.111034],[106.681897,11.11103],[106.681898,11.111027],[106.68218,11.11109],[106.682186,11.111091],[106.682186,11.111091],[106.682961,11.111263],[106.683151,11.111305],[106.684016,11.111497],[106.684049,11.111505],[106.68405,11.111505],[106.684635,11.111635],[106.684895,11.111693],[106.68504,11.111725],[106.684682,11.113618]]]}},{"type":"Feature","properties":{"loai_qh":"Đất ở hỗn hợp","mau":"#e67e22"},"geometry":{"type":"Polygon","coordinates":[[[106.681421,11.111698],[106.681421,11.111716],[106.681421,11.111735],[106.68142,11.111753],[106.68142,11.111772],[106.68142,11.11179],[106.68142,11.111809],[106.68142,11.111827],[106.681419,11.111846],[106.681419,11.111864],[106.681419,11.111883],[106.681419,11.111901],[106.681419,11.111919],[106.681419,11.111931],[106.681419,11.111935],[106.681419,11.11194],[106.681419,11.111944],[106.681419,11.111949],[106.681419,11.111954],[106.681419,11.111958],[106.681419,11.111963],[106.681419,11.111967],[106.681419,11.111972],[106.681419,11.111976],[106.681419,11.111985],[106.681419,11.111994],[106.681419,11.112004],[106.681419,11.112013],[106.681419,11.112022],[106.681419,11.112031],[106.681423,11.113235],[106.680951,11.113707],[106.679427,11.11372],[106.67934,11.113644],[106.67896,11.110678],[106.678928,11.110501],[106.678897,11.110361],[106.679433,11.11048],[106.679433,11.11048],[106.679645,11.110527],[106.679891,11.110582],[106.680201,11.11065],[106.680456,11.110707],[106.681041,11.110837],[106.681425,11.110922],[106.6815,11.110939],[106.681498,11.110947],[106.681495,11.110966],[106.681494,11.110973],[106.681426,11.111573],[106.681425,11.111585],[106.681424,11.111604],[106.681424,11.111623],[106.681423,11.111641],[106.681422,11.11166],[106.681422,11.111679],[106.681421,11.111698]]]}},{"type":"Feature","properties":{"loai_qh":"Đất ở hỗn hợp","mau":"#e67e22"},"geometry":{"type":"Polygon","coordinates":[[[106.679096,11.113651],[106.679032,11.113723],[106.674546,11.11376],[106.674457,11.113684],[106.674373,11.113107],[106.674366,11.113045],[106.674297,11.112411],[106.674282,11.112302],[106.674176,11.111666],[106.674166,11.111594],[106.674044,11.110594],[106.674026,11.11048],[106.673863,11.109591],[106.673835,11.10928],[106.673837,11.108929],[106.674731,11.108802],[106.674826,11.108755],[106.674858,11.108733],[106.674838,11.108781],[106.674934,11.109481],[106.675011,11.109499],[106.675195,11.109539],[106.67535,11.109574],[106.675769,11.109667],[106.675798,11.109673],[106.675798,11.109673],[106.676152,11.109752],[106.676399,11.109807],[106.676554,11.109841],[106.676677,11.109868],[106.677604,11.110074],[106.678635,11.110303],[106.678691,11.110553],[106.678719,11.110709],[106.679096,11.113651]]]}},{"type":"Feature","properties":{"loai_qh":"Đất ở hỗn hợp","mau":"#e67e22"},"geometry":{"type":"Polygon","coordinates":[[[106.674043,11.112341],[106.674056,11.112437],[106.674124,11.113071],[106.674133,11.113141],[106.674213,11.113691],[106.674151,11.113763],[106.668457,11.11381],[106.668376,11.113735],[106.668327,11.112927],[106.668328,11.112914],[106.668617,11.1117],[106.669537,11.111552],[106.669524,11.111437],[106.670494,11.111288],[106.670596,11.111273],[106.672053,11.111056],[106.671827,11.108898],[106.671237,11.108974],[106.670754,11.109049],[106.670506,11.10908],[106.670068,11.109144],[106.669462,11.109248],[106.669414,11.109268],[106.669184,11.109315],[106.669532,11.107848],[106.66959,11.10786],[106.670586,11.107735],[106.671287,11.107661],[106.671379,11.107966],[106.671915,11.107938],[106.672011,11.107969],[106.672127,11.108519],[106.672772,11.108441],[106.67293,11.108755],[106.673596,11.108699],[106.673592,11.109278],[106.673624,11.109634],[106.673788,11.110523],[106.673803,11.110623],[106.673925,11.111623],[106.673937,11.111705],[106.674043,11.112341]]]}},{"type":"Feature","properties":{"loai_qh":"Đất ở hỗn hợp","mau":"#e67e22"},"geometry":{"type":"Polygon","coordinates":[[[106.667969,11.11374],[106.667899,11.113814],[106.666115,11.113829],[106.666031,11.113754],[106.665765,11.110845],[106.665817,11.110779],[106.667717,11.110502],[106.667775,11.110549],[106.667969,11.11374]]]}},{"type":"Feature","properties":{"loai_qh":"Đất ở hỗn hợp","mau":"#e67e22"},"geometry":{"type":"Polygon","coordinates":[[[106.66582,11.113759],[106.665753,11.113832],[106.664668,11.113841],[106.664282,11.113497],[106.664257,11.113231],[106.664167,11.112967],[106.66399,11.111122],[106.664058,11.111036],[106.665496,11.110826],[106.665556,11.110873],[106.66582,11.113759]]]}},{"type":"Feature","properties":{"loai_qh":"Đất ở hỗn hợp","mau":"#e67e22"},"geometry":{"type":"Polygon","coordinates":[[[106.66362,11.113018],[106.663599,11.113171],[106.663291,11.113218],[106.66332,11.113381],[106.663586,11.113337],[106.663596,11.113437],[106.663217,11.113853],[106.662156,11.113861],[106.662092,11.113804],[106.661874,11.111385],[106.661927,11.111321],[106.663382,11.111129],[106.663443,11.111178],[106.66362,11.113018]]]}},{"type":"Feature","properties":{"loai_qh":"Đất ở hỗn hợp","mau":"#e67e22"},"geometry":{"type":"Polygon","coordinates":[[[106.661849,11.113809],[106.661799,11.113864],[106.660333,11.113876],[106.660274,11.113877],[106.660207,11.113877],[106.66015,11.113826],[106.660127,11.113583],[106.660094,11.113142],[106.660082,11.112563],[106.660041,11.111998],[106.660003,11.111657],[106.660053,11.111592],[106.661573,11.11137],[106.661634,11.111417],[106.661849,11.113809]]]}},{"type":"Feature","properties":{"loai_qh":"Đất ở hỗn hợp","mau":"#e67e22"},"geometry":{"type":"Polygon","coordinates":[[[106.659909,11.112571],[106.65992,11.11315],[106.659954,11.113597],[106.659969,11.113762],[106.659973,11.113807],[106.659906,11.11388],[106.659861,11.11388],[106.659802,11.113881],[106.659742,11.113881],[106.659683,11.113882],[106.659624,11.113882],[106.659565,11.113883],[106.659506,11.113883],[106.659447,11.113884],[106.659388,11.113884],[106.659329,11.113885],[106.65927,11.113885],[106.659211,11.113886],[106.659152,11.113886],[106.659093,11.113887],[106.659034,11.113887],[106.658975,11.113888],[106.658916,11.113888],[106.658857,11.113889],[106.658798,11.113889],[106.658739,11.11389],[106.658679,11.11389],[106.65862,11.113891],[106.658561,11.113891],[106.658502,11.113892],[106.65817,11.113894],[106.658126,11.113398],[106.658111,11.113248],[106.658096,11.11312],[106.658085,11.112998],[106.658073,11.112869],[106.658053,11.112541],[106.658031,11.112158],[106.658014,11.11189],[106.65837,11.111838],[106.659768,11.111634],[106.65983,11.111681],[106.659868,11.112014],[106.659909,11.112571]]]}},{"type":"Feature","properties":{"loai_qh":"Cây xanh","mau":"#27ae60"},"geometry":{"type":"Polygon","coordinates":[[[106.634265,11.069489],[106.634191,11.069424],[106.63408,11.069436],[106.634268,11.069795],[106.634265,11.069489]]]}},{"type":"Feature","properties":{"loai_qh":"Công cộng","mau":"#f39c12"},"geometry":{"type":"Polygon","coordinates":[[[106.648454,11.047799],[106.648519,11.047867],[106.64848,11.047916],[106.648432,11.047998],[106.648363,11.047955],[106.648453,11.047829],[106.64844,11.04782],[106.648454,11.047799]]]}},{"type":"Feature","properties":{"loai_qh":"Công cộng","mau":"#f39c12"},"geometry":{"type":"Polygon","coordinates":[[[106.628168,11.064772],[106.628084,11.064768],[106.628083,11.064758],[106.628079,11.064694],[106.628162,11.064689],[106.628168,11.064772]]]}},{"type":"Feature","properties":{"loai_qh":"Công cộng","mau":"#f39c12"},"geometry":{"type":"Polygon","coordinates":[[[106.632017,11.051084],[106.632046,11.051099],[106.632128,11.051144],[106.632057,11.051251],[106.631949,11.051188],[106.632017,11.051084]]]}},{"type":"Feature","properties":{"loai_qh":"Cây xanh","mau":"#27ae60"},"geometry":{"type":"Polygon","coordinates":[[[106.648496,11.081689],[106.648479,11.081615],[106.648685,11.081705],[106.648724,11.081711],[106.648856,11.081766],[106.649153,11.081984],[106.649299,11.082074],[106.649442,11.082147],[106.649691,11.082352],[106.649784,11.082471],[106.650031,11.082845],[106.650099,11.082972],[106.650248,11.083335],[106.650376,11.083534],[106.648496,11.081689]]]}},{"type":"Feature","properties":{"loai_qh":"Cây xanh","mau":"#27ae60"},"geometry":{"type":"Polygon","coordinates":[[[106.646266,11.079655],[106.646259,11.079553],[106.646333,11.07947],[106.646366,11.079432],[106.646479,11.079541],[106.646596,11.079687],[106.64674,11.079919],[106.647067,11.080254],[106.647689,11.080658],[106.647771,11.080706],[106.648199,11.080934],[106.648259,11.081024],[106.648278,11.081262],[106.648347,11.081462],[106.648273,11.081479],[106.646266,11.079655]]]}},{"type":"Feature","properties":{"loai_qh":"Cây xanh","mau":"#27ae60"},"geometry":{"type":"Polygon","coordinates":[[[106.648479,11.081615],[106.648478,11.081612],[106.648511,11.081523],[106.648699,11.081616],[106.648738,11.081622],[106.64891,11.081693],[106.649208,11.081912],[106.649341,11.081994],[106.649484,11.082067],[106.649763,11.082297],[106.649859,11.082419],[106.650108,11.082795],[106.650184,11.082938],[106.650333,11.083301],[106.650362,11.083361],[106.650362,11.083365],[106.650365,11.083367],[106.650575,11.083566],[106.651301,11.083944],[106.651454,11.084087],[106.651526,11.084207],[106.651629,11.084362],[106.65195,11.084582],[106.652114,11.08462],[106.652178,11.084637],[106.652154,11.084715],[106.652153,11.084724],[106.652093,11.084708],[106.65193,11.08467],[106.651553,11.084411],[106.651449,11.084255],[106.651375,11.084133],[106.651258,11.084024],[106.650533,11.083646],[106.650248,11.083335],[106.650099,11.082972],[106.650031,11.082845],[106.649784,11.082471],[106.649691,11.082352],[106.649442,11.082147],[106.649299,11.082074],[106.649153,11.081984],[106.648856,11.081766],[106.648724,11.081711],[106.648685,11.081705],[106.648479,11.081615]]]}},{"type":"Feature","properties":{"loai_qh":"Cây xanh","mau":"#27ae60"},"geometry":{"type":"Polygon","coordinates":[[[106.646423,11.07936],[106.646366,11.079432],[106.646479,11.079541],[106.646596,11.079687],[106.64674,11.079919],[106.647067,11.080254],[106.647689,11.080658],[106.647771,11.080706],[106.648199,11.080934],[106.648259,11.081024],[106.648278,11.081262],[106.648347,11.081462],[106.648392,11.081452],[106.648413,11.081395],[106.648369,11.081254],[106.64835,11.081017],[106.648242,11.080854],[106.647815,11.080627],[106.64774,11.080583],[106.647118,11.080179],[106.646818,11.079872],[106.646675,11.07964],[106.646543,11.079476],[106.646423,11.07936]]]}},{"type":"Feature","properties":{"loai_qh":"Cây xanh","mau":"#27ae60"},"geometry":{"type":"Polygon","coordinates":[[[106.644618,11.078041],[106.645049,11.078152],[106.645215,11.078211],[106.645193,11.078252],[106.645182,11.078271],[106.645319,11.078334],[106.645583,11.078507],[106.645715,11.078704],[106.64575,11.078791],[106.645822,11.078868],[106.64596,11.078965],[106.646082,11.079036],[106.646156,11.079078],[106.646304,11.079178],[106.646272,11.079226],[106.646359,11.079299],[106.646209,11.079183],[106.645946,11.079025],[106.64573,11.078848],[106.645654,11.078765],[106.645602,11.078688],[106.64532,11.078423],[106.645227,11.07837],[106.645015,11.078283],[106.644613,11.07818],[106.644618,11.078041]]]}},{"type":"Feature","properties":{"loai_qh":"Cây xanh","mau":"#27ae60"},"geometry":{"type":"Polygon","coordinates":[[[106.644618,11.078041],[106.645049,11.078152],[106.645215,11.078211],[106.645193,11.078252],[106.645182,11.078271],[106.645319,11.078334],[106.645583,11.078507],[106.645715,11.078704],[106.64575,11.078791],[106.645822,11.078868],[106.64596,11.078965],[106.646082,11.079036],[106.646156,11.079078],[106.646304,11.079178],[106.646272,11.079226],[106.646359,11.079299],[106.646209,11.079183],[106.645946,11.079025],[106.64573,11.078848],[106.645654,11.078765],[106.645602,11.078688],[106.64532,11.078423],[106.645227,11.07837],[106.645015,11.078283],[106.644613,11.07818],[106.644618,11.078041]]]}},{"type":"Feature","properties":{"loai_qh":"Cây xanh","mau":"#27ae60"},"geometry":{"type":"Polygon","coordinates":[[[106.648511,11.081523],[106.648529,11.081476],[106.648613,11.08157],[106.648727,11.081596],[106.648908,11.081642],[106.649168,11.081836],[106.649376,11.08196],[106.649629,11.082089],[106.649727,11.082154],[106.649793,11.082217],[106.649856,11.082307],[106.65,11.08255],[106.650134,11.082798],[106.650192,11.082891],[106.65026,11.082984],[106.650336,11.083164],[106.650348,11.083207],[106.650353,11.083248],[106.650358,11.083329],[106.650362,11.083361],[106.650333,11.083301],[106.650184,11.082938],[106.650108,11.082795],[106.649859,11.082419],[106.649763,11.082297],[106.649484,11.082067],[106.649341,11.081994],[106.649208,11.081912],[106.64891,11.081693],[106.648738,11.081622],[106.648699,11.081616],[106.648511,11.081523]]]}},{"type":"Feature","properties":{"loai_qh":"Cây xanh","mau":"#27ae60"},"geometry":{"type":"Polygon","coordinates":[[[106.648432,11.081346],[106.648413,11.081395],[106.648369,11.081254],[106.64835,11.081017],[106.648242,11.080854],[106.647815,11.080627],[106.64774,11.080583],[106.647118,11.080179],[106.646818,11.079872],[106.646675,11.07964],[106.646543,11.079476],[106.646423,11.07936],[106.646462,11.079304],[106.646584,11.07943],[106.646693,11.079583],[106.646727,11.079651],[106.646977,11.080021],[106.647101,11.080113],[106.647408,11.08034],[106.647615,11.080474],[106.647797,11.08055],[106.647915,11.080609],[106.648111,11.080693],[106.648308,11.080803],[106.648386,11.080869],[106.648398,11.080893],[106.648426,11.080945],[106.648448,11.08101],[106.648458,11.081135],[106.648415,11.08126],[106.648432,11.081346]]]}},{"type":"Feature","properties":{"loai_qh":"Cây xanh","mau":"#27ae60"},"geometry":{"type":"Polygon","coordinates":[[[106.64462,11.077948],[106.645072,11.078065],[106.645258,11.078131],[106.645215,11.078211],[106.645049,11.078152],[106.644618,11.078041],[106.64462,11.077948]]]}},{"type":"Feature","properties":{"loai_qh":"Thương mại - dịch vụ","mau":"#9b59b6"},"geometry":{"type":"Polygon","coordinates":[[[106.647991,11.04731],[106.647932,11.04738],[106.647887,11.047348],[106.647666,11.047189],[106.647991,11.04731]]]}},{"type":"Feature","properties":{"loai_qh":"Tôn giáo - di tích","mau":"#8e44ad"},"geometry":{"type":"Polygon","coordinates":[[[106.629789,11.060626],[106.629787,11.060626],[106.629388,11.060665],[106.629537,11.060952],[106.629556,11.060951],[106.629796,11.060896],[106.629789,11.060626]]]}},{"type":"Feature","properties":{"loai_qh":"Tôn giáo - di tích","mau":"#8e44ad"},"geometry":{"type":"Polygon","coordinates":[[[106.638151,11.055536],[106.638182,11.055625],[106.638808,11.055864],[106.639021,11.055416],[106.638437,11.05505],[106.638151,11.055536]]]}},{"type":"Feature","properties":{"loai_qh":"Tôn giáo - di tích","mau":"#8e44ad"},"geometry":{"type":"Polygon","coordinates":[[[106.637636,11.059923],[106.637688,11.059859],[106.637723,11.05988],[106.637816,11.059942],[106.637849,11.059964],[106.637836,11.059992],[106.637692,11.060161],[106.637557,11.060248],[106.637498,11.060178],[106.637445,11.060116],[106.637636,11.059923]]]}},{"type":"Feature","properties":{"loai_qh":"Tôn giáo - di tích","mau":"#8e44ad"},"geometry":{"type":"Polygon","coordinates":[[[106.615349,11.066255],[106.61535,11.066164],[106.615359,11.06606],[106.615364,11.066032],[106.615361,11.066029],[106.615353,11.066005],[106.615048,11.066044],[106.615031,11.066046],[106.614922,11.066079],[106.61492,11.066303],[106.614444,11.066302],[106.614447,11.066036],[106.614244,11.066027],[106.614052,11.066058],[106.613655,11.066241],[106.613636,11.066252],[106.613647,11.066259],[106.613641,11.066262],[106.613512,11.066367],[106.613532,11.066473],[106.613739,11.066544],[106.613954,11.066587],[106.614021,11.066601],[106.614068,11.066599],[106.614097,11.066598],[106.614157,11.066595],[106.614251,11.066653],[106.61444,11.066862],[106.614495,11.066886],[106.614585,11.066871],[106.614545,11.066693],[106.615032,11.066547],[106.615144,11.066309],[106.615349,11.066255]]]}},{"type":"Feature","properties":{"loai_qh":"An ninh quốc phòng","mau":"#566573"},"geometry":{"type":"Polygon","coordinates":[[[106.633656,11.054363],[106.633611,11.054456],[106.633542,11.0546],[106.633463,11.054762],[106.633413,11.054849],[106.633369,11.054953],[106.633642,11.055113],[106.63368,11.055131],[106.633833,11.054797],[106.633978,11.054532],[106.633656,11.054363]]]}},{"type":"Feature","properties":{"loai_qh":"Công cộng","mau":"#f39c12"},"geometry":{"type":"Polygon","coordinates":[[[106.648454,11.047799],[106.648519,11.047867],[106.64848,11.047916],[106.648432,11.047998],[106.648363,11.047955],[106.648453,11.047829],[106.64844,11.04782],[106.648454,11.047799]]]}},{"type":"Feature","properties":{"loai_qh":"Công cộng","mau":"#f39c12"},"geometry":{"type":"Polygon","coordinates":[[[106.632017,11.051084],[106.632046,11.051099],[106.632128,11.051144],[106.632057,11.051251],[106.631949,11.051188],[106.632017,11.051084]]]}},{"type":"Feature","properties":{"loai_qh":"Công cộng","mau":"#f39c12"},"geometry":{"type":"Polygon","coordinates":[[[106.64295,11.051063],[106.642549,11.051683],[106.641299,11.051083],[106.641309,11.051072],[106.641318,11.051062],[106.641396,11.050949],[106.641459,11.050832],[106.641486,11.050788],[106.641607,11.050611],[106.641631,11.050579],[106.641724,11.050466],[106.641751,11.050435],[106.641954,11.050226],[106.641983,11.050199],[106.642177,11.050029],[106.642264,11.050022],[106.642497,11.050164],[106.642888,11.05033],[106.643122,11.050391],[106.64295,11.051063]]]}},{"type":"Feature","properties":{"loai_qh":"Nghĩa trang","mau":"#839192"},"geometry":{"type":"Polygon","coordinates":[[[106.644004,11.073247],[106.643699,11.07325],[106.642909,11.073255],[106.642887,11.073489],[106.642731,11.073636],[106.642317,11.073701],[106.642467,11.074058],[106.642485,11.074057],[106.642932,11.074038],[106.643261,11.074147],[106.643463,11.074291],[106.644017,11.074626],[106.644004,11.073247]]]}},{"type":"Feature","properties":{"loai_qh":"Đất ở","mau":"#e74c3c"},"geometry":{"type":"Polygon","coordinates":[[[106.636613,11.058434],[106.6359,11.059101],[106.635901,11.059102],[106.636064,11.059295],[106.636095,11.059332],[106.636169,11.059419],[106.636258,11.059523],[106.636659,11.059818],[106.636661,11.059817],[106.636717,11.059752],[106.63685,11.059602],[106.637209,11.059197],[106.637358,11.059057],[106.637463,11.058982],[106.637672,11.058876],[106.637787,11.058838],[106.636613,11.058434]]]}},{"type":"Feature","properties":{"loai_qh":"Đất ở","mau":"#e74c3c"},"geometry":{"type":"Polygon","coordinates":[[[106.636392,11.052328],[106.636824,11.051683],[106.637423,11.050842],[106.637523,11.050704],[106.637602,11.050692],[106.637832,11.050858],[106.637844,11.050866],[106.638065,11.051037],[106.638095,11.051059],[106.63828,11.051185],[106.638503,11.051333],[106.638911,11.051609],[106.638947,11.051662],[106.638957,11.05171],[106.639049,11.051863],[106.639079,11.051888],[106.63935,11.052081],[106.63937,11.052094],[106.639667,11.052289],[106.639683,11.052367],[106.639598,11.052491],[106.639552,11.052571],[106.639443,11.052794],[106.63944,11.0528],[106.639336,11.053007],[106.639313,11.053058],[106.639241,11.053241],[106.639229,11.053267],[106.639024,11.053701],[106.639007,11.053734],[106.638609,11.054423],[106.638593,11.054453],[106.638543,11.054552],[106.638526,11.054582],[106.638481,11.054655],[106.638403,11.054675],[106.637967,11.054416],[106.637812,11.054316],[106.637791,11.054302],[106.637485,11.05408],[106.637472,11.054028],[106.637521,11.053935],[106.637445,11.053639],[106.636728,11.053154],[106.636662,11.053112],[106.636197,11.05283],[106.636166,11.052673],[106.636224,11.052597],[106.63639,11.052333],[106.636392,11.052328]]]}},{"type":"Feature","properties":{"loai_qh":"Đất ở","mau":"#e74c3c"},"geometry":{"type":"Polygon","coordinates":[[[106.624175,11.056844],[106.624242,11.056812],[106.624462,11.056898],[106.625229,11.057195],[106.626021,11.057497],[106.626357,11.057635],[106.626382,11.057698],[106.626063,11.058312],[106.626034,11.058358],[106.625604,11.058999],[106.625515,11.059026],[106.623484,11.058189],[106.623456,11.058118],[106.623566,11.05789],[106.623712,11.057633],[106.623844,11.0574],[106.623862,11.05737],[106.624058,11.057079],[106.624088,11.057029],[106.624125,11.056962],[106.624175,11.056844]]]}},{"type":"Feature","properties":{"loai_qh":"Đất ở","mau":"#e74c3c"},"geometry":{"type":"Polygon","coordinates":[[[106.64901,11.05303],[106.65011,11.053309],[106.653077,11.053128],[106.653207,11.053085],[106.653304,11.053133],[106.653455,11.053618],[106.653679,11.0563],[106.653658,11.056712],[106.653558,11.057232],[106.65338,11.057935],[106.653305,11.057989],[106.652028,11.057909],[106.650693,11.057122],[106.648718,11.055186],[106.648585,11.055108],[106.648561,11.055038],[106.648891,11.053648],[106.648936,11.053078],[106.64901,11.05303]]]}},{"type":"Feature","properties":{"loai_qh":"Đất ở","mau":"#e74c3c"},"geometry":{"type":"Polygon","coordinates":[[[106.635082,11.078816],[106.635077,11.078832],[106.635105,11.078883],[106.635461,11.079028],[106.63641,11.079424],[106.636418,11.079428],[106.637184,11.079755],[106.637301,11.079809],[106.63767,11.079995],[106.637738,11.080031],[106.639072,11.080769],[106.639113,11.080747],[106.639116,11.080701],[106.639101,11.08035],[106.639029,11.079711],[106.639025,11.079697],[106.638697,11.079001],[106.638573,11.078903],[106.6383,11.078667],[106.638094,11.078088],[106.638025,11.07806],[106.637705,11.078205],[106.637605,11.078268],[106.637559,11.078305],[106.637257,11.078443],[106.636063,11.078648],[106.63601,11.078655],[106.63561,11.07869],[106.635148,11.078765],[106.635089,11.078803],[106.635082,11.078816]]]}},{"type":"Feature","properties":{"loai_qh":"Đất ở","mau":"#e74c3c"},"geometry":{"type":"Polygon","coordinates":[[[106.642846,11.042861],[106.641555,11.041835],[106.641295,11.041576],[106.641094,11.041387],[106.640927,11.04124],[106.640758,11.041084],[106.640734,11.041071],[106.64065,11.041052],[106.640552,11.04108],[106.6404,11.04123],[106.640022,11.041585],[106.639954,11.041646],[106.639884,11.041728],[106.639461,11.042361],[106.638856,11.043245],[106.638871,11.043326],[106.639994,11.044127],[106.641211,11.04503],[106.641383,11.045144],[106.641462,11.04513],[106.642753,11.043373],[106.642887,11.043178],[106.642989,11.043018],[106.642971,11.04294],[106.642846,11.042861]]]}},{"type":"Feature","properties":{"loai_qh":"Đất ở","mau":"#e74c3c"},"geometry":{"type":"Polygon","coordinates":[[[106.622828,11.059004],[106.622879,11.059192],[106.62313,11.059608],[106.623546,11.060218],[106.624134,11.060957],[106.624191,11.06096],[106.624538,11.060578],[106.624627,11.060457],[106.625434,11.059254],[106.625414,11.05919],[106.623412,11.058365],[106.623299,11.058378],[106.622905,11.058661],[106.622831,11.058801],[106.622828,11.059004]]]}},{"type":"Feature","properties":{"loai_qh":"Đất ở","mau":"#e74c3c"},"geometry":{"type":"Polygon","coordinates":[[[106.619097,11.066631],[106.61909,11.066539],[106.619061,11.066262],[106.619054,11.066213],[106.618976,11.065789],[106.618967,11.06575],[106.618711,11.064732],[106.618561,11.064111],[106.618614,11.064048],[106.619459,11.06409],[106.61992,11.06409],[106.620443,11.064065],[106.620541,11.064056],[106.620579,11.064071],[106.620723,11.064263],[106.62079,11.064338],[106.620883,11.064428],[106.620994,11.064514],[106.62103,11.064535],[106.621088,11.064578],[106.621146,11.064627],[106.621199,11.064681],[106.621372,11.064888],[106.621691,11.065245],[106.621764,11.065357],[106.621769,11.065368],[106.621799,11.065456],[106.621843,11.065654],[106.621854,11.065732],[106.621862,11.065778],[106.621844,11.06582],[106.621271,11.066163],[106.621229,11.066185],[106.620687,11.066436],[106.620578,11.066471],[106.620281,11.066526],[106.61989,11.066616],[106.619839,11.066624],[106.619439,11.06667],[106.61941,11.066672],[106.619159,11.066685],[106.619097,11.066631]]]}},{"type":"Feature","properties":{"loai_qh":"Đất ở","mau":"#e74c3c"},"geometry":{"type":"Polygon","coordinates":[[[106.618854,11.066692],[106.618905,11.066637],[106.618898,11.066556],[106.61887,11.066282],[106.618865,11.066247],[106.618786,11.065823],[106.618781,11.065796],[106.618525,11.064777],[106.618362,11.064103],[106.618286,11.064044],[106.617823,11.064041],[106.617593,11.064042],[106.617244,11.06412],[106.616899,11.064282],[106.616847,11.064311],[106.616257,11.064689],[106.616245,11.064699],[106.616163,11.064804],[106.615999,11.065018],[106.61598,11.065044],[106.615859,11.065231],[106.615836,11.065271],[106.615755,11.065432],[106.615726,11.065508],[106.615625,11.065873],[106.615617,11.065912],[106.615584,11.066098],[106.615578,11.066165],[106.615574,11.066707],[106.615576,11.066749],[106.61564,11.067427],[106.615643,11.067464],[106.615716,11.067512],[106.615908,11.067475],[106.616327,11.067436],[106.616599,11.067269],[106.616627,11.067224],[106.616759,11.067033],[106.61683,11.066958],[106.616896,11.066904],[106.617139,11.066849],[106.617235,11.066872],[106.617326,11.066886],[106.617409,11.06688],[106.617551,11.066836],[106.617693,11.066794],[106.617737,11.066783],[106.617985,11.066741],[106.618444,11.066695],[106.618509,11.066692],[106.618854,11.066692]]]}},{"type":"Feature","properties":{"loai_qh":"Đất ở","mau":"#e74c3c"},"geometry":{"type":"Polygon","coordinates":[[[106.636453,11.041443],[106.636492,11.041374],[106.637214,11.040142],[106.637591,11.039502],[106.637892,11.03899],[106.637989,11.038969],[106.63852,11.039342],[106.638636,11.03942],[106.639423,11.039923],[106.63956,11.040009],[106.639611,11.040047],[106.640404,11.040718],[106.64044,11.040753],[106.640483,11.040798],[106.640482,11.040881],[106.640266,11.041094],[106.63989,11.041446],[106.639824,11.041507],[106.639724,11.041624],[106.639302,11.042256],[106.638701,11.043133],[106.638626,11.043145],[106.637756,11.042482],[106.637455,11.042246],[106.637263,11.04209],[106.637224,11.042061],[106.637038,11.041932],[106.636479,11.041553],[106.636453,11.041443]]]}},{"type":"Feature","properties":{"loai_qh":"Đất ở","mau":"#e74c3c"},"geometry":{"type":"Polygon","coordinates":[[[106.637359,11.075647],[106.637374,11.075578],[106.637406,11.075549],[106.637784,11.075492],[106.639355,11.075533],[106.639515,11.07557],[106.639543,11.075628],[106.63947,11.075775],[106.639143,11.076525],[106.638931,11.077112],[106.638832,11.077531],[106.638791,11.07758],[106.638238,11.07775],[106.638164,11.077713],[106.638098,11.07753],[106.637884,11.076981],[106.637514,11.076064],[106.637359,11.075647]]]}},{"type":"Feature","properties":{"loai_qh":"Đất ở","mau":"#e74c3c"},"geometry":{"type":"Polygon","coordinates":[[[106.625554,11.053334],[106.624747,11.051832],[106.625728,11.051271],[106.627508,11.051776],[106.627543,11.051843],[106.626687,11.05422],[106.626504,11.054719],[106.626466,11.054822],[106.626431,11.054965],[106.625554,11.053334]]]}},{"type":"Feature","properties":{"loai_qh":"Đất ở","mau":"#e74c3c"},"geometry":{"type":"Polygon","coordinates":[[[106.639772,11.07005],[106.639775,11.070101],[106.639807,11.070442],[106.639755,11.070517],[106.639595,11.07056],[106.639579,11.070564],[106.638583,11.070796],[106.638516,11.070812],[106.638485,11.070818],[106.638359,11.070838],[106.638299,11.070844],[106.637965,11.070839],[106.637921,11.07084],[106.637733,11.07085],[106.637674,11.070855],[106.637546,11.070874],[106.637309,11.070921],[106.637231,11.070941],[106.636795,11.071086],[106.636294,11.071239],[106.635906,11.071385],[106.635169,11.071667],[106.63513,11.07168],[106.634508,11.071854],[106.634458,11.071818],[106.634453,11.071406],[106.63443,11.069497],[106.634485,11.069444],[106.638348,11.06963],[106.638696,11.069646],[106.639698,11.069744],[106.639761,11.069809],[106.639772,11.07005]]]}},{"type":"Feature","properties":{"loai_qh":"Đất ở","mau":"#e74c3c"},"geometry":{"type":"Polygon","coordinates":[[[106.641085,11.055104],[106.641661,11.055596],[106.64166,11.055681],[106.641363,11.055941],[106.640638,11.056697],[106.640568,11.05677],[106.640483,11.056775],[106.64019,11.056533],[106.640131,11.05649],[106.639974,11.056388],[106.639954,11.056373],[106.639866,11.056295],[106.639858,11.056288],[106.63981,11.056241],[106.639716,11.056174],[106.63965,11.056141],[106.639608,11.056123],[106.638887,11.055865],[106.638846,11.055849],[106.639056,11.055406],[106.638474,11.055041],[106.638568,11.054883],[106.638691,11.054679],[106.638714,11.054637],[106.638765,11.054538],[106.638776,11.054517],[106.639106,11.053946],[106.63919,11.053918],[106.640105,11.054298],[106.640226,11.054372],[106.641085,11.055104]]]}},{"type":"Feature","properties":{"loai_qh":"Đất ở","mau":"#e74c3c"},"geometry":{"type":"Polygon","coordinates":[[[106.639906,11.071503],[106.640033,11.072873],[106.640057,11.073332],[106.640009,11.073388],[106.639087,11.073552],[106.637995,11.073886],[106.637929,11.073916],[106.637865,11.073886],[106.637748,11.073495],[106.63761,11.073013],[106.637603,11.072967],[106.637603,11.072931],[106.637613,11.072869],[106.63769,11.072772],[106.637841,11.07269],[106.638015,11.072481],[106.638032,11.072391],[106.638039,11.07227],[106.638045,11.072236],[106.638052,11.07221],[106.638091,11.072137],[106.638142,11.07208],[106.638193,11.072009],[106.638426,11.071577],[106.638442,11.071553],[106.638497,11.071482],[106.638573,11.071273],[106.638575,11.071209],[106.638573,11.071152],[106.63856,11.071048],[106.638604,11.070986],[106.639623,11.070749],[106.639645,11.070744],[106.639779,11.070707],[106.639835,11.070746],[106.639906,11.071503]]]}},{"type":"Feature","properties":{"loai_qh":"Đất ở","mau":"#e74c3c"},"geometry":{"type":"Polygon","coordinates":[[[106.62608,11.079081],[106.626426,11.079079],[106.62652,11.079024],[106.627252,11.077302],[106.627455,11.076721],[106.627523,11.076508],[106.627537,11.076454],[106.627572,11.076178],[106.627575,11.076117],[106.627576,11.075983],[106.627572,11.075895],[106.627564,11.075837],[106.627475,11.075752],[106.625764,11.075594],[106.625711,11.075643],[106.625741,11.076767],[106.625696,11.077017],[106.625509,11.077487],[106.625479,11.077613],[106.625452,11.07793],[106.625482,11.078045],[106.625597,11.07821],[106.625629,11.078566],[106.625438,11.078989],[106.625425,11.07902],[106.625384,11.079133],[106.625423,11.07918],[106.626079,11.079081],[106.62608,11.079081]]]}},{"type":"Feature","properties":{"loai_qh":"Đất ở","mau":"#e74c3c"},"geometry":{"type":"Polygon","coordinates":[[[106.637326,11.05419],[106.637302,11.053941],[106.63735,11.053848],[106.637337,11.053796],[106.636619,11.05331],[106.636562,11.053274],[106.636548,11.053265],[106.63604,11.052958],[106.63596,11.052976],[106.635601,11.05352],[106.635243,11.053966],[106.634808,11.054718],[106.63483,11.054792],[106.635797,11.055288],[106.636298,11.055552],[106.636378,11.055602],[106.636685,11.055827],[106.636709,11.055843],[106.63744,11.05631],[106.637513,11.056292],[106.6376,11.056132],[106.637947,11.055558],[106.638325,11.054916],[106.638305,11.054838],[106.637865,11.054577],[106.637707,11.054475],[106.637678,11.054455],[106.637371,11.054233],[106.637326,11.05419]]]}},{"type":"Feature","properties":{"loai_qh":"Đất ở","mau":"#e74c3c"},"geometry":{"type":"Polygon","coordinates":[[[106.638083,11.048479],[106.637997,11.04843],[106.637852,11.048348],[106.636467,11.047566],[106.636093,11.047382],[106.636058,11.047279],[106.636216,11.047012],[106.63623,11.046986],[106.636288,11.046876],[106.636664,11.046183],[106.636863,11.045784],[106.637045,11.045447],[106.637144,11.045417],[106.638621,11.046194],[106.6389,11.046166],[106.639013,11.046148],[106.639275,11.046303],[106.639368,11.046384],[106.639525,11.046496],[106.64025,11.04691],[106.640275,11.047012],[106.639329,11.048316],[106.639224,11.048441],[106.639193,11.048479],[106.639085,11.048615],[106.638963,11.04875],[106.638669,11.048804],[106.638583,11.048754],[106.638443,11.048667],[106.638381,11.048633],[106.638083,11.048479]]]}},{"type":"Feature","properties":{"loai_qh":"Đất ở","mau":"#e74c3c"},"geometry":{"type":"Polygon","coordinates":[[[106.628048,11.05894],[106.628136,11.059107],[106.628132,11.059128],[106.628119,11.059226],[106.628092,11.059465],[106.628084,11.059698],[106.628085,11.059795],[106.628012,11.059866],[106.62783,11.05986],[106.627221,11.059729],[106.6258,11.059144],[106.625781,11.05908],[106.625962,11.058809],[106.626194,11.058463],[106.62623,11.058406],[106.626863,11.057021],[106.626872,11.056995],[106.626932,11.056804],[106.627784,11.058434],[106.628002,11.058851],[106.628048,11.05894]]]}},{"type":"Feature","properties":{"loai_qh":"Đất ở","mau":"#e74c3c"},"geometry":{"type":"Polygon","coordinates":[[[106.63735,11.076172],[106.637705,11.077051],[106.637918,11.077595],[106.637992,11.077802],[106.637958,11.077881],[106.637625,11.078032],[106.637482,11.078122],[106.637436,11.078159],[106.637225,11.078256],[106.636031,11.078461],[106.635993,11.078466],[106.635585,11.078502],[106.635117,11.078577],[106.634902,11.07875],[106.634842,11.078776],[106.634601,11.078678],[106.634542,11.078591],[106.634511,11.07604],[106.634569,11.075972],[106.634645,11.075961],[106.637073,11.075599],[106.637154,11.075646],[106.637334,11.076132],[106.63735,11.076172]]]}},{"type":"Feature","properties":{"loai_qh":"Đất ở","mau":"#e74c3c"},"geometry":{"type":"Polygon","coordinates":[[[106.616989,11.07605],[106.616568,11.074105],[106.616612,11.074039],[106.618595,11.073633],[106.618668,11.073677],[106.619113,11.075219],[106.619246,11.075996],[106.619394,11.076952],[106.619346,11.077017],[106.618187,11.077199],[106.61818,11.0772],[106.617998,11.077223],[106.61773,11.077228],[106.61727,11.07719],[106.617218,11.077141],[106.61717,11.076884],[106.616989,11.07605]]]}},{"type":"Feature","properties":{"loai_qh":"Đất ở","mau":"#e74c3c"},"geometry":{"type":"Polygon","coordinates":[[[106.632726,11.057116],[106.63308,11.057235],[106.633108,11.057301],[106.63274,11.058072],[106.632354,11.058541],[106.631052,11.05951],[106.630708,11.059766],[106.630609,11.059822],[106.630563,11.059841],[106.630481,11.059789],[106.630476,11.059648],[106.630477,11.059391],[106.63048,11.059344],[106.630519,11.059003],[106.63056,11.058641],[106.630595,11.058421],[106.630601,11.058391],[106.630644,11.058209],[106.630701,11.057977],[106.630786,11.057606],[106.630944,11.057006],[106.631018,11.05672],[106.631028,11.056685],[106.631058,11.0566],[106.631107,11.056576],[106.632726,11.057116]]]}},{"type":"Feature","properties":{"loai_qh":"Đất ở","mau":"#e74c3c"},"geometry":{"type":"Polygon","coordinates":[[[106.636049,11.056274],[106.635782,11.056649],[106.635665,11.056988],[106.635594,11.057034],[106.635419,11.057113],[106.634987,11.057182],[106.63441,11.057227],[106.634196,11.057195],[106.634136,11.057272],[106.633557,11.057079],[106.633495,11.056935],[106.633602,11.056712],[106.63367,11.056714],[106.633756,11.056749],[106.634172,11.055874],[106.634036,11.055802],[106.634053,11.055768],[106.634246,11.055454],[106.634375,11.055289],[106.634625,11.054967],[106.634716,11.054947],[106.635708,11.055456],[106.636208,11.055719],[106.636264,11.055754],[106.63632,11.055795],[106.636333,11.055876],[106.636049,11.056274]]]}},{"type":"Feature","properties":{"loai_qh":"Đất ở","mau":"#e74c3c"},"geometry":{"type":"Polygon","coordinates":[[[106.621835,11.062895],[106.62197,11.062621],[106.622155,11.062448],[106.622736,11.062206],[106.622896,11.062111],[106.622986,11.062126],[106.62321,11.062387],[106.623264,11.062466],[106.62344,11.062792],[106.623465,11.062835],[106.623857,11.063441],[106.623839,11.063517],[106.623693,11.063603],[106.623633,11.06365],[106.623564,11.06373],[106.62352,11.063808],[106.62345,11.063918],[106.623417,11.063963],[106.623265,11.064148],[106.623148,11.064165],[106.622853,11.064152],[106.622728,11.064221],[106.622408,11.064409],[106.622329,11.064471],[106.62231,11.064491],[106.622213,11.064621],[106.622168,11.064701],[106.622119,11.064771],[106.62202,11.064888],[106.621968,11.064939],[106.621844,11.065045],[106.621763,11.065039],[106.621518,11.064764],[106.621396,11.064619],[106.621347,11.06456],[106.621272,11.064484],[106.621213,11.064434],[106.621131,11.064374],[106.621095,11.064352],[106.621017,11.064292],[106.620924,11.064202],[106.620877,11.064149],[106.620806,11.064054],[106.620827,11.06397],[106.620932,11.063913],[106.621808,11.06295],[106.621835,11.062895]]]}},{"type":"Feature","properties":{"loai_qh":"Đất ở","mau":"#e74c3c"},"geometry":{"type":"Polygon","coordinates":[[[106.623253,11.053647],[106.623284,11.053653],[106.624103,11.053809],[106.624046,11.0541],[106.623956,11.055677],[106.623895,11.055735],[106.618682,11.055824],[106.61843,11.055826],[106.618402,11.05512],[106.618611,11.055145],[106.618669,11.055149],[106.618711,11.055158],[106.618718,11.05519],[106.619131,11.055229],[106.619239,11.055233],[106.619364,11.055224],[106.61938,11.055017],[106.619435,11.055038],[106.619489,11.055064],[106.619507,11.054797],[106.619533,11.054435],[106.619555,11.05411],[106.619552,11.054079],[106.619526,11.05395],[106.619511,11.053787],[106.619505,11.053727],[106.619506,11.05356],[106.619488,11.053515],[106.61948,11.053376],[106.619486,11.05318],[106.619431,11.05285],[106.619419,11.052801],[106.619422,11.05275],[106.619427,11.05267],[106.619444,11.052563],[106.619481,11.052377],[106.619684,11.052428],[106.620133,11.052541],[106.620282,11.052612],[106.620989,11.052949],[106.62154,11.053059],[106.622403,11.053379],[106.622995,11.053598],[106.62323,11.053642],[106.623253,11.053647]]]}},{"type":"Feature","properties":{"loai_qh":"Đất ở","mau":"#e74c3c"},"geometry":{"type":"Polygon","coordinates":[[[106.624035,11.056641],[106.623991,11.056787],[106.623956,11.056872],[106.623919,11.056939],[106.623898,11.056974],[106.623702,11.057265],[106.623676,11.057308],[106.623545,11.05754],[106.623395,11.057803],[106.623231,11.058144],[106.623206,11.058182],[106.623157,11.058239],[106.623125,11.058268],[106.622792,11.058507],[106.622697,11.058607],[106.622736,11.056008],[106.624171,11.055983],[106.624207,11.05603],[106.624035,11.056641]]]}},{"type":"Feature","properties":{"loai_qh":"Đất ở","mau":"#e74c3c"},"geometry":{"type":"Polygon","coordinates":[[[106.636099,11.060868],[106.636345,11.06116],[106.63634,11.061245],[106.635481,11.06207],[106.635288,11.062251],[106.635084,11.06246],[106.634906,11.062647],[106.634876,11.062676],[106.634734,11.0628],[106.634653,11.062856],[106.634129,11.063142],[106.633247,11.06364],[106.633231,11.063649],[106.632639,11.063953],[106.632482,11.064035],[106.632401,11.064012],[106.632121,11.06355],[106.632102,11.063514],[106.631852,11.062998],[106.631606,11.062447],[106.631593,11.062414],[106.631529,11.062234],[106.63149,11.062156],[106.631471,11.062126],[106.631403,11.062049],[106.631373,11.062023],[106.631327,11.061962],[106.631303,11.06191],[106.631289,11.061858],[106.631278,11.061759],[106.631278,11.061721],[106.631293,11.061579],[106.631293,11.061496],[106.631263,11.061253],[106.631262,11.061244],[106.631311,11.061163],[106.631628,11.061048],[106.631818,11.06098],[106.632442,11.060835],[106.633537,11.060148],[106.633929,11.059657],[106.634517,11.059078],[106.634592,11.059082],[106.636099,11.060868]]]}},{"type":"Feature","properties":{"loai_qh":"Đất ở","mau":"#e74c3c"},"geometry":{"type":"Polygon","coordinates":[[[106.624611,11.064494],[106.625407,11.065192],[106.625569,11.065309],[106.625586,11.065321],[106.62517,11.065848],[106.625012,11.066048],[106.625012,11.066047],[106.624951,11.066009],[106.6246,11.065749],[106.624326,11.065546],[106.624023,11.065481],[106.623914,11.065505],[106.623862,11.065518],[106.623589,11.065602],[106.623562,11.065611],[106.623267,11.065716],[106.623144,11.065775],[106.623058,11.065828],[106.623004,11.065865],[106.622896,11.065926],[106.622828,11.065953],[106.622792,11.065969],[106.62264,11.06604],[106.622505,11.06608],[106.622481,11.066083],[106.622395,11.066086],[106.622297,11.06608],[106.622197,11.066021],[106.622112,11.065885],[106.622044,11.065699],[106.622032,11.06562],[106.621986,11.065415],[106.621944,11.06529],[106.621939,11.065278],[106.621936,11.065273],[106.621951,11.065205],[106.622093,11.065083],[106.622167,11.06501],[106.622266,11.064893],[106.622336,11.064793],[106.622381,11.064713],[106.622449,11.064622],[106.622468,11.064602],[106.622506,11.064572],[106.622824,11.064386],[106.622947,11.064317],[106.623037,11.06432],[106.623046,11.064326],[106.623414,11.064268],[106.623567,11.064083],[106.623613,11.064019],[106.623685,11.063905],[106.623732,11.063823],[106.623753,11.063798],[106.623803,11.063759],[106.623941,11.063677],[106.624022,11.063696],[106.624234,11.064024],[106.624486,11.064358],[106.624611,11.064494]]]}},{"type":"Feature","properties":{"loai_qh":"Đất ở","mau":"#e74c3c"},"geometry":{"type":"Polygon","coordinates":[[[106.62384,11.065724],[106.623919,11.0657],[106.623955,11.06569],[106.624065,11.065666],[106.624211,11.065697],[106.624484,11.065901],[106.624835,11.066161],[106.624893,11.066199],[106.624688,11.066459],[106.624464,11.066729],[106.624412,11.066791],[106.624075,11.066899],[106.62266,11.067351],[106.62257,11.06738],[106.622404,11.066813],[106.622386,11.066679],[106.622389,11.066532],[106.622367,11.06635],[106.622426,11.066276],[106.622506,11.066271],[106.62253,11.066268],[106.622722,11.066212],[106.622874,11.06614],[106.6229,11.066129],[106.622968,11.066102],[106.623122,11.066015],[106.62316,11.065989],[106.623246,11.065936],[106.623332,11.065895],[106.623405,11.065869],[106.623627,11.06579],[106.623646,11.065784],[106.62384,11.065724]]]}},{"type":"Feature","properties":{"loai_qh":"Đất ở","mau":"#e74c3c"},"geometry":{"type":"Polygon","coordinates":[[[106.621445,11.067739],[106.619968,11.06821],[106.619415,11.068387],[106.619419,11.068107],[106.619419,11.068068],[106.619396,11.067567],[106.619369,11.067413],[106.61935,11.067358],[106.619178,11.066937],[106.61922,11.066872],[106.61942,11.066862],[106.619461,11.066858],[106.619861,11.066813],[106.619934,11.0668],[106.62032,11.066711],[106.620613,11.066658],[106.620769,11.066608],[106.621311,11.066357],[106.621371,11.066325],[106.621897,11.066011],[106.621976,11.066029],[106.622113,11.066248],[106.62214,11.066297],[106.622156,11.066332],[106.622197,11.066528],[106.622194,11.066675],[106.622219,11.066866],[106.622387,11.067438],[106.621827,11.067617],[106.621445,11.067739]]]}},{"type":"Feature","properties":{"loai_qh":"Đất ở","mau":"#e74c3c"},"geometry":{"type":"Polygon","coordinates":[[[106.619175,11.067439],[106.619204,11.067576],[106.619227,11.068077],[106.619227,11.068104],[106.619222,11.068448],[106.618948,11.068536],[106.617723,11.068932],[106.617391,11.06904],[106.616907,11.069199],[106.615751,11.06958],[106.615751,11.069575],[106.615765,11.069146],[106.61576,11.068715],[106.615757,11.068661],[106.615718,11.06826],[106.615672,11.067774],[106.615708,11.067715],[106.615926,11.067664],[106.616345,11.067625],[106.616762,11.067369],[106.616788,11.067328],[106.616918,11.067141],[106.616952,11.067104],[106.617018,11.06705],[106.617094,11.067033],[106.617197,11.067058],[106.617294,11.067074],[106.617467,11.067061],[106.617608,11.067017],[106.617748,11.066975],[106.617769,11.06697],[106.618011,11.06693],[106.618463,11.066884],[106.618509,11.066882],[106.618885,11.066882],[106.618972,11.066939],[106.619171,11.067429],[106.619175,11.067439]]]}},{"type":"Feature","properties":{"loai_qh":"Đất ở","mau":"#e74c3c"},"geometry":{"type":"Polygon","coordinates":[[[106.626093,11.072317],[106.626104,11.072328],[106.626247,11.072479],[106.626231,11.072562],[106.625702,11.072806],[106.625241,11.073013],[106.62515,11.07296],[106.625127,11.072673],[106.625063,11.071997],[106.62507,11.071921],[106.625256,11.071924],[106.625257,11.071929],[106.625347,11.071911],[106.625465,11.071888],[106.625552,11.071871],[106.625558,11.071888],[106.625644,11.071861],[106.625803,11.072006],[106.626093,11.072317]]]}},{"type":"Feature","properties":{"loai_qh":"Đất ở","mau":"#e74c3c"},"geometry":{"type":"Polygon","coordinates":[[[106.620098,11.079749],[106.620462,11.079695],[106.621828,11.079482],[106.621919,11.079471],[106.622402,11.079425],[106.622436,11.079372],[106.621927,11.077995],[106.62187,11.077979],[106.621846,11.077996],[106.621443,11.078272],[106.621432,11.078279],[106.621029,11.078546],[106.620961,11.078596],[106.620851,11.078687],[106.620823,11.078711],[106.620756,11.078771],[106.6207,11.078818],[106.620533,11.078947],[106.620509,11.078967],[106.620329,11.079118],[106.620283,11.079155],[106.620193,11.079221],[106.620129,11.079273],[106.620031,11.079355],[106.619993,11.079461],[106.620032,11.079701],[106.620098,11.079749]]]}},{"type":"Feature","properties":{"loai_qh":"Đất ở","mau":"#e74c3c"},"geometry":{"type":"Polygon","coordinates":[[[106.619702,11.079232],[106.619452,11.079186],[106.617353,11.078802],[106.617319,11.078762],[106.617268,11.077644],[106.617255,11.077445],[106.617316,11.077384],[106.617714,11.077417],[106.618022,11.077411],[106.618208,11.077388],[106.619375,11.077205],[106.61944,11.077252],[106.619497,11.077636],[106.619498,11.07787],[106.619459,11.078134],[106.619455,11.078193],[106.619456,11.078222],[106.619471,11.078318],[106.619634,11.078872],[106.619742,11.079186],[106.619702,11.079232]]]}},{"type":"Feature","properties":{"loai_qh":"Đất ở","mau":"#e74c3c"},"geometry":{"type":"Polygon","coordinates":[[[106.621782,11.077806],[106.621737,11.077841],[106.621333,11.078115],[106.621325,11.078121],[106.620922,11.078389],[106.620838,11.07845],[106.620728,11.078541],[106.620694,11.07857],[106.620627,11.078631],[106.620581,11.078669],[106.620415,11.078798],[106.620384,11.078822],[106.620205,11.078973],[106.620167,11.079003],[106.620078,11.079069],[106.620003,11.079129],[106.619992,11.079138],[106.619922,11.079119],[106.619817,11.078815],[106.619655,11.078265],[106.619648,11.078219],[106.619648,11.07819],[106.619649,11.078161],[106.619688,11.077897],[106.619687,11.077608],[106.619628,11.077215],[106.619677,11.077143],[106.619835,11.077102],[106.620088,11.077011],[106.620208,11.076955],[106.620994,11.076585],[106.621106,11.076594],[106.621112,11.076599],[106.621161,11.076649],[106.621494,11.077173],[106.6218,11.077717],[106.621782,11.077806]]]}},{"type":"Feature","properties":{"loai_qh":"Đất ở","mau":"#e74c3c"},"geometry":{"type":"Polygon","coordinates":[[[106.638482,11.078604],[106.638266,11.077999],[106.638301,11.07793],[106.638748,11.077792],[106.638821,11.077843],[106.638831,11.077964],[106.638898,11.078558],[106.638848,11.078645],[106.638696,11.078715],[106.638482,11.078604]]]}},{"type":"Feature","properties":{"loai_qh":"Đất ở","mau":"#e74c3c"},"geometry":{"type":"Polygon","coordinates":[[[106.63286,11.046674],[106.63221,11.046343],[106.632236,11.046296],[106.632224,11.04629],[106.632237,11.046268],[106.632268,11.046212],[106.632298,11.046159],[106.632322,11.046171],[106.632357,11.046102],[106.632381,11.046062],[106.632399,11.04603],[106.632414,11.046003],[106.63242,11.045991],[106.632434,11.045967],[106.632452,11.045936],[106.63247,11.045905],[106.632487,11.045875],[106.63249,11.04587],[106.632509,11.045839],[106.632573,11.045729],[106.632674,11.045555],[106.632698,11.045515],[106.633253,11.045793],[106.633285,11.045892],[106.63286,11.046674]]]}},{"type":"Feature","properties":{"loai_qh":"Đất ở","mau":"#e74c3c"},"geometry":{"type":"Polygon","coordinates":[[[106.623391,11.060329],[106.623996,11.061091],[106.623992,11.061144],[106.623491,11.061521],[106.623149,11.061734],[106.623074,11.061716],[106.622954,11.061507],[106.622816,11.061264],[106.622722,11.061106],[106.622478,11.060692],[106.622461,11.060662],[106.622383,11.060518],[106.622042,11.059902],[106.62204,11.059898],[106.621692,11.059277],[106.621748,11.059183],[106.622633,11.059176],[106.622671,11.059202],[106.622714,11.059289],[106.622968,11.05971],[106.623391,11.060329]]]}},{"type":"Feature","properties":{"loai_qh":"Đất ở","mau":"#e74c3c"},"geometry":{"type":"Polygon","coordinates":[[[106.633343,11.058274],[106.633034,11.058564],[106.63274,11.058839],[106.632842,11.05895],[106.632687,11.059106],[106.632782,11.059247],[106.632031,11.059724],[106.632073,11.059776],[106.632208,11.059942],[106.632191,11.059955],[106.632154,11.059982],[106.632116,11.060009],[106.63208,11.060037],[106.632043,11.060064],[106.632006,11.060091],[106.63197,11.060118],[106.631933,11.060145],[106.631896,11.060172],[106.63186,11.060199],[106.631816,11.060231],[106.631772,11.060263],[106.631427,11.060505],[106.631025,11.060785],[106.630975,11.060743],[106.630943,11.060707],[106.630918,11.06067],[106.630895,11.060621],[106.630889,11.0606],[106.630882,11.060551],[106.630882,11.060464],[106.630744,11.060179],[106.630665,11.060116],[106.630633,11.060091],[106.630645,11.060013],[106.630683,11.059997],[106.630824,11.059918],[106.63247,11.058693],[106.632914,11.058153],[106.633219,11.057515],[106.633289,11.057505],[106.633616,11.057863],[106.633664,11.057921],[106.633688,11.057951],[106.633343,11.058274]]]}},{"type":"Feature","properties":{"loai_qh":"Đất ở","mau":"#e74c3c"},"geometry":{"type":"Polygon","coordinates":[[[106.623982,11.074416],[106.623847,11.074283],[106.623894,11.074222],[106.623945,11.074162],[106.623991,11.074116],[106.624284,11.073859],[106.624654,11.073565],[106.624694,11.073532],[106.624758,11.073488],[106.624966,11.073371],[106.625041,11.073393],[106.625046,11.073402],[106.625055,11.073421],[106.625068,11.073455],[106.625077,11.073488],[106.625108,11.073678],[106.625138,11.07395],[106.625144,11.073986],[106.625161,11.074067],[106.625203,11.074176],[106.62526,11.074273],[106.625293,11.074333],[106.625308,11.07437],[106.625309,11.074373],[106.625315,11.07443],[106.625314,11.074452],[106.625302,11.074505],[106.625287,11.074721],[106.625308,11.074809],[106.625311,11.074826],[106.625347,11.075008],[106.625372,11.075098],[106.625443,11.075298],[106.625388,11.075371],[106.625074,11.075414],[106.625028,11.075331],[106.624973,11.075208],[106.624921,11.075038],[106.624668,11.075246],[106.624653,11.075223],[106.624451,11.07492],[106.624365,11.07479],[106.624216,11.074645],[106.623982,11.074416],[106.623982,11.074416]]]}},{"type":"Feature","properties":{"loai_qh":"Đất ở","mau":"#e74c3c"},"geometry":{"type":"Polygon","coordinates":[[[106.623637,11.075241],[106.624124,11.075897],[106.623863,11.076036],[106.623762,11.076023],[106.623125,11.075433],[106.623128,11.075376],[106.623147,11.075361],[106.62323,11.075282],[106.623324,11.075176],[106.623371,11.075115],[106.623454,11.074995],[106.623637,11.075241]]]}},{"type":"Feature","properties":{"loai_qh":"Đất ở","mau":"#e74c3c"},"geometry":{"type":"Polygon","coordinates":[[[106.625255,11.075764],[106.625248,11.075569],[106.625442,11.075565],[106.625458,11.075566],[106.625519,11.07563],[106.625549,11.076772],[106.625517,11.076948],[106.62533,11.077418],[106.625288,11.077597],[106.62526,11.077918],[106.625206,11.077953],[106.625083,11.077913],[106.62498,11.077827],[106.62432,11.076574],[106.624041,11.076245],[106.624048,11.076153],[106.624239,11.076051],[106.624495,11.076396],[106.624507,11.076397],[106.624515,11.076398],[106.624955,11.076446],[106.625202,11.076496],[106.625232,11.076426],[106.62525,11.076384],[106.625254,11.076066],[106.625255,11.075764]]]}},{"type":"Feature","properties":{"loai_qh":"Đất ở","mau":"#e74c3c"},"geometry":{"type":"Polygon","coordinates":[[[106.625112,11.079227],[106.625095,11.07923],[106.623964,11.079316],[106.622732,11.079396],[106.622696,11.079399],[106.622637,11.079362],[106.622088,11.077876],[106.622114,11.077776],[106.623158,11.076861],[106.62376,11.076333],[106.623833,11.07633],[106.623886,11.076368],[106.624149,11.076661],[106.62481,11.077914],[106.625022,11.078093],[106.625294,11.078182],[106.625397,11.078259],[106.625438,11.078317],[106.625454,11.078489],[106.625262,11.078912],[106.625245,11.078955],[106.625159,11.07919],[106.625112,11.079227]]]}},{"type":"Feature","properties":{"loai_qh":"Đất ở","mau":"#e74c3c"},"geometry":{"type":"Polygon","coordinates":[[[106.622952,11.075533],[106.622905,11.075527],[106.621316,11.076431],[106.621297,11.076506],[106.62166,11.077076],[106.621952,11.077597],[106.622017,11.077607],[106.623031,11.076719],[106.623607,11.076214],[106.623608,11.07614],[106.622952,11.075533]]]}},{"type":"Feature","properties":{"loai_qh":"Đất ở","mau":"#e74c3c"},"geometry":{"type":"Polygon","coordinates":[[[106.63079,11.064591],[106.6309,11.064693],[106.630709,11.064874],[106.630788,11.064978],[106.630766,11.064995],[106.630672,11.065068],[106.630616,11.065121],[106.630607,11.06513],[106.630339,11.065395],[106.629961,11.065741],[106.629894,11.065792],[106.629844,11.065729],[106.62983,11.06574],[106.629693,11.065563],[106.629662,11.065513],[106.629729,11.065467],[106.629641,11.065384],[106.629487,11.065421],[106.629316,11.065442],[106.629415,11.065661],[106.629467,11.065758],[106.629485,11.065751],[106.62954,11.065856],[106.629561,11.065918],[106.629205,11.066116],[106.628959,11.066193],[106.628803,11.066242],[106.62874,11.066277],[106.628746,11.066302],[106.628724,11.066307],[106.628526,11.066352],[106.628651,11.065775],[106.628748,11.065276],[106.628805,11.064924],[106.628855,11.064528],[106.628873,11.064355],[106.628889,11.064158],[106.628914,11.06376],[106.628918,11.063647],[106.628995,11.063582],[106.629114,11.063597],[106.62917,11.063601],[106.629781,11.06362],[106.630476,11.063625],[106.630486,11.063625],[106.630938,11.064494],[106.63079,11.064591]]]}},{"type":"Feature","properties":{"loai_qh":"Đất ở","mau":"#e74c3c"},"geometry":{"type":"Polygon","coordinates":[[[106.626781,11.056573],[106.626781,11.05658],[106.626761,11.05671],[106.626688,11.056939],[106.626681,11.056959],[106.626502,11.057427],[106.626427,11.057458],[106.626092,11.057321],[106.625299,11.057018],[106.624533,11.056722],[106.624299,11.05663],[106.62426,11.056552],[106.624405,11.056038],[106.624483,11.055978],[106.626416,11.055944],[106.62651,11.055999],[106.626749,11.056444],[106.626781,11.056573]]]}},{"type":"Feature","properties":{"loai_qh":"Đất ở","mau":"#e74c3c"},"geometry":{"type":"Polygon","coordinates":[[[106.628141,11.064336],[106.628141,11.064336],[106.628073,11.064329],[106.627967,11.064318],[106.627919,11.064328],[106.627878,11.064352],[106.627821,11.064345],[106.627461,11.064303],[106.627155,11.064287],[106.627072,11.06432],[106.627296,11.063757],[106.627314,11.063705],[106.627445,11.063268],[106.627534,11.063241],[106.627539,11.063246],[106.628,11.063474],[106.628234,11.063535],[106.628297,11.063612],[106.628292,11.063729],[106.628282,11.063893],[106.627887,11.063847],[106.627853,11.063839],[106.627838,11.063999],[106.627811,11.064294],[106.628249,11.064338],[106.628248,11.064347],[106.628141,11.064336]]]}},{"type":"Feature","properties":{"loai_qh":"Đất ở","mau":"#e74c3c"},"geometry":{"type":"Polygon","coordinates":[[[106.628152,11.064469],[106.628234,11.064478],[106.628227,11.064533],[106.628178,11.064528],[106.628178,11.064528],[106.628145,11.064525],[106.628152,11.064469]]]}},{"type":"Feature","properties":{"loai_qh":"Đất ở","mau":"#e74c3c"},"geometry":{"type":"Polygon","coordinates":[[[106.619012,11.071341],[106.616155,11.071926],[106.616087,11.071882],[106.616004,11.071496],[106.618625,11.070817],[106.618861,11.070768],[106.619012,11.071341]]]}},{"type":"Feature","properties":{"loai_qh":"Đất ở","mau":"#e74c3c"},"geometry":{"type":"Polygon","coordinates":[[[106.629759,11.054972],[106.62981,11.054642],[106.630549,11.054914],[106.630585,11.054914],[106.630832,11.054348],[106.630837,11.054351],[106.630877,11.054373],[106.630913,11.054294],[106.630936,11.05424],[106.630969,11.054165],[106.631007,11.054083],[106.631036,11.054022],[106.631074,11.05394],[106.6307,11.053824],[106.630653,11.053802],[106.63052,11.053752],[106.630422,11.053708],[106.630402,11.053699],[106.630162,11.05362],[106.630077,11.053593],[106.630078,11.053588],[106.630157,11.053304],[106.630253,11.05299],[106.630363,11.052693],[106.630451,11.052661],[106.631691,11.053334],[106.631719,11.053415],[106.631384,11.054167],[106.631002,11.055681],[106.630931,11.056203],[106.630881,11.056231],[106.630601,11.056134],[106.630268,11.055981],[106.629855,11.055839],[106.629639,11.055441],[106.629759,11.054972]]]}},{"type":"Feature","properties":{"loai_qh":"Đất ở","mau":"#e74c3c"},"geometry":{"type":"Polygon","coordinates":[[[106.628686,11.056281],[106.628676,11.056363],[106.628599,11.056665],[106.62855,11.057025],[106.628368,11.057832],[106.62833,11.058052],[106.62829,11.058256],[106.628257,11.058432],[106.628257,11.058432],[106.6271,11.05621],[106.626981,11.055988],[106.627036,11.055934],[106.627147,11.055932],[106.627214,11.056404],[106.628143,11.056732],[106.628251,11.056755],[106.628349,11.056406],[106.628398,11.056417],[106.628412,11.056214],[106.628686,11.056281]]]}},{"type":"Feature","properties":{"loai_qh":"Đất ở","mau":"#e74c3c"},"geometry":{"type":"Polygon","coordinates":[[[106.625189,11.066138],[106.625748,11.065438],[106.625919,11.065561],[106.62594,11.065649],[106.625868,11.065791],[106.62584,11.065855],[106.6258,11.06596],[106.625765,11.066057],[106.625746,11.066102],[106.625683,11.066238],[106.625601,11.066273],[106.625227,11.066152],[106.625189,11.066138]]]}},{"type":"Feature","properties":{"loai_qh":"Đất ở","mau":"#e74c3c"},"geometry":{"type":"Polygon","coordinates":[[[106.626185,11.064891],[106.626528,11.06476],[106.626459,11.064836],[106.626425,11.064878],[106.62641,11.064898],[106.626277,11.065073],[106.626239,11.065129],[106.626087,11.06538],[106.626014,11.065395],[106.625867,11.065289],[106.626185,11.064891]]]}},{"type":"Feature","properties":{"loai_qh":"Đất ở","mau":"#e74c3c"},"geometry":{"type":"Polygon","coordinates":[[[106.632232,11.064103],[106.632211,11.064176],[106.631462,11.064565],[106.630953,11.063591],[106.631069,11.063593],[106.631084,11.063593],[106.63139,11.063607],[106.631476,11.063605],[106.63162,11.063593],[106.631742,11.063571],[106.631838,11.063544],[106.631921,11.063581],[106.631928,11.063596],[106.631956,11.063647],[106.632232,11.064103]]]}},{"type":"Feature","properties":{"loai_qh":"Đất ở","mau":"#e74c3c"},"geometry":{"type":"Polygon","coordinates":[[[106.63016,11.056289],[106.630517,11.056374],[106.630852,11.056489],[106.630876,11.056538],[106.630846,11.056624],[106.630831,11.056673],[106.630758,11.056959],[106.6306,11.057561],[106.630514,11.057934],[106.630457,11.058166],[106.630414,11.058348],[106.630405,11.058391],[106.630369,11.058615],[106.630328,11.058981],[106.630289,11.059323],[106.630285,11.05939],[106.630283,11.059652],[106.630292,11.059865],[106.630237,11.05993],[106.630082,11.059948],[106.629486,11.060042],[106.629448,11.06005],[106.629227,11.060098],[106.629139,11.060058],[106.628746,11.059304],[106.62874,11.059265],[106.628785,11.058988],[106.628824,11.058783],[106.628869,11.058545],[106.628901,11.058371],[106.628943,11.058162],[106.628979,11.05795],[106.629157,11.057159],[106.629278,11.056815],[106.629382,11.056406],[106.629822,11.056172],[106.63016,11.056289]]]}},{"type":"Feature","properties":{"loai_qh":"Đất ở","mau":"#e74c3c"},"geometry":{"type":"Polygon","coordinates":[[[106.642357,11.049562],[106.642351,11.04957],[106.6422,11.049753],[106.642132,11.04977],[106.641911,11.049697],[106.641206,11.049524],[106.640983,11.049447],[106.640834,11.04938],[106.640654,11.049296],[106.640373,11.049198],[106.640067,11.049124],[106.639975,11.049099],[106.639572,11.04897],[106.639231,11.048921],[106.639147,11.048919],[106.639112,11.048831],[106.639211,11.048719],[106.639323,11.048579],[106.639351,11.048545],[106.639457,11.048419],[106.640524,11.046927],[106.641185,11.045841],[106.641262,11.045824],[106.641571,11.046014],[106.641591,11.046027],[106.64197,11.046289],[106.642744,11.046825],[106.642795,11.046867],[106.642968,11.047029],[106.642994,11.047055],[106.643103,11.047176],[106.643259,11.047302],[106.643359,11.047359],[106.643546,11.047409],[106.643586,11.047476],[106.643528,11.047578],[106.6435,11.047621],[106.643376,11.047791],[106.64337,11.0478],[106.643114,11.048163],[106.643073,11.04823],[106.642948,11.048463],[106.642928,11.048496],[106.642731,11.0488],[106.642693,11.048868],[106.642357,11.049562]]]}},{"type":"Feature","properties":{"loai_qh":"Đất ở","mau":"#e74c3c"},"geometry":{"type":"Polygon","coordinates":[[[106.619302,11.075188],[106.619974,11.074848],[106.619957,11.074823],[106.62002,11.074783],[106.620044,11.074838],[106.620133,11.075001],[106.620171,11.075064],[106.620267,11.0752],[106.620295,11.075246],[106.62052,11.075665],[106.620782,11.076137],[106.620903,11.076356],[106.620879,11.076429],[106.620126,11.076784],[106.620007,11.076839],[106.619787,11.076918],[106.619644,11.076955],[106.619583,11.076915],[106.619435,11.075965],[106.619302,11.075188]]]}},{"type":"Feature","properties":{"loai_qh":"Đất ở","mau":"#e74c3c"},"geometry":{"type":"Polygon","coordinates":[[[106.618856,11.073635],[106.618896,11.073571],[106.619482,11.073451],[106.619558,11.073495],[106.619777,11.07415],[106.619825,11.074287],[106.619954,11.074634],[106.619998,11.074733],[106.619881,11.074806],[106.619895,11.074827],[106.619288,11.075134],[106.618856,11.073635]]]}},{"type":"Feature","properties":{"loai_qh":"Đất ở","mau":"#e74c3c"},"geometry":{"type":"Polygon","coordinates":[[[106.633753,11.046368],[106.633852,11.046341],[106.635308,11.047198],[106.63565,11.047376],[106.635679,11.047449],[106.635555,11.047732],[106.635186,11.048542],[106.634958,11.049027],[106.634857,11.04924],[106.634784,11.049263],[106.633998,11.048841],[106.633994,11.048839],[106.633078,11.048333],[106.632842,11.048203],[106.632811,11.0481],[106.633753,11.046368]]]}},{"type":"Feature","properties":{"loai_qh":"Đất ở","mau":"#e74c3c"},"geometry":{"type":"Polygon","coordinates":[[[106.635857,11.047521],[106.63593,11.047491],[106.636385,11.047708],[106.638001,11.04862],[106.638305,11.048777],[106.638358,11.048807],[106.638495,11.048892],[106.638519,11.048907],[106.638535,11.048989],[106.63845,11.049098],[106.638052,11.049653],[106.637369,11.050591],[106.63728,11.050612],[106.637112,11.050529],[106.637088,11.050517],[106.636794,11.050349],[106.636487,11.050181],[106.636078,11.049961],[106.636074,11.049959],[106.635678,11.04974],[106.635054,11.049408],[106.635027,11.049328],[106.635132,11.049107],[106.635361,11.048621],[106.635731,11.047808],[106.635857,11.047521]]]}},{"type":"Feature","properties":{"loai_qh":"Đất ở","mau":"#e74c3c"},"geometry":{"type":"Polygon","coordinates":[[[106.633335,11.078124],[106.633293,11.078153],[106.633289,11.078152],[106.632122,11.077685],[106.631263,11.077341],[106.631258,11.077259],[106.631721,11.077007],[106.63229,11.076697],[106.632488,11.076605],[106.632769,11.076494],[106.633048,11.07641],[106.633263,11.076365],[106.633315,11.076406],[106.633335,11.078124]]]}},{"type":"Feature","properties":{"loai_qh":"Đất ở","mau":"#e74c3c"},"geometry":{"type":"Polygon","coordinates":[[[106.628813,11.060402],[106.630398,11.063435],[106.629785,11.06343],[106.629176,11.063411],[106.629137,11.063408],[106.628998,11.063392],[106.628931,11.063316],[106.628939,11.06299],[106.628945,11.062678],[106.62895,11.062362],[106.628937,11.062119],[106.628916,11.061841],[106.628889,11.061564],[106.62886,11.061294],[106.628835,11.061054],[106.628791,11.060637],[106.628772,11.060455],[106.628813,11.060402]]]}},{"type":"Feature","properties":{"loai_qh":"Đất ở","mau":"#e74c3c"},"geometry":{"type":"Polygon","coordinates":[[[106.633945,11.046175],[106.633915,11.04607],[106.633965,11.045979],[106.634096,11.045736],[106.634618,11.046042],[106.634729,11.045858],[106.634826,11.045698],[106.634506,11.045507],[106.634508,11.045504],[106.634289,11.045382],[106.634569,11.044866],[106.634894,11.04427],[106.634993,11.044242],[106.635512,11.044543],[106.636308,11.045007],[106.636871,11.045304],[106.636894,11.04538],[106.636717,11.04571],[106.636518,11.046108],[106.636142,11.0468],[106.636084,11.046911],[106.636073,11.04693],[106.635901,11.047223],[106.635828,11.047246],[106.635407,11.047034],[106.633945,11.046175]]]}},{"type":"Feature","properties":{"loai_qh":"Đất ở","mau":"#e74c3c"},"geometry":{"type":"Polygon","coordinates":[[[106.625866,11.062455],[106.625899,11.062557],[106.625519,11.062899],[106.625168,11.063258],[106.624434,11.063864],[106.62435,11.063851],[106.623627,11.062733],[106.62361,11.062702],[106.623561,11.062613],[106.623804,11.062539],[106.62385,11.062523],[106.62394,11.062492],[106.623985,11.062477],[106.624075,11.062446],[106.624123,11.06243],[106.624171,11.062414],[106.62421,11.062401],[106.624249,11.062387],[106.624253,11.062386],[106.624563,11.06228],[106.624513,11.062209],[106.624604,11.062119],[106.624643,11.062152],[106.624747,11.062232],[106.624872,11.062307],[106.624954,11.062345],[106.625077,11.062388],[106.62519,11.062414],[106.625249,11.062425],[106.625312,11.062434],[106.62538,11.06244],[106.625643,11.062448],[106.625814,11.062451],[106.625866,11.062455]]]}},{"type":"Feature","properties":{"loai_qh":"Đất ở","mau":"#e74c3c"},"geometry":{"type":"Polygon","coordinates":[[[106.62225,11.072885],[106.622274,11.072897],[106.622361,11.073023],[106.622385,11.073049],[106.622385,11.073077],[106.621947,11.073558],[106.621929,11.073565],[106.621732,11.073545],[106.621658,11.073479],[106.621569,11.073054],[106.621592,11.07302],[106.62225,11.072885]]]}},{"type":"Feature","properties":{"loai_qh":"Đất ở","mau":"#e74c3c"},"geometry":{"type":"Polygon","coordinates":[[[106.635629,11.042922],[106.63626,11.043295],[106.636301,11.043314],[106.636339,11.043247],[106.636397,11.043282],[106.636496,11.04334],[106.636696,11.043451],[106.636856,11.043539],[106.636902,11.043563],[106.637088,11.043304],[106.637529,11.043573],[106.637578,11.043603],[106.63764,11.043527],[106.637794,11.043256],[106.63802,11.042923],[106.638515,11.043301],[106.638528,11.043383],[106.638332,11.043661],[106.638176,11.043866],[106.638161,11.043884],[106.637532,11.044568],[106.63736,11.044719],[106.637278,11.044799],[106.63721,11.044878],[106.63716,11.044946],[106.63705,11.045117],[106.636966,11.045139],[106.636402,11.044841],[106.63561,11.04438],[106.635086,11.044076],[106.635057,11.043971],[106.635629,11.042922]]]}},{"type":"Feature","properties":{"loai_qh":"Đất ở","mau":"#e74c3c"},"geometry":{"type":"Polygon","coordinates":[[[106.64128,11.045378],[106.640406,11.046744],[106.640327,11.046766],[106.639608,11.046355],[106.639476,11.046262],[106.639384,11.046181],[106.639071,11.045995],[106.638794,11.046041],[106.638698,11.046051],[106.637237,11.045282],[106.637218,11.04521],[106.637322,11.045048],[106.637358,11.045],[106.637419,11.044928],[106.637489,11.04486],[106.637662,11.044708],[106.638315,11.043999],[106.638329,11.043981],[106.638487,11.043773],[106.638683,11.043495],[106.638761,11.043482],[106.63988,11.04428],[106.6411,11.045185],[106.641267,11.045295],[106.64128,11.045378]]]}},{"type":"Feature","properties":{"loai_qh":"Đất ở","mau":"#e74c3c"},"geometry":{"type":"Polygon","coordinates":[[[106.632302,11.04904],[106.632579,11.0492],[106.632645,11.049086],[106.632369,11.048915],[106.632649,11.048399],[106.63275,11.04837],[106.632984,11.048499],[106.632984,11.048499],[106.633903,11.049006],[106.634678,11.049422],[106.634701,11.049499],[106.634535,11.049796],[106.63431,11.050227],[106.634112,11.050628],[106.634062,11.05077],[106.634053,11.050811],[106.634029,11.050885],[106.633938,11.051103],[106.633912,11.051172],[106.633879,11.051242],[106.633841,11.051307],[106.633815,11.051356],[106.633652,11.051699],[106.633575,11.051728],[106.63343,11.051665],[106.633038,11.051458],[106.632717,11.051276],[106.632123,11.050955],[106.631663,11.050724],[106.631507,11.050656],[106.631474,11.050563],[106.632255,11.049126],[106.632302,11.04904]]]}},{"type":"Feature","properties":{"loai_qh":"Đất ở","mau":"#e74c3c"},"geometry":{"type":"Polygon","coordinates":[[[106.636665,11.051576],[106.636238,11.052214],[106.636064,11.05249],[106.636023,11.052545],[106.635936,11.052564],[106.635843,11.052512],[106.635339,11.05223],[106.635293,11.0522],[106.635227,11.052157],[106.634646,11.051831],[106.634609,11.051808],[106.634546,11.051764],[106.634479,11.051723],[106.634027,11.051485],[106.634003,11.051409],[106.634007,11.051402],[106.634045,11.051337],[106.634093,11.051238],[106.634117,11.051172],[106.634207,11.050958],[106.63424,11.050852],[106.63425,11.050811],[106.634285,11.050711],[106.634482,11.050312],[106.634705,11.049886],[106.634869,11.049589],[106.634947,11.049567],[106.635582,11.049905],[106.635588,11.049908],[106.635983,11.050126],[106.636393,11.050348],[106.636395,11.050348],[106.636699,11.050514],[106.636992,11.050681],[106.637026,11.050699],[106.637172,11.050772],[106.63719,11.050839],[106.636665,11.051576]]]}},{"type":"Feature","properties":{"loai_qh":"Đất ở","mau":"#e74c3c"},"geometry":{"type":"Polygon","coordinates":[[[106.635445,11.053409],[106.635083,11.053859],[106.634638,11.054628],[106.634558,11.054651],[106.63318,11.05393],[106.632816,11.053731],[106.632793,11.053654],[106.633743,11.051914],[106.633814,11.051793],[106.633873,11.051682],[106.633946,11.051658],[106.634388,11.051891],[106.634435,11.05192],[106.634498,11.051963],[106.634551,11.051996],[106.635132,11.052323],[106.635178,11.052352],[106.635244,11.052395],[106.635748,11.052677],[106.63583,11.052723],[106.635848,11.052796],[106.635445,11.053409]]]}},{"type":"Feature","properties":{"loai_qh":"Đất ở","mau":"#e74c3c"},"geometry":{"type":"Polygon","coordinates":[[[106.631977,11.051095],[106.63191,11.051197],[106.632065,11.051288],[106.632137,11.051179],[106.632623,11.051442],[106.632945,11.051624],[106.633346,11.051836],[106.633474,11.051891],[106.633499,11.051962],[106.632625,11.053563],[106.632548,11.053585],[106.631935,11.053249],[106.630529,11.052486],[106.630497,11.052383],[106.630717,11.051957],[106.631312,11.050862],[106.631419,11.050825],[106.631581,11.050895],[106.631977,11.051095]]]}},{"type":"Feature","properties":{"loai_qh":"Đất ở","mau":"#e74c3c"},"geometry":{"type":"Polygon","coordinates":[[[106.643454,11.080877],[106.643419,11.080966],[106.643383,11.081056],[106.643347,11.081146],[106.643309,11.081236],[106.643271,11.081326],[106.643232,11.081416],[106.643193,11.081507],[106.643153,11.081597],[106.643113,11.081688],[106.643073,11.081779],[106.642703,11.08261],[106.642516,11.082672],[106.641307,11.082004],[106.641283,11.081991],[106.639489,11.081],[106.639353,11.080925],[106.639301,11.080831],[106.639308,11.080712],[106.639299,11.08039],[106.639022,11.077947],[106.639149,11.07792],[106.639174,11.078011],[106.639284,11.078131],[106.63948,11.078163],[106.639552,11.078175],[106.639634,11.078056],[106.63972,11.07793],[106.640374,11.078415],[106.64041,11.078357],[106.640409,11.078357],[106.640424,11.078333],[106.640453,11.078286],[106.640482,11.07824],[106.64051,11.078194],[106.640539,11.078147],[106.640566,11.078101],[106.640708,11.077894],[106.640188,11.077492],[106.640136,11.077458],[106.640274,11.077285],[106.640153,11.077185],[106.639985,11.077049],[106.639584,11.076839],[106.639573,11.076887],[106.639568,11.076909],[106.639557,11.076937],[106.639529,11.077023],[106.639445,11.077291],[106.639438,11.077314],[106.639413,11.077401],[106.639386,11.077488],[106.639376,11.077533],[106.639371,11.077552],[106.639031,11.077493],[106.639112,11.077175],[106.639324,11.076589],[106.639641,11.075861],[106.639731,11.07568],[106.639803,11.075661],[106.640689,11.07624],[106.641476,11.077012],[106.642875,11.077887],[106.643927,11.078262],[106.643985,11.078365],[106.643454,11.080877]]]}},{"type":"Feature","properties":{"loai_qh":"Đất ở","mau":"#e74c3c"},"geometry":{"type":"Polygon","coordinates":[[[106.652381,11.085746],[106.652365,11.085848],[106.652311,11.086026],[106.652395,11.086065],[106.652691,11.086202],[106.652712,11.086208],[106.652651,11.086362],[106.652643,11.086485],[106.652648,11.08655],[106.652688,11.086622],[106.652749,11.086688],[106.652655,11.086928],[106.652333,11.088028],[106.652274,11.088052],[106.651388,11.087564],[106.651151,11.087433],[106.650751,11.087213],[106.650629,11.087145],[106.649633,11.086595],[106.646986,11.085135],[106.646958,11.085053],[106.647987,11.082754],[106.648378,11.081905],[106.648467,11.081888],[106.651297,11.084723],[106.651901,11.085258],[106.651897,11.085266],[106.65215,11.085387],[106.652226,11.085436],[106.652334,11.085616],[106.652381,11.085746]]]}},{"type":"Feature","properties":{"loai_qh":"Đất ở","mau":"#e74c3c"},"geometry":{"type":"Polygon","coordinates":[[[106.654292,11.088268],[106.654468,11.088411],[106.654523,11.088445],[106.654635,11.088531],[106.654759,11.088606],[106.654915,11.088729],[106.655119,11.088895],[106.65518,11.088945],[106.655347,11.089026],[106.655517,11.089123],[106.655557,11.089141],[106.655667,11.089191],[106.655804,11.089254],[106.655886,11.089344],[106.656016,11.089535],[106.65609,11.089644],[106.656211,11.089813],[106.656282,11.089918],[106.656288,11.08993],[106.656333,11.090029],[106.656393,11.090143],[106.656503,11.090259],[106.656549,11.090322],[106.656549,11.090338],[106.656079,11.090095],[106.654379,11.089185],[106.652602,11.088232],[106.652566,11.088146],[106.652901,11.086999],[106.652944,11.086877],[106.652994,11.086912],[106.65306,11.086967],[106.653484,11.087468],[106.653712,11.087687],[106.653861,11.087813],[106.654032,11.088013],[106.654292,11.088268]]]}},{"type":"Feature","properties":{"loai_qh":"Đất ở","mau":"#e74c3c"},"geometry":{"type":"Polygon","coordinates":[[[106.645082,11.050879],[106.645426,11.050102],[106.645486,11.049978],[106.645547,11.049854],[106.645608,11.04973],[106.645671,11.049608],[106.645734,11.049486],[106.645797,11.049364],[106.64586,11.049243],[106.645924,11.049122],[106.645988,11.049001],[106.646051,11.048881],[106.646795,11.047478],[106.646756,11.046008],[106.646189,11.045064],[106.646099,11.04506],[106.645782,11.045499],[106.64534,11.046129],[106.645316,11.046161],[106.645047,11.046496],[106.645025,11.046527],[106.644824,11.046826],[106.6448,11.046866],[106.644649,11.047152],[106.644369,11.047345],[106.644222,11.047364],[106.643904,11.047395],[106.643811,11.047459],[106.643771,11.047539],[106.643696,11.047671],[106.643656,11.047732],[106.643532,11.047902],[106.643527,11.047909],[106.643272,11.048271],[106.643243,11.048318],[106.643118,11.048551],[106.643092,11.048596],[106.642893,11.048903],[106.642866,11.04895],[106.64253,11.049644],[106.6425,11.04969],[106.642385,11.04983],[106.642399,11.049913],[106.642584,11.050026],[106.64293,11.050173],[106.643288,11.050266],[106.643643,11.050361],[106.64374,11.050391],[106.643946,11.050462],[106.644184,11.050568],[106.644314,11.050641],[106.64437,11.050674],[106.644726,11.050825],[106.644754,11.050832],[106.644982,11.050919],[106.645082,11.050879]]]}},{"type":"Feature","properties":{"loai_qh":"Đất ở","mau":"#e74c3c"},"geometry":{"type":"Polygon","coordinates":[[[106.64464,11.077421],[106.64464,11.077495],[106.644716,11.077604],[106.64519,11.077812],[106.645539,11.076762],[106.645832,11.075822],[106.644688,11.075535],[106.644622,11.075587],[106.644638,11.077222],[106.644639,11.077321],[106.64464,11.077421]]]}},{"type":"Feature","properties":{"loai_qh":"Đất ở","mau":"#e74c3c"},"geometry":{"type":"Polygon","coordinates":[[[106.64459,11.078626],[106.644037,11.081092],[106.644,11.081188],[106.643962,11.081284],[106.643923,11.081378],[106.643884,11.081472],[106.643844,11.081566],[106.643804,11.081659],[106.643764,11.081751],[106.643724,11.081843],[106.643683,11.081934],[106.643642,11.082026],[106.64325,11.082909],[106.643321,11.083117],[106.644408,11.083718],[106.645862,11.084519],[106.646116,11.084658],[106.646116,11.084658],[106.646717,11.084987],[106.646788,11.084964],[106.647811,11.082676],[106.648247,11.081731],[106.648234,11.081666],[106.645444,11.079159],[106.644657,11.078601],[106.64459,11.078626]]]}},{"type":"Feature","properties":{"loai_qh":"Đất ở","mau":"#e74c3c"},"geometry":{"type":"Polygon","coordinates":[[[106.644455,11.05659],[106.644452,11.056668],[106.644448,11.056801],[106.644446,11.056934],[106.644444,11.057068],[106.644443,11.057202],[106.644442,11.057336],[106.644442,11.057471],[106.644443,11.057605],[106.644444,11.05774],[106.644445,11.057875],[106.644447,11.058011],[106.64446,11.05931],[106.64453,11.059671],[106.644536,11.060236],[106.644675,11.06041],[106.645077,11.060507],[106.64516,11.060533],[106.645487,11.060709],[106.646378,11.060979],[106.647118,11.061135],[106.647176,11.061092],[106.647505,11.057022],[106.647517,11.056922],[106.647488,11.056863],[106.644535,11.056522],[106.644455,11.05659]]]}},{"type":"Feature","properties":{"loai_qh":"Đất ở","mau":"#e74c3c"},"geometry":{"type":"Polygon","coordinates":[[[106.643761,11.05668],[106.64348,11.056736],[106.643188,11.05686],[106.64265,11.057229],[106.642516,11.057346],[106.641856,11.058066],[106.641747,11.058169],[106.641262,11.05857],[106.641262,11.058637],[106.641614,11.058929],[106.642373,11.059727],[106.64256,11.059875],[106.642628,11.059928],[106.642783,11.060006],[106.643079,11.060089],[106.643571,11.06015],[106.643777,11.059971],[106.643777,11.059673],[106.643837,11.059324],[106.643824,11.058017],[106.643823,11.057881],[106.643822,11.057745],[106.643821,11.057609],[106.64382,11.057472],[106.64382,11.057336],[106.64382,11.057199],[106.643821,11.057061],[106.643823,11.056924],[106.643826,11.056786],[106.643828,11.056735],[106.643761,11.05668]]]}},{"type":"Feature","properties":{"loai_qh":"Đất ở","mau":"#e74c3c"},"geometry":{"type":"Polygon","coordinates":[[[106.643934,11.069055],[106.643868,11.069106],[106.64135,11.068453],[106.641033,11.068375],[106.641347,11.067231],[106.641643,11.066156],[106.6439,11.065799],[106.643902,11.065842],[106.643934,11.069055]]]}},{"type":"Feature","properties":{"loai_qh":"Đất ở","mau":"#e74c3c"},"geometry":{"type":"Polygon","coordinates":[[[106.627788,11.07201],[106.627929,11.07048],[106.627955,11.070178],[106.62804,11.070093],[106.629584,11.069932],[106.629638,11.06998],[106.629623,11.072456],[106.62956,11.072512],[106.629388,11.072491],[106.62877,11.072125],[106.628112,11.071938],[106.627839,11.072048],[106.627788,11.07201]]]}},{"type":"Feature","properties":{"loai_qh":"Đất ở","mau":"#e74c3c"},"geometry":{"type":"Polygon","coordinates":[[[106.628922,11.055365],[106.628599,11.055617],[106.627866,11.05563],[106.627501,11.055672],[106.627099,11.055679],[106.627009,11.055623],[106.626804,11.055188],[106.626793,11.05494],[106.626831,11.054837],[106.627015,11.054336],[106.627877,11.05194],[106.627953,11.051902],[106.629711,11.0524],[106.629757,11.052489],[106.629646,11.052789],[106.629541,11.053129],[106.629459,11.053426],[106.629371,11.053765],[106.629193,11.054457],[106.629067,11.054798],[106.628922,11.055365]]]}},{"type":"Feature","properties":{"loai_qh":"Đất ở","mau":"#e74c3c"},"geometry":{"type":"Polygon","coordinates":[[[106.626285,11.05558],[106.626265,11.055636],[106.626182,11.055695],[106.624267,11.055728],[106.624209,11.055673],[106.624207,11.055543],[106.624299,11.054142],[106.62462,11.052483],[106.626285,11.05558]]]}},{"type":"Feature","properties":{"loai_qh":"Đất ở","mau":"#e74c3c"},"geometry":{"type":"Polygon","coordinates":[[[106.648336,11.05491],[106.648258,11.05494],[106.645346,11.054302],[106.644767,11.054352],[106.644718,11.054295],[106.645466,11.051611],[106.645553,11.05157],[106.648634,11.052889],[106.648687,11.052975],[106.648636,11.053629],[106.648336,11.05491]]]}},{"type":"Feature","properties":{"loai_qh":"Đất ở","mau":"#e74c3c"},"geometry":{"type":"Polygon","coordinates":[[[106.648876,11.050395],[106.64878,11.05178],[106.648716,11.052598],[106.648667,11.052627],[106.64577,11.051387],[106.645653,11.051324],[106.645615,11.051216],[106.645989,11.050365],[106.646047,11.050244],[106.646105,11.050125],[106.646165,11.050005],[106.646226,11.049885],[106.646288,11.049765],[106.64635,11.049646],[106.646413,11.049526],[106.646476,11.049406],[106.646539,11.049286],[106.646603,11.049166],[106.647587,11.047309],[106.647671,11.047226],[106.647871,11.04737],[106.647936,11.047416],[106.647992,11.047351],[106.648357,11.047738],[106.648419,11.047802],[106.648401,11.047826],[106.648415,11.047836],[106.648324,11.047962],[106.648441,11.048036],[106.648503,11.047931],[106.648521,11.047908],[106.648867,11.048268],[106.648889,11.048352],[106.648837,11.048929],[106.648879,11.049587],[106.648876,11.050395]]]}},{"type":"Feature","properties":{"loai_qh":"Đất ở","mau":"#e74c3c"},"geometry":{"type":"Polygon","coordinates":[[[106.646859,11.065317],[106.646736,11.069544],[106.646662,11.069603],[106.644636,11.069263],[106.644558,11.069172],[106.644523,11.065698],[106.644566,11.065691],[106.646859,11.065317]]]}},{"type":"Feature","properties":{"loai_qh":"Đất ở","mau":"#e74c3c"},"geometry":{"type":"Polygon","coordinates":[[[106.627388,11.074691],[106.627495,11.075325],[106.627521,11.075515],[106.627476,11.075561],[106.625745,11.075402],[106.62566,11.075337],[106.625553,11.075035],[106.625536,11.074972],[106.6255,11.07479],[106.625495,11.074765],[106.625474,11.074678],[106.625481,11.074574],[106.625506,11.074463],[106.625507,11.074441],[106.625494,11.074322],[106.625493,11.074319],[106.625462,11.074243],[106.625428,11.07418],[106.625369,11.07408],[106.625349,11.074028],[106.625332,11.073947],[106.625329,11.07393],[106.625299,11.073652],[106.625266,11.073457],[106.625248,11.073388],[106.625235,11.073355],[106.625217,11.073315],[106.6252,11.073282],[106.62522,11.073207],[106.625285,11.073171],[106.62577,11.072954],[106.625986,11.072854],[106.625984,11.072869],[106.625983,11.073038],[106.626075,11.073032],[106.626166,11.073011],[106.62627,11.072993],[106.626344,11.072981],[106.626371,11.073078],[106.6264,11.073137],[106.626466,11.073138],[106.626512,11.073125],[106.626518,11.073123],[106.626825,11.073094],[106.626819,11.073038],[106.626885,11.07303],[106.626846,11.072874],[106.626909,11.072834],[106.626902,11.072818],[106.626986,11.0728],[106.626966,11.072736],[106.626932,11.072695],[106.626912,11.072668],[106.62685,11.072597],[106.626735,11.072624],[106.626628,11.072621],[106.626593,11.072641],[106.626553,11.072608],[106.627056,11.072494],[106.627119,11.072546],[106.627111,11.072694],[106.627117,11.072963],[106.627173,11.073431],[106.627273,11.074015],[106.627388,11.074691]]]}},{"type":"Feature","properties":{"loai_qh":"Đất ở","mau":"#e74c3c"},"geometry":{"type":"Polygon","coordinates":[[[106.64587,11.07205],[106.645707,11.071688],[106.645592,11.071377],[106.644823,11.07085],[106.64465,11.070852],[106.644575,11.070927],[106.644618,11.075179],[106.644638,11.075204],[106.644723,11.074817],[106.644924,11.074269],[106.644998,11.074067],[106.645132,11.073711],[106.645302,11.073255],[106.645369,11.073084],[106.64541,11.072979],[106.645478,11.072803],[106.645616,11.072483],[106.645843,11.072092],[106.645865,11.072059],[106.64587,11.07205]]]}},{"type":"Feature","properties":{"loai_qh":"Đất ở","mau":"#e74c3c"},"geometry":{"type":"Polygon","coordinates":[[[106.635419,11.075654],[106.634561,11.075782],[106.634506,11.075736],[106.634497,11.074975],[106.634556,11.074902],[106.635167,11.074762],[106.635419,11.075654]]]}},{"type":"Feature","properties":{"loai_qh":"Đất ở","mau":"#e74c3c"},"geometry":{"type":"Polygon","coordinates":[[[106.639605,11.075396],[106.639393,11.075347],[106.637756,11.075305],[106.637531,11.075338],[106.637471,11.075267],[106.637471,11.075266],[106.637489,11.075186],[106.637533,11.074785],[106.637652,11.074638],[106.637703,11.07462],[106.637943,11.074194],[106.637941,11.074183],[106.637983,11.0741],[106.638074,11.074059],[106.639121,11.073739],[106.639984,11.073585],[106.64005,11.073643],[106.63967,11.075353],[106.639605,11.075396]]]}},{"type":"Feature","properties":{"loai_qh":"Đất ở","mau":"#e74c3c"},"geometry":{"type":"Polygon","coordinates":[[[106.637298,11.075165],[106.637296,11.07518],[106.637107,11.075217],[106.637051,11.074991],[106.636828,11.075045],[106.636653,11.074423],[106.637686,11.074188],[106.637755,11.07423],[106.637756,11.074235],[106.63764,11.074441],[106.637589,11.074458],[106.637342,11.074765],[106.637298,11.075165]]]}},{"type":"Feature","properties":{"loai_qh":"Đất ở","mau":"#e74c3c"},"geometry":{"type":"Polygon","coordinates":[[[106.641185,11.071143],[106.641299,11.071154],[106.64159,11.071141],[106.641696,11.071141],[106.641758,11.071141],[106.641757,11.071148],[106.641838,11.071148],[106.641849,11.071023],[106.641856,11.070966],[106.641878,11.070874],[106.641908,11.07076],[106.641938,11.070631],[106.641701,11.070559],[106.641288,11.070471],[106.641251,11.070511],[106.641177,11.070518],[106.641171,11.070097],[106.641219,11.07006],[106.643874,11.070749],[106.643952,11.070848],[106.643976,11.07322],[106.643699,11.073223],[106.642884,11.073228],[106.642861,11.073476],[106.642718,11.073611],[106.642278,11.07368],[106.642449,11.074085],[106.642486,11.074084],[106.642928,11.074065],[106.643248,11.074171],[106.643447,11.074314],[106.64399,11.074641],[106.644016,11.077231],[106.643963,11.077263],[106.642619,11.076545],[106.641229,11.074278],[106.641185,11.071143]]]}},{"type":"Feature","properties":{"loai_qh":"Đất ở","mau":"#e74c3c"},"geometry":{"type":"Polygon","coordinates":[[[106.639957,11.068115],[106.639883,11.068164],[106.638777,11.068062],[106.638401,11.068044],[106.638338,11.067983],[106.638253,11.066704],[106.640443,11.066346],[106.639957,11.068115]]]}},{"type":"Feature","properties":{"loai_qh":"Đất ở","mau":"#e74c3c"},"geometry":{"type":"Polygon","coordinates":[[[106.638145,11.067978],[106.638094,11.068029],[106.634346,11.067849],[106.634266,11.067788],[106.634166,11.06737],[106.638062,11.066735],[106.638145,11.067978]]]}},{"type":"Feature","properties":{"loai_qh":"Đất ở","mau":"#e74c3c"},"geometry":{"type":"Polygon","coordinates":[[[106.628741,11.049298],[106.628666,11.049323],[106.626931,11.048453],[106.626757,11.048097],[106.627018,11.046842],[106.627165,11.046423],[106.627451,11.045863],[106.627528,11.045838],[106.629801,11.046954],[106.629827,11.047031],[106.628741,11.049298]]]}},{"type":"Feature","properties":{"loai_qh":"Đất ở","mau":"#e74c3c"},"geometry":{"type":"Polygon","coordinates":[[[106.630149,11.051664],[106.629916,11.052115],[106.629805,11.052163],[106.628049,11.051665],[106.62802,11.051603],[106.630139,11.047183],[106.630214,11.047157],[106.632028,11.048048],[106.63206,11.048146],[106.63169,11.048826],[106.630893,11.050294],[106.630149,11.051664]]]}},{"type":"Feature","properties":{"loai_qh":"Đất ở","mau":"#e74c3c"},"geometry":{"type":"Polygon","coordinates":[[[106.633921,11.063964],[106.633543,11.064129],[106.633256,11.064266],[106.633056,11.064313],[106.632958,11.064375],[106.632853,11.064431],[106.632803,11.06447],[106.632705,11.064515],[106.632558,11.064272],[106.632579,11.064199],[106.632729,11.064121],[106.63332,11.063817],[106.633342,11.063805],[106.634223,11.063307],[106.634746,11.063022],[106.634861,11.062942],[106.635003,11.062818],[106.635046,11.062777],[106.635224,11.062591],[106.635423,11.062386],[106.635614,11.062207],[106.636466,11.061389],[106.636541,11.061393],[106.636745,11.061634],[106.636666,11.061706],[106.636664,11.061716],[106.63666,11.061718],[106.636639,11.061784],[106.636503,11.061912],[106.636429,11.061953],[106.636286,11.062091],[106.636159,11.062213],[106.635846,11.062515],[106.635897,11.062567],[106.635716,11.062723],[106.635462,11.062894],[106.635289,11.063074],[106.635155,11.0632],[106.635033,11.063306],[106.63493,11.063395],[106.63478,11.063516],[106.634711,11.063451],[106.634321,11.063637],[106.634267,11.063589],[106.634127,11.063823],[106.634083,11.06387],[106.633921,11.063964]]]}},{"type":"Feature","properties":{"loai_qh":"Đất ở","mau":"#e74c3c"},"geometry":{"type":"Polygon","coordinates":[[[106.63741,11.061075],[106.637237,11.061226],[106.63719,11.061255],[106.637105,11.061342],[106.637027,11.061406],[106.636969,11.061445],[106.636936,11.06144],[106.63688,11.061497],[106.636681,11.061262],[106.636685,11.061176],[106.63691,11.060956],[106.637119,11.060756],[106.637168,11.060716],[106.637478,11.060493],[106.637782,11.060297],[106.637988,11.060057],[106.638151,11.059684],[106.638308,11.05945],[106.638465,11.059286],[106.63882,11.0592],[106.638951,11.059244],[106.638869,11.05934],[106.638539,11.059801],[106.6382,11.060215],[106.637897,11.060473],[106.63741,11.061075]]]}},{"type":"Feature","properties":{"loai_qh":"Đất ở","mau":"#e74c3c"},"geometry":{"type":"Polygon","coordinates":[[[106.63512,11.074597],[106.634563,11.074724],[106.634493,11.07467],[106.634476,11.07325],[106.634506,11.073217],[106.634787,11.073196],[106.634792,11.073558],[106.634792,11.073558],[106.634795,11.073842],[106.634829,11.073835],[106.634901,11.073821],[106.63512,11.074597]]]}},{"type":"Feature","properties":{"loai_qh":"Đất ở","mau":"#e74c3c"},"geometry":{"type":"Polygon","coordinates":[[[106.634781,11.072813],[106.634784,11.073024],[106.634502,11.073045],[106.634473,11.073019],[106.634466,11.072479],[106.634725,11.072476],[106.634725,11.072478],[106.634781,11.072813]]]}},{"type":"Feature","properties":{"loai_qh":"Đất ở","mau":"#e74c3c"},"geometry":{"type":"Polygon","coordinates":[[[106.632162,11.064781],[106.631895,11.064917],[106.631884,11.064921],[106.631833,11.064943],[106.631782,11.064965],[106.63176,11.064977],[106.631742,11.064987],[106.631684,11.065017],[106.631539,11.064739],[106.632308,11.06434],[106.632389,11.064363],[106.632529,11.064594],[106.632477,11.064618],[106.632463,11.064644],[106.632162,11.064781]]]}},{"type":"Feature","properties":{"loai_qh":"Đất ở","mau":"#e74c3c"},"geometry":{"type":"Polygon","coordinates":[[[106.637637,11.058424],[106.637218,11.058152],[106.63714,11.058251],[106.637125,11.058271],[106.635759,11.057814],[106.635732,11.057759],[106.635856,11.057672],[106.63598,11.05756],[106.636092,11.057514],[106.636423,11.057635],[106.636463,11.057594],[106.636526,11.05755],[106.636581,11.057497],[106.636616,11.057452],[106.6367,11.057393],[106.636712,11.05739],[106.636727,11.057387],[106.636804,11.057369],[106.636827,11.057363],[106.636878,11.057351],[106.636936,11.057322],[106.636949,11.057286],[106.637172,11.057323],[106.637268,11.057563],[106.637679,11.058193],[106.637693,11.058223],[106.637712,11.058297],[106.637637,11.058424]]]}},{"type":"Feature","properties":{"loai_qh":"Đất ở","mau":"#e74c3c"},"geometry":{"type":"Polygon","coordinates":[[[106.638856,11.058556],[106.638417,11.0586],[106.638315,11.05853],[106.637981,11.058187],[106.637484,11.057426],[106.637442,11.057057],[106.637681,11.056413],[106.637789,11.056189],[106.638024,11.055801],[106.638111,11.055772],[106.638819,11.056042],[106.639543,11.056302],[106.639563,11.05631],[106.639629,11.056344],[106.639674,11.056376],[106.639722,11.056423],[106.639738,11.056438],[106.639827,11.056515],[106.639869,11.056546],[106.640026,11.056649],[106.640067,11.056679],[106.640353,11.056915],[106.640357,11.05699],[106.638856,11.058556]]]}},{"type":"Feature","properties":{"loai_qh":"Đất ở","mau":"#e74c3c"},"geometry":{"type":"Polygon","coordinates":[[[106.640995,11.059372],[106.64089,11.059482],[106.640523,11.05938],[106.640482,11.05923],[106.640621,11.059098],[106.64079,11.05895],[106.641233,11.058943],[106.641411,11.059091],[106.64139,11.059118],[106.641105,11.059486],[106.640995,11.059372]]]}},{"type":"Feature","properties":{"loai_qh":"Đất ở","mau":"#e74c3c"},"geometry":{"type":"Polygon","coordinates":[[[106.629559,11.072703],[106.62961,11.072763],[106.629526,11.07382],[106.629515,11.074351],[106.629597,11.076571],[106.629499,11.076639],[106.629099,11.076481],[106.628777,11.076304],[106.628478,11.076186],[106.628268,11.07592],[106.628233,11.075662],[106.628121,11.075312],[106.62811,11.075233],[106.627887,11.073914],[106.62779,11.073343],[106.627738,11.072921],[106.627734,11.072698],[106.627752,11.072409],[106.627756,11.072365],[106.627812,11.07229],[106.627881,11.072434],[106.627909,11.072472],[106.627936,11.072476],[106.627961,11.072546],[106.628037,11.072516],[106.62809,11.072491],[106.62811,11.07248],[106.628116,11.07248],[106.62822,11.072438],[106.628214,11.072427],[106.628216,11.072425],[106.628231,11.072417],[106.628245,11.07241],[106.62835,11.072351],[106.628323,11.072303],[106.628238,11.072097],[106.628614,11.072236],[106.629362,11.072679],[106.629559,11.072703]]]}},{"type":"Feature","properties":{"loai_qh":"Đất ở","mau":"#e74c3c"},"geometry":{"type":"Polygon","coordinates":[[[106.648996,11.064483],[106.649164,11.062396],[106.649302,11.062449],[106.649474,11.062526],[106.649998,11.062786],[106.650962,11.062861],[106.65108,11.062832],[106.651363,11.062798],[106.651647,11.062798],[106.651663,11.062843],[106.651662,11.062843],[106.65169,11.062919],[106.651591,11.062977],[106.651625,11.063042],[106.651598,11.063061],[106.651528,11.063118],[106.651465,11.063171],[106.651552,11.063272],[106.651652,11.063199],[106.651738,11.06334],[106.651872,11.063742],[106.651822,11.063742],[106.651743,11.06374],[106.651668,11.063704],[106.651551,11.063684],[106.651464,11.063776],[106.651419,11.063825],[106.651377,11.063884],[106.651315,11.063927],[106.65128,11.063973],[106.65119,11.063975],[106.651186,11.064047],[106.651123,11.06405],[106.651101,11.064138],[106.650572,11.064225],[106.649736,11.064362],[106.648996,11.064483]]]}},{"type":"Feature","properties":{"loai_qh":"Đất ở","mau":"#e74c3c"},"geometry":{"type":"Polygon","coordinates":[[[106.633563,11.044691],[106.633858,11.044837],[106.633477,11.045538],[106.633374,11.04557],[106.629969,11.043863],[106.630118,11.043583],[106.630268,11.04366],[106.630412,11.043391],[106.63047,11.043281],[106.63097,11.043522],[106.631035,11.043494],[106.631049,11.043492],[106.631065,11.043492],[106.632381,11.044105],[106.632625,11.044218],[106.632796,11.044304],[106.633563,11.044691]]]}},{"type":"Feature","properties":{"loai_qh":"Đất ở","mau":"#e74c3c"},"geometry":{"type":"Polygon","coordinates":[[[106.627684,11.051501],[106.627601,11.051539],[106.624773,11.050737],[106.625026,11.049522],[106.625169,11.048837],[106.625354,11.047977],[106.625411,11.047715],[106.625432,11.047614],[106.625529,11.047646],[106.625721,11.047708],[106.625906,11.047179],[106.625954,11.047044],[106.625957,11.047034],[106.625962,11.047021],[106.626114,11.047051],[106.626214,11.046407],[106.625885,11.046341],[106.625989,11.045751],[106.625997,11.045706],[106.625539,11.045633],[106.625685,11.044715],[106.625812,11.04392],[106.625847,11.043704],[106.626857,11.04386],[106.627792,11.042966],[106.628557,11.04325],[106.628573,11.043258],[106.62933,11.043648],[106.628896,11.043767],[106.628564,11.043887],[106.62794,11.044342],[106.626936,11.046309],[106.626767,11.046791],[106.626506,11.048046],[106.626815,11.048679],[106.628555,11.049551],[106.628582,11.049629],[106.627684,11.051501]]]}},{"type":"Feature","properties":{"loai_qh":"Đất ở","mau":"#e74c3c"},"geometry":{"type":"Polygon","coordinates":[[[106.651896,11.059966],[106.652253,11.059989],[106.652224,11.060089],[106.652198,11.060181],[106.652182,11.060314],[106.652578,11.060357],[106.652422,11.061075],[106.652418,11.061081],[106.652382,11.06113],[106.652307,11.061453],[106.652237,11.06144],[106.651942,11.061382],[106.65189,11.061634],[106.651828,11.061929],[106.651445,11.061884],[106.651435,11.061915],[106.65143,11.061915],[106.6514,11.062286],[106.651396,11.062294],[106.651382,11.062455],[106.651363,11.062455],[106.650997,11.062498],[106.650879,11.062527],[106.650143,11.062474],[106.649633,11.06222],[106.649427,11.062128],[106.649026,11.061975],[106.648871,11.061907],[106.648608,11.061774],[106.648492,11.061707],[106.648119,11.061464],[106.647482,11.061204],[106.647431,11.061122],[106.647754,11.057122],[106.64784,11.057082],[106.648923,11.058214],[106.651896,11.059966]]]}},{"type":"Feature","properties":{"loai_qh":"Đất ở","mau":"#e74c3c"},"geometry":{"type":"Polygon","coordinates":[[[106.619273,11.079346],[106.617353,11.078995],[106.61733,11.079014],[106.617417,11.080943],[106.617505,11.080982],[106.617645,11.080871],[106.618616,11.080163],[106.618998,11.079963],[106.619116,11.079883],[106.619346,11.079688],[106.619366,11.079628],[106.619315,11.079387],[106.619273,11.079346]]]}},{"type":"Feature","properties":{"loai_qh":"Đất ở","mau":"#e74c3c"},"geometry":{"type":"Polygon","coordinates":[[[106.631599,11.07496],[106.631367,11.075059],[106.630275,11.075638],[106.629826,11.075779],[106.629822,11.075779],[106.629758,11.075726],[106.629707,11.074354],[106.630012,11.074294],[106.630001,11.074012],[106.630007,11.073882],[106.630122,11.073852],[106.63014,11.073734],[106.630292,11.073718],[106.630315,11.073606],[106.630329,11.073367],[106.630356,11.073368],[106.630382,11.073369],[106.630849,11.073404],[106.630935,11.073404],[106.630929,11.073299],[106.631178,11.073293],[106.631191,11.073327],[106.63124,11.073477],[106.631215,11.073482],[106.631242,11.073608],[106.631251,11.073652],[106.631261,11.073696],[106.631288,11.07387],[106.631294,11.073917],[106.631301,11.073962],[106.631314,11.074033],[106.632012,11.07389],[106.632437,11.07362],[106.632601,11.073545],[106.632852,11.073473],[106.633246,11.073385],[106.633279,11.073378],[106.633291,11.074343],[106.633233,11.074423],[106.631599,11.07496]]]}},{"type":"Feature","properties":{"loai_qh":"Đất ở","mau":"#e74c3c"},"geometry":{"type":"Polygon","coordinates":[[[106.633312,11.076101],[106.633253,11.076173],[106.633008,11.076225],[106.632698,11.076318],[106.632417,11.076428],[106.632234,11.076511],[106.632197,11.076531],[106.631628,11.076841],[106.631001,11.077182],[106.630882,11.077189],[106.630354,11.076978],[106.629872,11.076787],[106.629793,11.076676],[106.629769,11.076029],[106.62982,11.075971],[106.62985,11.075967],[106.630366,11.075805],[106.631458,11.075226],[106.631548,11.075183],[106.63166,11.07514],[106.633247,11.074619],[106.633294,11.074652],[106.633312,11.076101]]]}},{"type":"Feature","properties":{"loai_qh":"Đất ở","mau":"#e74c3c"},"geometry":{"type":"Polygon","coordinates":[[[106.633262,11.071877],[106.633203,11.07195],[106.633063,11.071981],[106.633023,11.071991],[106.632486,11.072147],[106.632269,11.07221],[106.63221,11.07223],[106.63178,11.072402],[106.631755,11.072411],[106.631402,11.072529],[106.631357,11.072542],[106.6312,11.072577],[106.631114,11.072587],[106.631038,11.07259],[106.630931,11.07258],[106.630761,11.072545],[106.630599,11.072532],[106.630401,11.072541],[106.630371,11.072541],[106.629871,11.07253],[106.629815,11.072473],[106.62983,11.069964],[106.629889,11.0699],[106.632943,11.069581],[106.633238,11.069832],[106.633262,11.071877]]]}},{"type":"Feature","properties":{"loai_qh":"Đất ở","mau":"#e74c3c"},"geometry":{"type":"Polygon","coordinates":[[[106.637859,11.072188],[106.637848,11.072258],[106.63784,11.07238],[106.637748,11.072524],[106.637589,11.07261],[106.637578,11.072618],[106.637435,11.072797],[106.637433,11.072804],[106.63741,11.072933],[106.637411,11.072969],[106.637425,11.073065],[106.637563,11.073547],[106.637684,11.073951],[106.637642,11.074022],[106.636607,11.074258],[106.636533,11.073997],[106.636535,11.073996],[106.63651,11.073909],[106.636498,11.073867],[106.636405,11.073537],[106.636398,11.07337],[106.636402,11.073303],[106.636423,11.073197],[106.636377,11.072947],[106.636348,11.072941],[106.636345,11.072916],[106.636283,11.072926],[106.636272,11.072924],[106.636184,11.072939],[106.63613,11.072945],[106.635828,11.071652],[106.635851,11.07161],[106.635975,11.071562],[106.636357,11.071419],[106.636854,11.071267],[106.637129,11.071175],[106.637252,11.071517],[106.637191,11.071539],[106.637413,11.072008],[106.637581,11.071968],[106.637733,11.071945],[106.637875,11.071943],[106.637893,11.072035],[106.637892,11.072061],[106.637859,11.072188]]]}},{"type":"Feature","properties":{"loai_qh":"Đất ở","mau":"#e74c3c"},"geometry":{"type":"Polygon","coordinates":[[[106.635921,11.072812],[106.63588,11.072815],[106.635832,11.072844],[106.635809,11.072846],[106.635774,11.072834],[106.635761,11.072822],[106.635761,11.072811],[106.635772,11.072781],[106.635777,11.072773],[106.635824,11.072687],[106.63579,11.072603],[106.635706,11.072507],[106.635648,11.072354],[106.635627,11.072356],[106.635627,11.072355],[106.634719,11.072422],[106.634466,11.072425],[106.634462,11.072126],[106.63452,11.072048],[106.635182,11.071863],[106.635239,11.071844],[106.635632,11.071694],[106.635663,11.07171],[106.635921,11.072812]]]}},{"type":"Feature","properties":{"loai_qh":"Đất ở hỗn hợp","mau":"#e67e22"},"geometry":{"type":"Polygon","coordinates":[[[106.623355,11.071545],[106.623585,11.07123],[106.623838,11.071243],[106.624125,11.071248],[106.624122,11.071221],[106.624112,11.071172],[106.624455,11.071153],[106.62431,11.070445],[106.624668,11.070374],[106.624823,11.071129],[106.624898,11.071507],[106.625033,11.071507],[106.625069,11.071507],[106.62507,11.071511],[106.625053,11.071641],[106.62496,11.071829],[106.624926,11.072009],[106.624935,11.072096],[106.62487,11.072183],[106.623304,11.072503],[106.623218,11.072447],[106.623071,11.071748],[106.623099,11.071705],[106.623298,11.071664],[106.623376,11.071607],[106.62336,11.071593],[106.623382,11.071559],[106.623355,11.071545]]]}},{"type":"Feature","properties":{"loai_qh":"Đất ở","mau":"#e74c3c"},"geometry":{"type":"Polygon","coordinates":[[[106.623396,11.071535],[106.623599,11.071257],[106.623837,11.07127],[106.624156,11.071276],[106.624149,11.071217],[106.624145,11.071197],[106.624488,11.071178],[106.624342,11.070467],[106.624647,11.070406],[106.624797,11.071134],[106.624876,11.071534],[106.625033,11.071534],[106.625046,11.071534],[106.625029,11.071629],[106.624935,11.071817],[106.624899,11.072012],[106.624906,11.072088],[106.624854,11.072158],[106.62331,11.072474],[106.623242,11.072431],[106.6231,11.071753],[106.623116,11.071729],[106.62331,11.07169],[106.623419,11.071609],[106.623396,11.071588],[106.623421,11.071548],[106.623396,11.071535]]]}},{"type":"Feature","properties":{"loai_qh":"Đất ở hỗn hợp","mau":"#e67e22"},"geometry":{"type":"Polygon","coordinates":[[[106.626145,11.07168],[106.626235,11.071791],[106.626317,11.071751],[106.626464,11.071666],[106.626495,11.07169],[106.626608,11.071661],[106.62661,11.071665],[106.626662,11.071645],[106.62662,11.07148],[106.626594,11.071322],[106.626556,11.071031],[106.626547,11.07095],[106.626516,11.070732],[106.626478,11.070401],[106.626462,11.070301],[106.626452,11.070212],[106.626437,11.070084],[106.626737,11.070121],[106.626742,11.070044],[106.626809,11.07005],[106.627274,11.07009],[106.627358,11.070188],[106.627337,11.070428],[106.627181,11.072114],[106.627172,11.07221],[106.627075,11.072321],[106.626942,11.072353],[106.626498,11.072453],[106.626377,11.072417],[106.626203,11.072235],[106.626194,11.072225],[106.625904,11.071914],[106.625591,11.071661],[106.625422,11.07156],[106.625267,11.071512],[106.62533,11.071513],[106.625285,11.071159],[106.625532,11.071142],[106.625683,11.071128],[106.625807,11.071154],[106.625836,11.071357],[106.625972,11.071331],[106.626145,11.07168]]]}},{"type":"Feature","properties":{"loai_qh":"Đất ở","mau":"#e74c3c"},"geometry":{"type":"Polygon","coordinates":[[[106.626122,11.071695],[106.626228,11.071825],[106.62633,11.071775],[106.626461,11.071699],[106.626488,11.07172],[106.626594,11.071693],[106.626598,11.071699],[106.626695,11.071662],[106.626647,11.071474],[106.626621,11.071318],[106.626583,11.071028],[106.626574,11.070947],[106.626543,11.070728],[106.626505,11.070397],[106.626489,11.070297],[106.626479,11.070209],[106.626468,11.070115],[106.626763,11.070152],[106.626767,11.070073],[106.626806,11.070077],[106.62726,11.070116],[106.627329,11.070197],[106.627309,11.070426],[106.627153,11.072111],[106.627146,11.072199],[106.62706,11.072297],[106.626936,11.072326],[106.626499,11.072425],[106.626392,11.072393],[106.626223,11.072217],[106.626214,11.072206],[106.625924,11.071896],[106.625605,11.071638],[106.625436,11.071537],[106.625356,11.071501],[106.625316,11.071184],[106.625534,11.071169],[106.625681,11.071156],[106.625782,11.071177],[106.625813,11.071389],[106.625956,11.071362],[106.626122,11.071695]]]}},{"type":"Feature","properties":{"loai_qh":"Đất ở","mau":"#e74c3c"},"geometry":{"type":"Polygon","coordinates":[[[106.627365,11.069786],[106.62736,11.069841],[106.627278,11.069909],[106.626957,11.069882],[106.626957,11.069871],[106.626861,11.069873],[106.626827,11.06987],[106.626313,11.069868],[106.626292,11.06985],[106.62629,11.06982],[106.626281,11.069359],[106.626277,11.069359],[106.626273,11.069233],[106.626233,11.069236],[106.626706,11.069137],[106.626939,11.069102],[106.627425,11.069],[106.627394,11.069411],[106.627365,11.069786]]]}},{"type":"Feature","properties":{"loai_qh":"Đất ở","mau":"#e74c3c"},"geometry":{"type":"Polygon","coordinates":[[[106.62238,11.074829],[106.622271,11.074987],[106.62239,11.07505],[106.622422,11.075078],[106.622439,11.075096],[106.622465,11.075126],[106.622504,11.075077],[106.622581,11.07498],[106.622612,11.075011],[106.622674,11.075074],[106.622731,11.075134],[106.622772,11.075165],[106.622744,11.07523],[106.622875,11.075325],[106.622851,11.075339],[106.621157,11.076302],[106.621081,11.076281],[106.620951,11.076046],[106.620689,11.075575],[106.620465,11.075157],[106.620425,11.075092],[106.620332,11.07496],[106.621079,11.074518],[106.620962,11.074336],[106.621084,11.074244],[106.621151,11.074187],[106.621621,11.073773],[106.621737,11.073736],[106.621868,11.07375],[106.622073,11.073839],[106.622146,11.073904],[106.622265,11.074018],[106.622086,11.074162],[106.621862,11.074338],[106.621804,11.074381],[106.621698,11.074458],[106.62238,11.074829]]]}},{"type":"Feature","properties":{"loai_qh":"Y tế","mau":"#e84393"},"geometry":{"type":"Polygon","coordinates":[[[106.6249,11.06179],[106.624779,11.061901],[106.624708,11.061967],[106.624692,11.061949],[106.62427,11.061472],[106.624219,11.06135],[106.624211,11.061256],[106.624251,11.061155],[106.624382,11.061026],[106.625042,11.06166],[106.6249,11.06179]]]}},{"type":"Feature","properties":{"loai_qh":"Đất ở hỗn hợp","mau":"#e67e22"},"geometry":{"type":"Polygon","coordinates":[[[106.628269,11.061354],[106.628297,11.061623],[106.628324,11.061891],[106.628343,11.062156],[106.628354,11.062372],[106.62835,11.062668],[106.628344,11.062977],[106.628337,11.063295],[106.628245,11.063365],[106.628048,11.063318],[106.627643,11.06312],[106.626476,11.062423],[106.626441,11.062409],[106.626197,11.062349],[106.625918,11.062298],[106.625817,11.062288],[106.625647,11.062286],[106.625386,11.062277],[106.625335,11.062273],[106.625272,11.062264],[106.625228,11.062256],[106.625115,11.062229],[106.625024,11.062198],[106.624941,11.06216],[106.624848,11.062104],[106.624745,11.062024],[106.624707,11.061992],[106.624792,11.061914],[106.624912,11.061804],[106.625068,11.06166],[106.625184,11.061554],[106.625279,11.061466],[106.625317,11.061431],[106.625325,11.061424],[106.625334,11.061416],[106.625403,11.061356],[106.625538,11.061237],[106.624807,11.060483],[106.625593,11.059311],[106.625701,11.059279],[106.627157,11.059879],[106.627824,11.060023],[106.628039,11.06003],[106.62814,11.060123],[106.628165,11.060364],[106.6282,11.060697],[106.628244,11.061115],[106.628269,11.061354]]]}},{"type":"Feature","properties":{"loai_qh":"Đất ở","mau":"#e74c3c"},"geometry":{"type":"Polygon","coordinates":[[[106.628241,11.061357],[106.62827,11.061626],[106.628296,11.061893],[106.628316,11.062157],[106.628327,11.062373],[106.628323,11.062668],[106.628317,11.062977],[106.628309,11.063282],[106.628238,11.063336],[106.628055,11.063292],[106.627661,11.063099],[106.626487,11.062398],[106.626449,11.062383],[106.626202,11.062322],[106.625923,11.062272],[106.625817,11.062261],[106.625648,11.062259],[106.625387,11.06225],[106.625339,11.062246],[106.625276,11.062237],[106.625234,11.062229],[106.625122,11.062203],[106.625035,11.062173],[106.624953,11.062135],[106.624865,11.062082],[106.624762,11.062002],[106.624748,11.061992],[106.62481,11.061934],[106.624931,11.061823],[106.625087,11.06168],[106.625202,11.061574],[106.625298,11.061486],[106.625335,11.061451],[106.625343,11.061444],[106.625352,11.061436],[106.625421,11.061376],[106.625578,11.061239],[106.624842,11.060479],[106.62561,11.059334],[106.625699,11.059308],[106.627147,11.059904],[106.627823,11.06005],[106.628027,11.060057],[106.628113,11.060136],[106.628138,11.060366],[106.628172,11.0607],[106.628216,11.061118],[106.628241,11.061357]]]}},{"type":"Feature","properties":{"loai_qh":"Đất ở","mau":"#e74c3c"},"geometry":{"type":"Polygon","coordinates":[[[106.628096,11.064828],[106.628096,11.064823],[106.628115,11.064825],[106.628113,11.064796],[106.628142,11.064798],[106.628144,11.064829],[106.628096,11.064828]]]}},{"type":"Feature","properties":{"loai_qh":"Đất ở","mau":"#e74c3c"},"geometry":{"type":"Polygon","coordinates":[[[106.628182,11.064856],[106.628181,11.064836],[106.628189,11.064837],[106.628189,11.064838],[106.628186,11.064856],[106.628182,11.064856]]]}},{"type":"Feature","properties":{"loai_qh":"Đất ở hỗn hợp","mau":"#e67e22"},"geometry":{"type":"Polygon","coordinates":[[[106.629796,11.060896],[106.629789,11.060626],[106.629393,11.060665],[106.629543,11.060952],[106.629556,11.060951],[106.629796,11.060896]]]}},{"type":"Feature","properties":{"loai_qh":"Đất ở","mau":"#e74c3c"},"geometry":{"type":"Polygon","coordinates":[[[106.629584,11.060972],[106.629824,11.060918],[106.629816,11.060596],[106.629408,11.060636],[106.629584,11.060972]]]}},{"type":"Feature","properties":{"loai_qh":"Đất ở hỗn hợp","mau":"#e67e22"},"geometry":{"type":"Polygon","coordinates":[[[106.628817,11.060352],[106.630443,11.063462],[106.629784,11.063458],[106.629176,11.063438],[106.629134,11.063435],[106.628984,11.063417],[106.628903,11.063325],[106.628911,11.062989],[106.628918,11.062678],[106.628922,11.062362],[106.62891,11.062121],[106.628889,11.061843],[106.628861,11.061567],[106.628833,11.061297],[106.628808,11.061057],[106.628764,11.06064],[106.628744,11.060447],[106.628817,11.060352]]]}},{"type":"Feature","properties":{"loai_qh":"Đất ở hỗn hợp","mau":"#e67e22"},"geometry":{"type":"Polygon","coordinates":[[[106.630839,11.063432],[106.629188,11.060274],[106.629484,11.060208],[106.629512,11.060203],[106.630105,11.060109],[106.630293,11.060087],[106.630362,11.06009],[106.630406,11.060113],[106.630451,11.060156],[106.630562,11.060243],[106.630641,11.060306],[106.630717,11.060464],[106.630717,11.060551],[106.63073,11.060644],[106.630737,11.060666],[106.630781,11.06076],[106.630806,11.060797],[106.630868,11.060867],[106.630987,11.060967],[106.631019,11.061001],[106.631079,11.06112],[106.6311,11.061273],[106.631129,11.061515],[106.63113,11.061561],[106.631114,11.061704],[106.631114,11.061777],[106.631125,11.061876],[106.631153,11.061976],[106.631177,11.062028],[106.631264,11.062145],[106.631295,11.062172],[106.631342,11.06223],[106.631374,11.062288],[106.631438,11.062468],[106.631455,11.062513],[106.631702,11.063066],[106.631818,11.063306],[106.63178,11.063391],[106.631697,11.063414],[106.631606,11.063431],[106.631462,11.063443],[106.631398,11.063444],[106.631091,11.063431],[106.631071,11.06343],[106.630924,11.063428],[106.630877,11.063429],[106.630839,11.063432]]]}},{"type":"Feature","properties":{"loai_qh":"Đất ở","mau":"#e74c3c"},"geometry":{"type":"Polygon","coordinates":[[[106.630855,11.063404],[106.629229,11.060292],[106.62949,11.060235],[106.629517,11.06023],[106.630109,11.060136],[106.630296,11.060114],[106.630353,11.060116],[106.630389,11.060135],[106.630433,11.060177],[106.630545,11.060264],[106.630623,11.060327],[106.63069,11.060464],[106.63069,11.060551],[106.630704,11.060652],[106.63071,11.060673],[106.630758,11.060775],[106.630783,11.060812],[106.63085,11.060887],[106.630969,11.060988],[106.630998,11.061019],[106.631052,11.061124],[106.631072,11.061276],[106.631102,11.061519],[106.631102,11.061559],[106.631087,11.061701],[106.631087,11.06178],[106.631098,11.061879],[106.631128,11.061987],[106.631151,11.062039],[106.631246,11.062166],[106.631277,11.062192],[106.631319,11.062245],[106.631348,11.062297],[106.631412,11.062477],[106.63143,11.062524],[106.631677,11.063077],[106.631788,11.063306],[106.63176,11.063368],[106.631689,11.063388],[106.631604,11.063404],[106.631459,11.063416],[106.631399,11.063417],[106.631093,11.063403],[106.631071,11.063403],[106.630924,11.063401],[106.630876,11.063402],[106.630855,11.063404]]]}},{"type":"Feature","properties":{"loai_qh":"Đất ở hỗn hợp","mau":"#e67e22"},"geometry":{"type":"Polygon","coordinates":[[[106.622316,11.060739],[106.622336,11.060774],[106.62258,11.061188],[106.622673,11.061344],[106.62281,11.061587],[106.622939,11.061811],[106.622913,11.061911],[106.622661,11.062061],[106.622091,11.062298],[106.621822,11.06255],[106.62166,11.062879],[106.620844,11.063776],[106.620696,11.063848],[106.620607,11.063818],[106.62042,11.063508],[106.620266,11.063289],[106.620708,11.063075],[106.621449,11.062739],[106.621468,11.06278],[106.62171,11.062649],[106.621704,11.062614],[106.621695,11.062377],[106.621507,11.062069],[106.621438,11.061958],[106.621422,11.061931],[106.621353,11.061806],[106.621301,11.06156],[106.621214,11.061136],[106.621095,11.060754],[106.620987,11.060408],[106.620833,11.059998],[106.620742,11.060029],[106.620669,11.059873],[106.62028,11.06004],[106.620126,11.059637],[106.619489,11.059858],[106.619661,11.060741],[106.619638,11.060741],[106.618983,11.060766],[106.619134,11.060492],[106.619152,11.060455],[106.619445,11.059829],[106.619469,11.05977],[106.619545,11.059555],[106.619616,11.059239],[106.619689,11.059175],[106.621365,11.05916],[106.621474,11.059222],[106.621895,11.059976],[106.621898,11.05998],[106.622238,11.060595],[106.622316,11.060739]]]}},{"type":"Feature","properties":{"loai_qh":"Đất ở","mau":"#e74c3c"},"geometry":{"type":"Polygon","coordinates":[[[106.622292,11.060752],[106.622312,11.060787],[106.622557,11.061202],[106.622649,11.061358],[106.622786,11.061601],[106.62291,11.061815],[106.622889,11.061894],[106.622648,11.062037],[106.62208,11.062273],[106.621797,11.062538],[106.621739,11.062656],[106.621731,11.062611],[106.621722,11.062369],[106.62153,11.062055],[106.621461,11.061944],[106.621447,11.061917],[106.621379,11.061796],[106.621328,11.061555],[106.621241,11.06113],[106.621121,11.060746],[106.621013,11.060399],[106.620849,11.059963],[106.620757,11.059995],[106.620683,11.059837],[106.620296,11.060004],[106.620142,11.059603],[106.619472,11.059836],[106.619495,11.059779],[106.619571,11.059563],[106.619643,11.059252],[106.619699,11.059202],[106.621358,11.059187],[106.621453,11.059242],[106.621871,11.05999],[106.621874,11.059993],[106.622214,11.060608],[106.622292,11.060752]]]}},{"type":"Feature","properties":{"loai_qh":"Đất ở","mau":"#e74c3c"},"geometry":{"type":"Polygon","coordinates":[[[106.61903,11.060737],[106.619158,11.060505],[106.619177,11.060467],[106.619462,11.059859],[106.619628,11.060714],[106.61903,11.060737]]]}},{"type":"Feature","properties":{"loai_qh":"Đất ở","mau":"#e74c3c"},"geometry":{"type":"Polygon","coordinates":[[[106.621734,11.062667],[106.621635,11.062867],[106.62083,11.063753],[106.620696,11.06382],[106.620626,11.063796],[106.620444,11.063494],[106.620309,11.063299],[106.62072,11.0631],[106.621435,11.062775],[106.621455,11.062817],[106.621734,11.062667]]]}},{"type":"Feature","properties":{"loai_qh":"Đất ở","mau":"#e74c3c"},"geometry":{"type":"Polygon","coordinates":[[[106.619949,11.05901],[106.619706,11.059012],[106.619648,11.058959],[106.619582,11.058629],[106.619567,11.058582],[106.619497,11.058367],[106.619431,11.058198],[106.61887,11.056967],[106.618813,11.056814],[106.618639,11.056217],[106.61862,11.056149],[106.618672,11.056078],[106.618691,11.056077],[106.619961,11.056056],[106.619949,11.05901]]]}},{"type":"Feature","properties":{"loai_qh":"Đất ở hỗn hợp","mau":"#e67e22"},"geometry":{"type":"Polygon","coordinates":[[[106.637849,11.059964],[106.637816,11.059942],[106.637723,11.05988],[106.637688,11.059859],[106.637636,11.059923],[106.637445,11.060116],[106.637498,11.060178],[106.637557,11.060248],[106.637385,11.060359],[106.637071,11.060584],[106.637005,11.060639],[106.636794,11.06084],[106.63657,11.06106],[106.636471,11.061055],[106.634703,11.058959],[106.634708,11.058852],[106.635443,11.058129],[106.635595,11.058094],[106.636613,11.058434],[106.6359,11.059101],[106.636064,11.059295],[106.636095,11.059332],[106.636169,11.059419],[106.636258,11.059523],[106.63666,11.059818],[106.636717,11.059752],[106.63685,11.059602],[106.637209,11.059197],[106.637358,11.059057],[106.637463,11.058982],[106.637672,11.058876],[106.637787,11.058838],[106.637941,11.059049],[106.638039,11.059418],[106.638029,11.059554],[106.637849,11.059964]]]}},{"type":"Feature","properties":{"loai_qh":"Đất ở","mau":"#e74c3c"},"geometry":{"type":"Polygon","coordinates":[[[106.637837,11.059923],[106.637832,11.059919],[106.637738,11.059857],[106.637682,11.059823],[106.637615,11.059905],[106.637408,11.060115],[106.637477,11.060195],[106.637516,11.060242],[106.637369,11.060337],[106.637055,11.060562],[106.636986,11.060619],[106.636775,11.06082],[106.636559,11.061032],[106.636484,11.061029],[106.634731,11.05895],[106.634735,11.058864],[106.635457,11.058153],[106.635594,11.058122],[106.636561,11.058445],[106.635863,11.059099],[106.636043,11.059313],[106.636074,11.05935],[106.636148,11.059437],[106.636239,11.059543],[106.636664,11.059855],[106.636737,11.059769],[106.636871,11.05962],[106.637229,11.059216],[106.637376,11.059078],[106.637477,11.059005],[106.637682,11.058901],[106.637783,11.058868],[106.637914,11.059056],[106.638012,11.05942],[106.638002,11.059547],[106.637837,11.059923]]]}},{"type":"Feature","properties":{"loai_qh":"Đất ở","mau":"#e74c3c"},"geometry":{"type":"Polygon","coordinates":[[[106.63242,11.055667],[106.632492,11.055698],[106.632469,11.055765],[106.632458,11.055814],[106.632438,11.055871],[106.632386,11.056014],[106.63226,11.056295],[106.632312,11.056315],[106.632973,11.05648],[106.632977,11.05647],[106.633014,11.056481],[106.633208,11.056568],[106.633262,11.056589],[106.63342,11.056649],[106.633275,11.056952],[106.633168,11.056997],[106.631354,11.056391],[106.631442,11.056182],[106.631291,11.056123],[106.631198,11.056339],[106.631138,11.056319],[106.631113,11.056274],[106.631194,11.055695],[106.631377,11.05473],[106.631423,11.054753],[106.631469,11.054773],[106.631501,11.054789],[106.631608,11.054845],[106.63216,11.053589],[106.633015,11.054057],[106.632879,11.054496],[106.632637,11.054421],[106.632598,11.054508],[106.632473,11.054771],[106.632584,11.054818],[106.632402,11.05523],[106.632566,11.055312],[106.63242,11.055667]]]}},{"type":"Feature","properties":{"loai_qh":"Đất ở","mau":"#e74c3c"},"geometry":{"type":"Polygon","coordinates":[[[106.634094,11.055339],[106.633879,11.055687],[106.633868,11.05571],[106.633592,11.055563],[106.633477,11.055501],[106.633635,11.055139],[106.633693,11.055168],[106.633858,11.054809],[106.633989,11.054568],[106.634442,11.054805],[106.634457,11.054872],[106.634094,11.055339]]]}},{"type":"Feature","properties":{"loai_qh":"Đất ở","mau":"#e74c3c"},"geometry":{"type":"Polygon","coordinates":[[[106.633441,11.054745],[106.633233,11.054648],[106.633199,11.054632],[106.633042,11.054558],[106.633171,11.05414],[106.63362,11.054375],[106.633586,11.054445],[106.633517,11.054589],[106.633441,11.054745]]]}},{"type":"Feature","properties":{"loai_qh":"Đất ở hỗn hợp","mau":"#e67e22"},"geometry":{"type":"Polygon","coordinates":[[[106.639339,11.053723],[106.639306,11.05379],[106.639255,11.053769],[106.639218,11.053675],[106.639379,11.053336],[106.639394,11.0533],[106.639441,11.053182],[106.63959,11.053252],[106.639708,11.053304],[106.639714,11.053321],[106.639809,11.053376],[106.639835,11.053426],[106.639878,11.053449],[106.639798,11.053567],[106.639593,11.053478],[106.639511,11.053648],[106.639404,11.053591],[106.639339,11.053723]]]}},{"type":"Feature","properties":{"loai_qh":"Đất ở hỗn hợp","mau":"#e67e22"},"geometry":{"type":"Polygon","coordinates":[[[106.643307,11.054626],[106.643294,11.054753],[106.643073,11.054845],[106.641912,11.05552],[106.64182,11.055516],[106.640334,11.054249],[106.640169,11.054148],[106.639306,11.05379],[106.639339,11.053723],[106.639404,11.053591],[106.639511,11.053648],[106.639593,11.053478],[106.639798,11.053567],[106.639878,11.053449],[106.639835,11.053426],[106.639809,11.053376],[106.639714,11.053321],[106.639708,11.053304],[106.63959,11.053252],[106.639441,11.053182],[106.639467,11.053118],[106.639484,11.05308],[106.639588,11.052872],[106.639592,11.052865],[106.6397,11.052642],[106.639735,11.052582],[106.639824,11.052451],[106.639926,11.052431],[106.643307,11.054626]]]}},{"type":"Feature","properties":{"loai_qh":"Đất ở","mau":"#e74c3c"},"geometry":{"type":"Polygon","coordinates":[[[106.643278,11.054639],[106.643269,11.054734],[106.643062,11.054821],[106.641903,11.055492],[106.641831,11.05549],[106.640352,11.054228],[106.64018,11.054123],[106.639343,11.053776],[106.639364,11.053735],[106.639416,11.053628],[106.639524,11.053685],[106.639606,11.053513],[106.639808,11.0536],[106.639918,11.05344],[106.639855,11.053406],[106.63983,11.053356],[106.639737,11.053303],[106.639729,11.053284],[106.639601,11.053227],[106.639476,11.053168],[106.639492,11.053128],[106.639508,11.053092],[106.639613,11.052884],[106.639616,11.052876],[106.639725,11.052653],[106.639757,11.052597],[106.63984,11.052476],[106.63992,11.05246],[106.643278,11.054639]]]}},{"type":"Feature","properties":{"loai_qh":"Đất ở","mau":"#e74c3c"},"geometry":{"type":"Polygon","coordinates":[[[106.641865,11.049881],[106.641947,11.049904],[106.641966,11.049996],[106.641873,11.050077],[106.641836,11.050113],[106.641632,11.050322],[106.641596,11.050363],[106.641503,11.050477],[106.641471,11.05052],[106.641349,11.050697],[106.641314,11.050756],[106.641251,11.050872],[106.641193,11.050955],[106.641184,11.050966],[106.641168,11.05098],[106.640961,11.051119],[106.640844,11.051221],[106.640767,11.051306],[106.640704,11.051363],[106.640625,11.051413],[106.640594,11.051427],[106.640473,11.051504],[106.640266,11.051669],[106.640156,11.051763],[106.640104,11.051812],[106.640071,11.051847],[106.640011,11.05192],[106.639868,11.052125],[106.639788,11.05214],[106.639476,11.051936],[106.639462,11.051926],[106.639198,11.051739],[106.639174,11.051719],[106.639145,11.051671],[106.639135,11.051624],[106.639019,11.051452],[106.63861,11.051176],[106.638388,11.051028],[106.638205,11.050903],[106.638184,11.050888],[106.637963,11.050717],[106.637946,11.050704],[106.637715,11.050538],[106.637702,11.050458],[106.638209,11.049763],[106.638603,11.049212],[106.638679,11.049118],[106.638888,11.049063],[106.638945,11.049078],[106.638979,11.049085],[106.639237,11.049111],[106.639513,11.04915],[106.639916,11.049279],[106.640021,11.049309],[106.640328,11.049382],[106.640572,11.049468],[106.640753,11.049553],[106.640903,11.04962],[106.64116,11.049709],[106.641865,11.049881]]]}},{"type":"Feature","properties":{"loai_qh":"Đất ở","mau":"#e74c3c"},"geometry":{"type":"Polygon","coordinates":[[[106.645998,11.044746],[106.645992,11.044881],[106.645625,11.04539],[106.645182,11.04602],[106.645165,11.046043],[106.644897,11.046378],[106.644883,11.046396],[106.644485,11.046192],[106.64439,11.046425],[106.644369,11.046476],[106.644347,11.046531],[106.644325,11.046584],[106.644293,11.046663],[106.644419,11.046705],[106.644628,11.046781],[106.644479,11.047064],[106.644344,11.047157],[106.6442,11.047175],[106.643792,11.047215],[106.643752,11.047218],[106.643547,11.047219],[106.643456,11.047195],[106.643356,11.047138],[106.643246,11.047049],[106.643137,11.046929],[106.6431,11.046891],[106.642927,11.046729],[106.642854,11.04667],[106.642081,11.046134],[106.641701,11.045872],[106.641672,11.045853],[106.641377,11.045671],[106.641361,11.045591],[106.641449,11.045471],[106.642909,11.043485],[106.64305,11.043279],[106.643729,11.04223],[106.643789,11.042145],[106.644094,11.041738],[106.644186,11.041742],[106.64482,11.042788],[106.645082,11.043221],[106.645998,11.044746]]]}},{"type":"Feature","properties":{"loai_qh":"Đất ở","mau":"#e74c3c"},"geometry":{"type":"Polygon","coordinates":[[[106.643995,11.041426],[106.643988,11.04156],[106.643635,11.042032],[106.643568,11.042127],[106.64349,11.042245],[106.643111,11.042036],[106.642987,11.042221],[106.643369,11.04243],[106.643153,11.042763],[106.643075,11.04278],[106.642949,11.042701],[106.641692,11.041701],[106.641432,11.041442],[106.641221,11.041245],[106.641055,11.041098],[106.641034,11.04108],[106.641038,11.040994],[106.641336,11.040769],[106.641795,11.040403],[106.642043,11.040187],[106.642797,11.039572],[106.64289,11.039587],[106.643208,11.040113],[106.643995,11.041426]]]}},{"type":"Feature","properties":{"loai_qh":"Đất ở","mau":"#e74c3c"},"geometry":{"type":"Polygon","coordinates":[[[106.642603,11.039484],[106.641918,11.040042],[106.641671,11.040258],[106.641217,11.04062],[106.640983,11.040796],[106.640898,11.040815],[106.640745,11.040784],[106.640718,11.040769],[106.640581,11.040623],[106.640529,11.040574],[106.639737,11.039903],[106.639663,11.039849],[106.639527,11.039763],[106.638742,11.039262],[106.638629,11.039186],[106.638089,11.038807],[106.638065,11.038696],[106.638199,11.038468],[106.638589,11.038714],[106.638603,11.038689],[106.63861,11.038677],[106.638626,11.03865],[106.638633,11.038639],[106.638636,11.038635],[106.638682,11.03856],[106.638713,11.038506],[106.638683,11.038489],[106.638444,11.03836],[106.638305,11.038285],[106.63847,11.038003],[106.638821,11.037393],[106.638866,11.037311],[106.639377,11.037545],[106.642603,11.039484]]]}},{"type":"Feature","properties":{"loai_qh":"Đất ở hỗn hợp","mau":"#e67e22"},"geometry":{"type":"Polygon","coordinates":[[[106.642133,11.038248],[106.642574,11.039011],[106.639813,11.037352],[106.640059,11.037154],[106.63997,11.037056],[106.640184,11.03658],[106.640462,11.03596],[106.640139,11.035814],[106.64008,11.035787],[106.640021,11.03576],[106.639986,11.035745],[106.639875,11.035694],[106.639825,11.035672],[106.639789,11.035654],[106.639722,11.035626],[106.639732,11.035605],[106.639934,11.03517],[106.640307,11.035152],[106.642133,11.038248]]]}},{"type":"Feature","properties":{"loai_qh":"Đất ở","mau":"#e74c3c"},"geometry":{"type":"Polygon","coordinates":[[[106.642109,11.038261],[106.642498,11.038934],[106.63986,11.037349],[106.640099,11.037157],[106.640002,11.037051],[106.640209,11.036591],[106.640499,11.035947],[106.64015,11.035789],[106.640091,11.035762],[106.640032,11.035736],[106.639998,11.03572],[106.639886,11.03567],[106.639837,11.035647],[106.6398,11.03563],[106.639759,11.035612],[106.639959,11.035181],[106.640284,11.035166],[106.642109,11.038261]]]}},{"type":"Feature","properties":{"loai_qh":"Đất ở hỗn hợp","mau":"#e67e22"},"geometry":{"type":"Polygon","coordinates":[[[106.651766,11.051266],[106.651151,11.050625],[106.651016,11.050482],[106.651006,11.0505],[106.650984,11.050548],[106.650985,11.050756],[106.650958,11.050923],[106.650934,11.050983],[106.650865,11.0511],[106.650825,11.051136],[106.651064,11.05117],[106.651069,11.051248],[106.651108,11.051275],[106.651189,11.051247],[106.651206,11.051224],[106.65123,11.05119],[106.651659,11.051271],[106.651713,11.051294],[106.651763,11.051269],[106.651766,11.051266]]]}},{"type":"Feature","properties":{"loai_qh":"Đất ở","mau":"#e74c3c"},"geometry":{"type":"Polygon","coordinates":[[[106.652579,11.05219],[106.653064,11.052809],[106.653041,11.052876],[106.652611,11.052986],[106.650151,11.053059],[106.64902,11.052765],[106.648966,11.052689],[106.649035,11.051798],[106.649132,11.050412],[106.649134,11.049571],[106.649093,11.048913],[106.649095,11.048681],[106.649221,11.048637],[106.650136,11.049589],[106.650982,11.050486],[106.650981,11.050488],[106.650957,11.050542],[106.650958,11.050754],[106.650932,11.050916],[106.650909,11.050971],[106.650843,11.051083],[106.650763,11.051154],[106.651038,11.051193],[106.651042,11.051262],[106.651104,11.051305],[106.651206,11.05127],[106.651228,11.051239],[106.651242,11.05122],[106.651651,11.051297],[106.651715,11.051323],[106.651761,11.0513],[106.652129,11.051684],[106.652579,11.05219]]]}},{"type":"Feature","properties":{"loai_qh":"Cây xanh","mau":"#27ae60"},"geometry":{"type":"Polygon","coordinates":[[[106.635427,11.057139],[106.635608,11.057058],[106.635674,11.057014],[106.635692,11.057031],[106.635697,11.05727],[106.635664,11.057451],[106.635566,11.057702],[106.63547,11.057747],[106.634146,11.057304],[106.634208,11.057224],[106.634409,11.057254],[106.63499,11.057209],[106.635427,11.057139]]]}},{"type":"Feature","properties":{"loai_qh":"Cây xanh","mau":"#27ae60"},"geometry":{"type":"Polygon","coordinates":[[[106.623294,11.074852],[106.623304,11.074924],[106.623235,11.075023],[106.6232,11.075069],[106.623106,11.075175],[106.623044,11.075234],[106.622971,11.075291],[106.622923,11.075327],[106.622778,11.075221],[106.622805,11.075156],[106.62275,11.075113],[106.623053,11.074652],[106.623294,11.074852]]]}},{"type":"Feature","properties":{"loai_qh":"Cây xanh","mau":"#27ae60"},"geometry":{"type":"Polygon","coordinates":[[[106.623603,11.074372],[106.623434,11.074704],[106.62335,11.074721],[106.622799,11.074262],[106.622996,11.074037],[106.623237,11.073761],[106.6237,11.074106],[106.623714,11.074177],[106.623704,11.074194],[106.623603,11.074372]]]}},{"type":"Feature","properties":{"loai_qh":"Cây xanh","mau":"#27ae60"},"geometry":{"type":"Polygon","coordinates":[[[106.639039,11.079311],[106.639004,11.07932],[106.638817,11.078924],[106.63887,11.07878],[106.63895,11.078743],[106.638976,11.078758],[106.639039,11.079311]]]}},{"type":"Feature","properties":{"loai_qh":"Cây xanh","mau":"#27ae60"},"geometry":{"type":"Polygon","coordinates":[[[106.645613,11.06961],[106.646195,11.070007],[106.646153,11.070036],[106.645511,11.06971],[106.644994,11.069802],[106.644753,11.069835],[106.644538,11.069908],[106.644534,11.069519],[106.644623,11.069444],[106.645613,11.06961]]]}},{"type":"Feature","properties":{"loai_qh":"Cây xanh","mau":"#27ae60"},"geometry":{"type":"Polygon","coordinates":[[[106.617202,11.06396],[106.617174,11.063973],[106.616828,11.064135],[106.616757,11.064174],[106.616691,11.064217],[106.616643,11.064163],[106.616701,11.064094],[106.616765,11.064005],[106.616853,11.063855],[106.616901,11.063755],[106.616941,11.063646],[106.617093,11.06364],[106.617227,11.063828],[106.617202,11.06396]]]}},{"type":"Feature","properties":{"loai_qh":"Cây xanh","mau":"#27ae60"},"geometry":{"type":"Polygon","coordinates":[[[106.642173,11.052264],[106.641503,11.053292],[106.640016,11.052327],[106.639996,11.052228],[106.640147,11.052012],[106.640191,11.051958],[106.640225,11.051923],[106.640263,11.051886],[106.640372,11.051794],[106.640577,11.05163],[106.640667,11.051573],[106.640697,11.051559],[106.6408,11.051496],[106.640804,11.051493],[106.64089,11.051415],[106.640967,11.051329],[106.641054,11.051254],[106.64126,11.051115],[106.641299,11.051083],[106.642549,11.051683],[106.642173,11.052264]]]}},{"type":"Feature","properties":{"loai_qh":"Cây xanh","mau":"#27ae60"},"geometry":{"type":"Polygon","coordinates":[[[106.626851,11.073007],[106.626789,11.073015],[106.626795,11.07307],[106.626513,11.073097],[106.626505,11.073099],[106.626462,11.073111],[106.626417,11.07311],[106.626397,11.073069],[106.626364,11.072951],[106.626265,11.072966],[106.626161,11.072985],[106.626071,11.073005],[106.626011,11.073009],[106.626011,11.072871],[106.626022,11.072808],[106.626258,11.072699],[106.626516,11.072613],[106.626579,11.072665],[106.62659,11.072674],[106.626635,11.072649],[106.626738,11.072651],[106.62684,11.072627],[106.626891,11.072684],[106.62691,11.072712],[106.626942,11.07275],[106.626951,11.07278],[106.626864,11.072799],[106.626875,11.072824],[106.626815,11.072861],[106.626851,11.073007]]]}},{"type":"Feature","properties":{"loai_qh":"Cây xanh","mau":"#27ae60"},"geometry":{"type":"Polygon","coordinates":[[[106.618765,11.079884],[106.618779,11.080097],[106.618772,11.080101],[106.618722,11.080041],[106.618672,11.080001],[106.618575,11.079997],[106.618566,11.08],[106.618477,11.080026],[106.61845,11.079718],[106.618446,11.079646],[106.618526,11.07963],[106.618733,11.079645],[106.618748,11.079687],[106.618765,11.079884]]]}},{"type":"Feature","properties":{"loai_qh":"Cây xanh","mau":"#27ae60"},"geometry":{"type":"Polygon","coordinates":[[[106.640999,11.068395],[106.64017,11.068234],[106.640117,11.068153],[106.640438,11.066987],[106.641321,11.067224],[106.640999,11.068395]]]}},{"type":"Feature","properties":{"loai_qh":"Cây xanh","mau":"#27ae60"},"geometry":{"type":"Polygon","coordinates":[[[106.638287,11.058945],[106.637996,11.058848],[106.638151,11.059427],[106.638329,11.059232],[106.638287,11.058945]]]}},{"type":"Feature","properties":{"loai_qh":"Cây xanh","mau":"#27ae60"},"geometry":{"type":"Polygon","coordinates":[[[106.639339,11.053723],[106.639306,11.05379],[106.639255,11.053769],[106.639218,11.053675],[106.639379,11.053336],[106.639394,11.0533],[106.639441,11.053182],[106.63959,11.053252],[106.639708,11.053304],[106.639714,11.053321],[106.639809,11.053376],[106.639835,11.053426],[106.639878,11.053449],[106.639798,11.053567],[106.639593,11.053478],[106.639511,11.053648],[106.639404,11.053591],[106.639339,11.053723]]]}},{"type":"Feature","properties":{"loai_qh":"Cây xanh","mau":"#27ae60"},"geometry":{"type":"Polygon","coordinates":[[[106.651766,11.051266],[106.651151,11.050625],[106.651016,11.050482],[106.651006,11.0505],[106.650984,11.050548],[106.650985,11.050756],[106.650958,11.050923],[106.650934,11.050983],[106.650865,11.0511],[106.650825,11.051136],[106.651064,11.05117],[106.651069,11.051248],[106.651108,11.051275],[106.651189,11.051247],[106.651206,11.051224],[106.65123,11.05119],[106.651659,11.051271],[106.651713,11.051294],[106.651763,11.051269],[106.651766,11.051266]]]}},{"type":"Feature","properties":{"loai_qh":"Cây xanh","mau":"#27ae60"},"geometry":{"type":"Polygon","coordinates":[[[106.63114,11.07312],[106.631161,11.073171],[106.631197,11.073266],[106.6309,11.073272],[106.630906,11.073377],[106.63085,11.073377],[106.630383,11.073342],[106.630357,11.073341],[106.630303,11.073338],[106.630341,11.072703],[106.630367,11.072704],[106.630408,11.072703],[106.630606,11.072694],[106.630727,11.072704],[106.630897,11.07274],[106.630979,11.072751],[106.631013,11.072832],[106.63114,11.07312]]]}},{"type":"Feature","properties":{"loai_qh":"Cây xanh","mau":"#27ae60"},"geometry":{"type":"Polygon","coordinates":[[[106.625223,11.076379],[106.625207,11.076415],[106.6252,11.076431],[106.625186,11.076465],[106.62496,11.07642],[106.624518,11.076371],[106.624511,11.07637],[106.62451,11.07637],[106.624247,11.076016],[106.624964,11.075634],[106.62522,11.075547],[106.625227,11.075764],[106.625226,11.076066],[106.625226,11.076102],[106.625223,11.076379]]]}},{"type":"Feature","properties":{"loai_qh":"Cây xanh","mau":"#27ae60"},"geometry":{"type":"Polygon","coordinates":[[[106.644017,11.074626],[106.643463,11.074291],[106.643261,11.074147],[106.642932,11.074038],[106.642485,11.074057],[106.642467,11.074058],[106.642317,11.073701],[106.642731,11.073636],[106.642887,11.073489],[106.642909,11.073255],[106.643699,11.07325],[106.644004,11.073247],[106.644017,11.074626]]]}},{"type":"Feature","properties":{"loai_qh":"Cây xanh","mau":"#27ae60"},"geometry":{"type":"Polygon","coordinates":[[[106.646268,11.071141],[106.646438,11.071386],[106.646508,11.071446],[106.646593,11.07156],[106.646642,11.071674],[106.646358,11.071808],[106.646028,11.071959],[106.645879,11.071626],[106.645764,11.071315],[106.644821,11.070669],[106.644637,11.070671],[106.644544,11.070581],[106.644541,11.070238],[106.644549,11.070232],[106.644645,11.070162],[106.644791,11.070104],[106.645037,11.07007],[106.64556,11.069977],[106.645918,11.070181],[106.646268,11.071141]]]}},{"type":"Feature","properties":{"loai_qh":"Cây xanh","mau":"#27ae60"},"geometry":{"type":"Polygon","coordinates":[[[106.646323,11.069919],[106.646275,11.069847],[106.646346,11.069733],[106.646544,11.069767],[106.646323,11.069919]]]}},{"type":"Feature","properties":{"loai_qh":"Cây xanh","mau":"#27ae60"},"geometry":{"type":"Polygon","coordinates":[[[106.641905,11.059565],[106.641786,11.059758],[106.640899,11.059512],[106.640995,11.059411],[106.641107,11.059527],[106.641412,11.059135],[106.641449,11.059087],[106.641457,11.059094],[106.641905,11.059565]]]}},{"type":"Feature","properties":{"loai_qh":"Cây xanh","mau":"#27ae60"},"geometry":{"type":"Polygon","coordinates":[[[106.635942,11.056918],[106.635839,11.05692],[106.635916,11.056743],[106.636472,11.055963],[106.636573,11.055947],[106.636587,11.055957],[106.636619,11.055979],[106.637349,11.056446],[106.637385,11.056553],[106.637227,11.056979],[106.637192,11.057122],[106.636908,11.05701],[106.636608,11.056896],[106.636549,11.056873],[106.636376,11.056872],[106.636376,11.056889],[106.63621,11.056902],[106.635942,11.056918]]]}},{"type":"Feature","properties":{"loai_qh":"Cây xanh","mau":"#27ae60"},"geometry":{"type":"Polygon","coordinates":[[[106.625644,11.071861],[106.625558,11.071888],[106.625552,11.071871],[106.625465,11.071888],[106.625347,11.071911],[106.625257,11.071929],[106.625256,11.071924],[106.62507,11.071921],[106.625083,11.071889],[106.625177,11.0717],[106.625182,11.071689],[106.625251,11.071647],[106.625351,11.071676],[106.62552,11.071777],[106.625644,11.071861]]]}},{"type":"Feature","properties":{"loai_qh":"Cây xanh","mau":"#27ae60"},"geometry":{"type":"Polygon","coordinates":[[[106.614905,11.078234],[106.614915,11.078299],[106.614688,11.078656],[106.614626,11.078677],[106.614426,11.078495],[106.61412,11.078253],[106.613749,11.07801],[106.613776,11.077944],[106.614399,11.078095],[106.614905,11.078234]]]}},{"type":"Feature","properties":{"loai_qh":"Cây xanh","mau":"#27ae60"},"geometry":{"type":"Polygon","coordinates":[[[106.633669,11.05745],[106.635207,11.057964],[106.635246,11.058131],[106.634613,11.058754],[106.634517,11.058748],[106.6338,11.057828],[106.63373,11.057746],[106.633581,11.057582],[106.633669,11.05745]]]}},{"type":"Feature","properties":{"loai_qh":"Cây xanh","mau":"#27ae60"},"geometry":{"type":"Polygon","coordinates":[[[106.637631,11.058453],[106.637568,11.058447],[106.637134,11.058302],[106.637162,11.058268],[106.637224,11.058189],[106.637631,11.058453]]]}},{"type":"Feature","properties":{"loai_qh":"Cây xanh","mau":"#27ae60"},"geometry":{"type":"Polygon","coordinates":[[[106.619594,11.079563],[106.619621,11.07954],[106.619565,11.079336],[106.619537,11.07933],[106.619452,11.079416],[106.619475,11.079523],[106.619594,11.079563]]]}},{"type":"Feature","properties":{"loai_qh":"Cây xanh","mau":"#27ae60"},"geometry":{"type":"Polygon","coordinates":[[[106.619752,11.079834],[106.619812,11.079823],[106.619872,11.079741],[106.619851,11.079618],[106.619731,11.079575],[106.619587,11.079697],[106.619563,11.079767],[106.619569,11.079795],[106.619654,11.079851],[106.619752,11.079834]]]}},{"type":"Feature","properties":{"loai_qh":"Cây xanh","mau":"#27ae60"},"geometry":{"type":"Polygon","coordinates":[[[106.619749,11.079816],[106.619809,11.079806],[106.619854,11.079744],[106.619833,11.079621],[106.619743,11.079588],[106.619599,11.079711],[106.619581,11.079763],[106.619587,11.079791],[106.619651,11.079834],[106.619749,11.079816]]]}},{"type":"Feature","properties":{"loai_qh":"Cây xanh","mau":"#27ae60"},"geometry":{"type":"Polygon","coordinates":[[[106.619432,11.058857],[106.619451,11.059057],[106.619162,11.059035],[106.619153,11.058928],[106.619432,11.058857]]]}},{"type":"Feature","properties":{"loai_qh":"Cây xanh","mau":"#27ae60"},"geometry":{"type":"Polygon","coordinates":[[[106.619582,11.079549],[106.619609,11.079526],[106.619562,11.079353],[106.619534,11.079348],[106.61947,11.079413],[106.619493,11.079519],[106.619582,11.079549]]]}},{"type":"Feature","properties":{"loai_qh":"Cây xanh","mau":"#27ae60"},"geometry":{"type":"Polygon","coordinates":[[[106.637552,11.058423],[106.637165,11.058293],[106.637176,11.058279],[106.637228,11.058213],[106.637552,11.058423]]]}},{"type":"Feature","properties":{"loai_qh":"Cây xanh","mau":"#27ae60"},"geometry":{"type":"Polygon","coordinates":[[[106.633663,11.057467],[106.635191,11.057978],[106.635226,11.058125],[106.634606,11.058735],[106.634526,11.05873],[106.633814,11.057817],[106.633744,11.057733],[106.633595,11.05757],[106.633663,11.057467]]]}},{"type":"Feature","properties":{"loai_qh":"Cây xanh","mau":"#27ae60"},"geometry":{"type":"Polygon","coordinates":[[[106.618953,11.060364],[106.618941,11.060388],[106.618758,11.060721],[106.618748,11.060738],[106.617224,11.059662],[106.617301,11.059523],[106.617534,11.058997],[106.617597,11.05896],[106.618373,11.059107],[106.618526,11.059127],[106.619336,11.059189],[106.619393,11.059258],[106.619337,11.059484],[106.619262,11.059699],[106.619246,11.059738],[106.618953,11.060364]]]}},{"type":"Feature","properties":{"loai_qh":"Cây xanh","mau":"#27ae60"},"geometry":{"type":"Polygon","coordinates":[[[106.630808,11.047006],[106.630724,11.047034],[106.62959,11.046477],[106.629562,11.046395],[106.630543,11.044494],[106.630627,11.044467],[106.631756,11.045033],[106.631783,11.045116],[106.630808,11.047006]]]}},{"type":"Feature","properties":{"loai_qh":"Cây xanh","mau":"#27ae60"},"geometry":{"type":"Polygon","coordinates":[[[106.6149,11.078251],[106.614905,11.078284],[106.61467,11.078654],[106.614639,11.078664],[106.614438,11.078481],[106.614131,11.078239],[106.613758,11.077995],[106.613772,11.077961],[106.614395,11.078113],[106.6149,11.078251]]]}},{"type":"Feature","properties":{"loai_qh":"Cây xanh","mau":"#27ae60"},"geometry":{"type":"Polygon","coordinates":[[[106.625604,11.071855],[106.625569,11.071866],[106.625563,11.071851],[106.625462,11.07187],[106.625343,11.071893],[106.625272,11.071908],[106.625272,11.071906],[106.625096,11.071904],[106.6251,11.071897],[106.625193,11.071708],[106.625196,11.071702],[106.625256,11.071665],[106.625341,11.071691],[106.62551,11.071793],[106.625604,11.071855]]]}},{"type":"Feature","properties":{"loai_qh":"Cây xanh","mau":"#27ae60"},"geometry":{"type":"Polygon","coordinates":[[[106.638318,11.071025],[106.637939,11.071019],[106.637891,11.071076],[106.638014,11.071701],[106.638142,11.07172],[106.638265,11.071492],[106.638296,11.071443],[106.638351,11.071372],[106.63839,11.071266],[106.638392,11.071203],[106.638391,11.071174],[106.638379,11.071079],[106.638318,11.071025]]]}},{"type":"Feature","properties":{"loai_qh":"Cây xanh","mau":"#27ae60"},"geometry":{"type":"Polygon","coordinates":[[[106.635941,11.0569],[106.635862,11.056902],[106.635931,11.056753],[106.636482,11.055979],[106.636568,11.055966],[106.636576,11.055972],[106.636609,11.055994],[106.637334,11.056458],[106.637366,11.056553],[106.63721,11.056973],[106.637178,11.057097],[106.636915,11.056993],[106.636615,11.056879],[106.636553,11.056855],[106.636357,11.056854],[106.636358,11.056873],[106.636208,11.056884],[106.635941,11.0569]]]}},{"type":"Feature","properties":{"loai_qh":"Cây xanh","mau":"#27ae60"},"geometry":{"type":"Polygon","coordinates":[[[106.625512,11.061236],[106.62539,11.061342],[106.625322,11.061402],[106.625313,11.06141],[106.625304,11.061418],[106.625266,11.061453],[106.625171,11.06154],[106.625068,11.061635],[106.624407,11.061],[106.624681,11.06069],[106.624779,11.060557],[106.62481,11.060511],[106.625512,11.061236]]]}},{"type":"Feature","properties":{"loai_qh":"Cây xanh","mau":"#27ae60"},"geometry":{"type":"Polygon","coordinates":[[[106.641892,11.059577],[106.641791,11.059741],[106.641111,11.059552],[106.641427,11.059146],[106.641451,11.059114],[106.641892,11.059577]]]}},{"type":"Feature","properties":{"loai_qh":"Cây xanh","mau":"#27ae60"},"geometry":{"type":"Polygon","coordinates":[[[106.641104,11.05955],[106.640933,11.059503],[106.640995,11.059437],[106.641104,11.05955]]]}},{"type":"Feature","properties":{"loai_qh":"Cây xanh","mau":"#27ae60"},"geometry":{"type":"Polygon","coordinates":[[[106.641893,11.061964],[106.64165,11.061891],[106.641507,11.061844],[106.641298,11.061775],[106.641191,11.061745],[106.640921,11.061619],[106.640896,11.061602],[106.641281,11.060594],[106.642275,11.060964],[106.641893,11.061964]]]}},{"type":"Feature","properties":{"loai_qh":"Cây xanh","mau":"#27ae60"},"geometry":{"type":"Polygon","coordinates":[[[106.646328,11.069893],[106.646297,11.069847],[106.646355,11.069753],[106.646497,11.069777],[106.646328,11.069893]]]}},{"type":"Feature","properties":{"loai_qh":"Cây xanh","mau":"#27ae60"},"geometry":{"type":"Polygon","coordinates":[[[106.646251,11.071147],[106.646426,11.0714],[106.646496,11.07146],[106.646576,11.071568],[106.646619,11.071666],[106.64635,11.071792],[106.646036,11.071936],[106.645896,11.07162],[106.645782,11.071309],[106.644821,11.070651],[106.644644,11.070653],[106.644563,11.070574],[106.644559,11.070247],[106.64456,11.070247],[106.644656,11.070177],[106.644793,11.070122],[106.64504,11.070088],[106.645563,11.069995],[106.645901,11.070188],[106.646251,11.071147]]]}},{"type":"Feature","properties":{"loai_qh":"Cây xanh","mau":"#27ae60"},"geometry":{"type":"Polygon","coordinates":[[[106.617259,11.056223],[106.617181,11.057014],[106.616417,11.056359],[106.615806,11.055924],[106.616029,11.055451],[106.616052,11.055453],[106.616378,11.05547],[106.61648,11.055491],[106.617302,11.055791],[106.617259,11.056223]]]}},{"type":"Feature","properties":{"loai_qh":"Cây xanh","mau":"#27ae60"},"geometry":{"type":"Polygon","coordinates":[[[106.637718,11.071095],[106.637875,11.071898],[106.63773,11.0719],[106.637573,11.071924],[106.637438,11.071955],[106.637253,11.071564],[106.63731,11.071543],[106.63717,11.071152],[106.637289,11.071113],[106.637345,11.071098],[106.637578,11.071052],[106.637643,11.071042],[106.637718,11.071095]]]}},{"type":"Feature","properties":{"loai_qh":"Cây xanh","mau":"#27ae60"},"geometry":{"type":"Polygon","coordinates":[[[106.643999,11.074594],[106.643473,11.074276],[106.64327,11.074131],[106.642935,11.07402],[106.642485,11.074039],[106.642479,11.074039],[106.642342,11.073715],[106.642739,11.073653],[106.642905,11.073497],[106.642926,11.073273],[106.643699,11.073268],[106.643985,11.073265],[106.643999,11.074594]]]}},{"type":"Feature","properties":{"loai_qh":"Cây xanh","mau":"#27ae60"},"geometry":{"type":"Polygon","coordinates":[[[106.625204,11.076375],[106.62519,11.076408],[106.625183,11.076424],[106.625175,11.076445],[106.624962,11.076402],[106.62452,11.076353],[106.624274,11.076022],[106.624973,11.07565],[106.625202,11.075568],[106.625209,11.075764],[106.625208,11.076066],[106.625208,11.076102],[106.625204,11.076375]]]}},{"type":"Feature","properties":{"loai_qh":"Cây xanh","mau":"#27ae60"},"geometry":{"type":"Polygon","coordinates":[[[106.631123,11.073127],[106.631144,11.073178],[106.631171,11.073248],[106.63088,11.073255],[106.630887,11.073359],[106.630851,11.073358],[106.630384,11.073324],[106.630358,11.073323],[106.630322,11.073321],[106.630358,11.072722],[106.630367,11.072722],[106.630409,11.072721],[106.630607,11.072713],[106.630723,11.072722],[106.630894,11.072757],[106.630966,11.072768],[106.630996,11.072839],[106.631123,11.073127]]]}},{"type":"Feature","properties":{"loai_qh":"Cây xanh","mau":"#27ae60"},"geometry":{"type":"Polygon","coordinates":[[[106.651736,11.051262],[106.651137,11.050637],[106.65102,11.050513],[106.651002,11.050552],[106.651003,11.050757],[106.650976,11.050928],[106.65095,11.050991],[106.650879,11.051112],[106.650866,11.051123],[106.651081,11.051154],[106.651086,11.051238],[106.651111,11.051255],[106.651177,11.051232],[106.651191,11.051213],[106.651222,11.05117],[106.651664,11.051254],[106.651713,11.051274],[106.651736,11.051262]]]}},{"type":"Feature","properties":{"loai_qh":"Cây xanh","mau":"#27ae60"},"geometry":{"type":"Polygon","coordinates":[[[106.639323,11.053715],[106.639297,11.053767],[106.639269,11.053755],[106.639238,11.053676],[106.639395,11.053344],[106.639411,11.053307],[106.639451,11.053207],[106.639582,11.053268],[106.639693,11.053318],[106.6397,11.053334],[106.639795,11.053388],[106.639821,11.05344],[106.639852,11.053456],[106.639792,11.053544],[106.639584,11.053454],[106.639503,11.053623],[106.639396,11.053566],[106.639323,11.053715]]]}},{"type":"Feature","properties":{"loai_qh":"Cây xanh","mau":"#27ae60"},"geometry":{"type":"Polygon","coordinates":[[[106.638281,11.058962],[106.638023,11.058876],[106.638158,11.059385],[106.638318,11.059218],[106.638281,11.058962]]]}},{"type":"Feature","properties":{"loai_qh":"Cây xanh","mau":"#27ae60"},"geometry":{"type":"Polygon","coordinates":[[[106.640986,11.068374],[106.640181,11.068217],[106.640137,11.06815],[106.640451,11.067009],[106.641298,11.067237],[106.640986,11.068374]]]}},{"type":"Feature","properties":{"loai_qh":"Cây xanh","mau":"#27ae60"},"geometry":{"type":"Polygon","coordinates":[[[106.618746,11.079885],[106.618758,11.080056],[106.618735,11.080028],[106.618679,11.079983],[106.618573,11.079979],[106.618561,11.079983],[106.618493,11.080003],[106.618468,11.079717],[106.618465,11.07966],[106.618527,11.079648],[106.61872,11.079662],[106.61873,11.07969],[106.618746,11.079885]]]}},{"type":"Feature","properties":{"loai_qh":"Cây xanh","mau":"#27ae60"},"geometry":{"type":"Polygon","coordinates":[[[106.626828,11.072991],[106.626769,11.072999],[106.626775,11.073053],[106.626509,11.073079],[106.6265,11.073082],[106.62646,11.073093],[106.626429,11.073092],[106.626414,11.073062],[106.626378,11.07293],[106.626262,11.072949],[106.626157,11.072967],[106.626068,11.072987],[106.626029,11.07299],[106.626029,11.072873],[106.626039,11.07282],[106.626265,11.072716],[106.626511,11.072633],[106.626567,11.072679],[106.626588,11.072696],[106.62664,11.072667],[106.62674,11.072669],[106.626834,11.072647],[106.626876,11.072695],[106.626896,11.072723],[106.626925,11.072758],[106.626928,11.072767],[106.626838,11.072786],[106.626852,11.072816],[106.626794,11.072853],[106.626828,11.072991]]]}},{"type":"Feature","properties":{"loai_qh":"Cây xanh","mau":"#27ae60"},"geometry":{"type":"Polygon","coordinates":[[[106.642158,11.052254],[106.641498,11.053267],[106.640032,11.052316],[106.640016,11.052232],[106.640162,11.052023],[106.640204,11.05197],[106.640238,11.051935],[106.640275,11.0519],[106.640383,11.051808],[106.640588,11.051644],[106.640675,11.05159],[106.640705,11.051575],[106.640811,11.05151],[106.640815,11.051507],[106.640903,11.051427],[106.640981,11.051341],[106.641065,11.051269],[106.641271,11.05113],[106.641303,11.051105],[106.642522,11.05169],[106.642158,11.052254]]]}},{"type":"Feature","properties":{"loai_qh":"Cây xanh","mau":"#27ae60"},"geometry":{"type":"Polygon","coordinates":[[[106.617195,11.063943],[106.617166,11.063956],[106.61682,11.064118],[106.616747,11.064159],[106.616681,11.064202],[106.616657,11.064175],[106.616715,11.064106],[106.616781,11.064014],[106.616868,11.063865],[106.616918,11.063761],[106.616958,11.063652],[106.617077,11.063647],[106.617214,11.06384],[106.617195,11.063943]]]}},{"type":"Feature","properties":{"loai_qh":"Cây xanh","mau":"#27ae60"},"geometry":{"type":"Polygon","coordinates":[[[106.64561,11.069628],[106.64617,11.070002],[106.64616,11.070009],[106.645508,11.069692],[106.644991,11.069784],[106.64475,11.069817],[106.644556,11.069878],[106.644552,11.069527],[106.644629,11.069463],[106.64561,11.069628]]]}},{"type":"Feature","properties":{"loai_qh":"Cây xanh","mau":"#27ae60"},"geometry":{"type":"Polygon","coordinates":[[[106.63902,11.079313],[106.638834,11.078916],[106.638878,11.078796],[106.638958,11.07876],[106.63902,11.079313]]]}},{"type":"Feature","properties":{"loai_qh":"Cây xanh","mau":"#27ae60"},"geometry":{"type":"Polygon","coordinates":[[[106.623587,11.074363],[106.623422,11.074688],[106.623355,11.074702],[106.622825,11.07426],[106.62301,11.074049],[106.62324,11.073786],[106.623683,11.074116],[106.623695,11.074174],[106.623688,11.074185],[106.623587,11.074363]]]}},{"type":"Feature","properties":{"loai_qh":"Cây xanh","mau":"#27ae60"},"geometry":{"type":"Polygon","coordinates":[[[106.620287,11.063586],[106.620407,11.063786],[106.620352,11.063889],[106.619911,11.06391],[106.619469,11.063909],[106.618572,11.063865],[106.618489,11.063864],[106.619214,11.062493],[106.619988,11.063217],[106.620287,11.063586]]]}},{"type":"Feature","properties":{"loai_qh":"Cây xanh","mau":"#27ae60"},"geometry":{"type":"Polygon","coordinates":[[[106.623276,11.074861],[106.623284,11.074919],[106.62322,11.075013],[106.623186,11.075057],[106.623092,11.075163],[106.623032,11.075219],[106.62296,11.075277],[106.622923,11.075304],[106.6228,11.075214],[106.622827,11.07515],[106.622774,11.075109],[106.623057,11.074679],[106.623276,11.074861]]]}},{"type":"Feature","properties":{"loai_qh":"Cây xanh","mau":"#27ae60"},"geometry":{"type":"Polygon","coordinates":[[[106.635433,11.057157],[106.635616,11.057073],[106.635672,11.057037],[106.635673,11.057039],[106.635678,11.05727],[106.635647,11.057444],[106.635551,11.057689],[106.635469,11.057727],[106.634176,11.057295],[106.634216,11.057243],[106.634408,11.057273],[106.634993,11.057227],[106.635433,11.057157]]]}},{"type":"Feature","properties":{"loai_qh":"Giáo dục","mau":"#5dade2"},"geometry":{"type":"Polygon","coordinates":[[[106.63685,11.059602],[106.636717,11.059752],[106.636661,11.059817],[106.636659,11.059818],[106.636258,11.059523],[106.636169,11.059419],[106.636095,11.059332],[106.636064,11.059295],[106.635901,11.059102],[106.6359,11.059101],[106.636613,11.058434],[106.637704,11.058798],[106.637787,11.058838],[106.637672,11.058876],[106.637463,11.058982],[106.637358,11.059057],[106.637209,11.059197],[106.63685,11.059602]]]}},{"type":"Feature","properties":{"loai_qh":"Giáo dục","mau":"#5dade2"},"geometry":{"type":"Polygon","coordinates":[[[106.627828,11.045612],[106.627676,11.045538],[106.627649,11.045455],[106.62816,11.044452],[106.628182,11.044413],[106.629271,11.044948],[106.628706,11.046043],[106.628477,11.04593],[106.627828,11.045612]]]}},{"type":"Feature","properties":{"loai_qh":"Giáo dục","mau":"#5dade2"},"geometry":{"type":"Polygon","coordinates":[[[106.62325,11.062182],[106.62321,11.062117],[106.623163,11.062002],[106.623198,11.061897],[106.62358,11.061658],[106.623786,11.061516],[106.623963,11.061772],[106.623857,11.061846],[106.624242,11.062361],[106.624201,11.062375],[106.624162,11.062388],[106.624114,11.062404],[106.624066,11.062421],[106.623976,11.062451],[106.623931,11.062467],[106.623841,11.062497],[106.623796,11.062513],[106.623521,11.062596],[106.623409,11.062389],[106.623335,11.062281],[106.62325,11.062182]]]}},{"type":"Feature","properties":{"loai_qh":"Giáo dục","mau":"#5dade2"},"geometry":{"type":"Polygon","coordinates":[[[106.617849,11.062234],[106.618948,11.062957],[106.618459,11.063882],[106.617823,11.063878],[106.617679,11.063879],[106.617258,11.063106],[106.617312,11.063026],[106.61777,11.062356],[106.617849,11.062234]]]}},{"type":"Feature","properties":{"loai_qh":"Giáo dục","mau":"#5dade2"},"geometry":{"type":"Polygon","coordinates":[[[106.63232,11.073251],[106.632405,11.073368],[106.632457,11.073338],[106.632591,11.073473],[106.632591,11.073519],[106.632424,11.073596],[106.632002,11.073865],[106.631336,11.074001],[106.631328,11.073957],[106.631321,11.073914],[106.631315,11.073867],[106.631288,11.073691],[106.631278,11.073647],[106.631269,11.073602],[106.631247,11.073503],[106.631276,11.073497],[106.631217,11.073318],[106.631161,11.073171],[106.63114,11.07312],[106.631013,11.072832],[106.630979,11.072751],[106.631043,11.072752],[106.631119,11.07275],[106.631236,11.072735],[106.631393,11.0727],[106.631455,11.072683],[106.631808,11.072565],[106.631841,11.072553],[106.631974,11.0725],[106.632019,11.072606],[106.632055,11.072646],[106.632099,11.07272],[106.632136,11.072808],[106.632175,11.072936],[106.632213,11.073089],[106.632232,11.073179],[106.63232,11.073251]]]}},{"type":"Feature","properties":{"loai_qh":"Giáo dục","mau":"#5dade2"},"geometry":{"type":"Polygon","coordinates":[[[106.633305,11.073222],[106.633306,11.073344],[106.63324,11.073359],[106.632845,11.073446],[106.632591,11.073519],[106.632591,11.073473],[106.632457,11.073338],[106.632405,11.073368],[106.63232,11.073251],[106.632232,11.073179],[106.632213,11.073089],[106.632175,11.072936],[106.632136,11.072808],[106.632099,11.07272],[106.632099,11.07272],[106.632055,11.072646],[106.632019,11.072606],[106.631974,11.0725],[106.632272,11.072381],[106.632315,11.072366],[106.632532,11.072303],[106.633069,11.072147],[106.633099,11.07214],[106.63322,11.072113],[106.633293,11.072169],[106.633305,11.073222]]]}},{"type":"Feature","properties":{"loai_qh":"Giáo dục","mau":"#5dade2"},"geometry":{"type":"Polygon","coordinates":[[[106.633287,11.073222],[106.633288,11.07333],[106.633236,11.073341],[106.63284,11.073429],[106.63261,11.073495],[106.632609,11.073466],[106.63246,11.073315],[106.63241,11.073344],[106.632333,11.073238],[106.632248,11.073169],[106.63223,11.073085],[106.632193,11.072931],[106.632153,11.072802],[106.632115,11.072712],[106.632114,11.072711],[106.632069,11.072636],[106.632034,11.072596],[106.631998,11.07251],[106.632279,11.072398],[106.632321,11.072384],[106.632537,11.07232],[106.633074,11.072165],[106.633103,11.072158],[106.633216,11.072133],[106.633274,11.072178],[106.633287,11.073222]]]}},{"type":"Feature","properties":{"loai_qh":"Giáo dục","mau":"#5dade2"},"geometry":{"type":"Polygon","coordinates":[[[106.642218,11.053335],[106.641996,11.053612],[106.641503,11.053292],[106.642173,11.052264],[106.642217,11.052266],[106.642319,11.052339],[106.642389,11.052388],[106.642432,11.052425],[106.642468,11.052456],[106.642491,11.052476],[106.642607,11.052532],[106.642776,11.052657],[106.642864,11.052754],[106.642981,11.052887],[106.643091,11.053012],[106.642942,11.053145],[106.642756,11.053313],[106.642525,11.053521],[106.642218,11.053335]]]}},{"type":"Feature","properties":{"loai_qh":"Giáo dục","mau":"#5dade2"},"geometry":{"type":"Polygon","coordinates":[[[106.625061,11.075446],[106.624899,11.075515],[106.624165,11.075906],[106.623659,11.075225],[106.623453,11.074948],[106.623474,11.074917],[106.623516,11.074847],[106.623724,11.074435],[106.623789,11.074321],[106.623811,11.074286],[106.623963,11.074435],[106.624197,11.074665],[106.624343,11.074808],[106.624428,11.074935],[106.62463,11.075238],[106.624662,11.075286],[106.624907,11.075085],[106.624947,11.075217],[106.625003,11.075343],[106.625061,11.075446]]]}},{"type":"Feature","properties":{"loai_qh":"Giáo dục","mau":"#5dade2"},"geometry":{"type":"Polygon","coordinates":[[[106.633273,11.060038],[106.633494,11.059916],[106.633397,11.060064],[106.632425,11.060674],[106.631761,11.060827],[106.63126,11.061008],[106.631172,11.060977],[106.631134,11.060924],[106.631111,11.060899],[106.631076,11.060864],[106.631024,11.06082],[106.631442,11.060527],[106.631788,11.060285],[106.631832,11.060253],[106.631876,11.06022],[106.631913,11.060193],[106.631949,11.060166],[106.631986,11.060139],[106.632023,11.060112],[106.632059,11.060085],[106.632096,11.060058],[106.632133,11.060031],[106.63217,11.060004],[106.632207,11.059977],[106.632247,11.059947],[106.632094,11.059759],[106.632072,11.059731],[106.63282,11.059255],[106.633102,11.059671],[106.633273,11.060038]]]}},{"type":"Feature","properties":{"loai_qh":"Giáo dục","mau":"#5dade2"},"geometry":{"type":"Polygon","coordinates":[[[106.640671,11.0779],[106.640543,11.078086],[106.640515,11.078133],[106.640487,11.07818],[106.640458,11.078226],[106.64043,11.078272],[106.640401,11.078319],[106.640372,11.078365],[106.640373,11.078365],[106.640366,11.078376],[106.639714,11.077891],[106.639611,11.078041],[106.639539,11.078146],[106.639485,11.078137],[106.639298,11.078105],[106.639198,11.077997],[106.639168,11.077888],[106.638992,11.077925],[106.639,11.077515],[106.639392,11.077583],[106.639403,11.077539],[106.639413,11.077495],[106.639439,11.077408],[106.639465,11.077322],[106.639471,11.077299],[106.639556,11.077031],[106.639583,11.076945],[106.639594,11.076916],[106.639599,11.076893],[106.639603,11.07688],[106.639969,11.077072],[106.640135,11.077206],[106.640236,11.077288],[106.640096,11.077464],[106.640172,11.077514],[106.640671,11.0779]]]}},{"type":"Feature","properties":{"loai_qh":"Giáo dục","mau":"#5dade2"},"geometry":{"type":"Polygon","coordinates":[[[106.641829,11.070962],[106.641822,11.071021],[106.641813,11.07112],[106.641789,11.07112],[106.64179,11.071113],[106.641696,11.071114],[106.64159,11.071114],[106.641299,11.071127],[106.641176,11.071115],[106.641158,11.071111],[106.64115,11.070548],[106.641264,11.070537],[106.641298,11.070501],[106.641694,11.070585],[106.641905,11.070649],[106.641881,11.070754],[106.641851,11.070868],[106.641829,11.070962]]]}},{"type":"Feature","properties":{"loai_qh":"Giáo dục","mau":"#5dade2"},"geometry":{"type":"Polygon","coordinates":[[[106.641811,11.070959],[106.641804,11.071019],[106.641797,11.071095],[106.641696,11.071096],[106.641589,11.071096],[106.6413,11.071109],[106.641179,11.071097],[106.641176,11.071097],[106.641168,11.070565],[106.641272,11.070554],[106.641304,11.070521],[106.641689,11.070603],[106.641884,11.070662],[106.641864,11.07075],[106.641833,11.070863],[106.641811,11.070959]]]}},{"type":"Feature","properties":{"loai_qh":"Giáo dục","mau":"#5dade2"},"geometry":{"type":"Polygon","coordinates":[[[106.640646,11.077903],[106.640528,11.078077],[106.6405,11.078124],[106.640471,11.07817],[106.640443,11.078216],[106.640414,11.078263],[106.640385,11.078309],[106.640361,11.078349],[106.639709,11.077866],[106.639596,11.078031],[106.639531,11.078126],[106.639488,11.078119],[106.639308,11.078089],[106.639215,11.077989],[106.639181,11.077867],[106.639008,11.077903],[106.639015,11.077536],[106.639406,11.077604],[106.63942,11.077543],[106.63943,11.077499],[106.639456,11.077413],[106.639482,11.077327],[106.639489,11.077305],[106.639573,11.077037],[106.639601,11.076951],[106.639611,11.076922],[106.639615,11.076907],[106.639959,11.077087],[106.640124,11.07722],[106.640211,11.077291],[106.640069,11.077468],[106.640162,11.077529],[106.640646,11.077903]]]}},{"type":"Feature","properties":{"loai_qh":"Giáo dục","mau":"#5dade2"},"geometry":{"type":"Polygon","coordinates":[[[106.649057,11.063149],[106.648273,11.063087],[106.648359,11.06202],[106.648454,11.062072],[106.648717,11.062205],[106.648904,11.062287],[106.64912,11.06237],[106.649057,11.063149]]]}},{"type":"Feature","properties":{"loai_qh":"Giáo dục","mau":"#5dade2"},"geometry":{"type":"Polygon","coordinates":[[[106.648236,11.063085],[106.647269,11.063008],[106.647385,11.061574],[106.647444,11.061539],[106.647933,11.061744],[106.648305,11.061987],[106.648324,11.061999],[106.648236,11.063085]]]}},{"type":"Feature","properties":{"loai_qh":"Giáo dục","mau":"#5dade2"},"geometry":{"type":"Polygon","coordinates":[[[106.642287,11.06093],[106.641294,11.06056],[106.641508,11.06],[106.642457,11.060264],[106.642506,11.060358],[106.642287,11.06093]]]}},{"type":"Feature","properties":{"loai_qh":"Giáo dục","mau":"#5dade2"},"geometry":{"type":"Polygon","coordinates":[[[106.640865,11.061581],[106.64074,11.061497],[106.640657,11.06141],[106.640286,11.060987],[106.640137,11.060809],[106.640548,11.059734],[106.641473,11.059991],[106.640865,11.061581]]]}},{"type":"Feature","properties":{"loai_qh":"Giáo dục","mau":"#5dade2"},"geometry":{"type":"Polygon","coordinates":[[[106.633265,11.060063],[106.633436,11.059969],[106.633381,11.060054],[106.632423,11.060656],[106.631755,11.06081],[106.63126,11.060989],[106.631184,11.060962],[106.631147,11.060912],[106.631125,11.060887],[106.631088,11.06085],[106.631054,11.060821],[106.631453,11.060542],[106.631799,11.0603],[106.631843,11.060267],[106.631887,11.060235],[106.631924,11.060208],[106.63196,11.060181],[106.631997,11.060154],[106.632034,11.060127],[106.63207,11.0601],[106.632107,11.060073],[106.632144,11.060046],[106.632181,11.060018],[106.632218,11.059991],[106.632273,11.05995],[106.632109,11.059748],[106.632099,11.059735],[106.632815,11.059279],[106.633086,11.05968],[106.633265,11.060063]]]}},{"type":"Feature","properties":{"loai_qh":"Giáo dục","mau":"#5dade2"},"geometry":{"type":"Polygon","coordinates":[[[106.625034,11.075436],[106.62489,11.075499],[106.62417,11.075882],[106.623674,11.075215],[106.623475,11.074947],[106.623489,11.074927],[106.623532,11.074855],[106.62374,11.074444],[106.623805,11.07433],[106.623814,11.074315],[106.62395,11.074448],[106.624184,11.074677],[106.624329,11.074819],[106.624413,11.074945],[106.624615,11.075248],[106.624658,11.075313],[106.624898,11.075117],[106.62493,11.075223],[106.624987,11.075351],[106.625034,11.075436]]]}},{"type":"Feature","properties":{"loai_qh":"Giáo dục","mau":"#5dade2"},"geometry":{"type":"Polygon","coordinates":[[[106.629349,11.04629],[106.629265,11.046317],[106.628739,11.046059],[106.629304,11.044964],[106.629886,11.045249],[106.629349,11.04629]]]}},{"type":"Feature","properties":{"loai_qh":"Giáo dục","mau":"#5dade2"},"geometry":{"type":"Polygon","coordinates":[[[106.629903,11.045217],[106.628202,11.044382],[106.628211,11.044369],[106.628605,11.044128],[106.629022,11.043977],[106.629612,11.043958],[106.630303,11.044305],[106.630331,11.044387],[106.629903,11.045217]]]}},{"type":"Feature","properties":{"loai_qh":"Giáo dục","mau":"#5dade2"},"geometry":{"type":"Polygon","coordinates":[[[106.619186,11.062467],[106.618941,11.062931],[106.617874,11.062229],[106.618037,11.061979],[106.618067,11.061938],[106.618222,11.061754],[106.618309,11.061745],[106.618919,11.06222],[106.61895,11.062247],[106.619186,11.062467]]]}},{"type":"Feature","properties":{"loai_qh":"Giáo dục","mau":"#5dade2"},"geometry":{"type":"Polygon","coordinates":[[[106.642214,11.053311],[106.641992,11.053588],[106.641528,11.053287],[106.642183,11.052282],[106.642211,11.052284],[106.642309,11.052353],[106.642377,11.052402],[106.64242,11.052439],[106.642456,11.05247],[106.642481,11.052491],[106.642597,11.052547],[106.642764,11.05267],[106.642851,11.052766],[106.642968,11.052899],[106.643065,11.05301],[106.64293,11.053132],[106.642744,11.053299],[106.642523,11.053498],[106.642214,11.053311]]]}},{"type":"Feature","properties":{"loai_qh":"Giáo dục","mau":"#5dade2"},"geometry":{"type":"Polygon","coordinates":[[[106.632306,11.073263],[106.6324,11.073392],[106.632454,11.073361],[106.632573,11.073481],[106.632573,11.073508],[106.632415,11.07358],[106.631995,11.073848],[106.63135,11.073979],[106.631346,11.073954],[106.631339,11.073911],[106.631333,11.073864],[106.631306,11.073688],[106.631296,11.073643],[106.631286,11.073599],[106.631269,11.073517],[106.631299,11.07351],[106.631234,11.073312],[106.631178,11.073164],[106.631156,11.073113],[106.63103,11.072825],[106.631007,11.07277],[106.631044,11.07277],[106.63112,11.072768],[106.63124,11.072753],[106.631397,11.072718],[106.631461,11.0727],[106.631814,11.072582],[106.631848,11.07257],[106.631964,11.072524],[106.632003,11.072616],[106.63204,11.072657],[106.632082,11.072728],[106.632119,11.072814],[106.632157,11.072941],[106.632195,11.073093],[106.632215,11.073189],[106.632306,11.073263]]]}},{"type":"Feature","properties":{"loai_qh":"Giáo dục","mau":"#5dade2"},"geometry":{"type":"Polygon","coordinates":[[[106.617854,11.062259],[106.618924,11.062963],[106.618448,11.063864],[106.617823,11.06386],[106.617679,11.06386],[106.617274,11.063116],[106.617327,11.063036],[106.617785,11.062366],[106.617854,11.062259]]]}},{"type":"Feature","properties":{"loai_qh":"Giáo dục","mau":"#5dade2"},"geometry":{"type":"Polygon","coordinates":[[[106.62394,11.061422],[106.624001,11.061428],[106.624561,11.062062],[106.624578,11.062081],[106.624454,11.062204],[106.624491,11.062257],[106.624248,11.06234],[106.623882,11.06185],[106.623988,11.061777],[106.623811,11.061521],[106.62394,11.061422]]]}},{"type":"Feature","properties":{"loai_qh":"Giáo dục","mau":"#5dade2"},"geometry":{"type":"Polygon","coordinates":[[[106.623264,11.062171],[106.623227,11.06211],[106.623183,11.062002],[106.623213,11.061908],[106.62359,11.061673],[106.623781,11.061542],[106.623937,11.061768],[106.623831,11.061841],[106.624212,11.062352],[106.624195,11.062358],[106.624156,11.062371],[106.624108,11.062387],[106.62406,11.062404],[106.62397,11.062434],[106.623925,11.06245],[106.623835,11.06248],[106.62379,11.062496],[106.62353,11.062575],[106.623426,11.062381],[106.623349,11.06227],[106.623264,11.062171]]]}},{"type":"Feature","properties":{"loai_qh":"Giáo dục","mau":"#5dade2"},"geometry":{"type":"Polygon","coordinates":[[[106.636836,11.05959],[106.636703,11.05974],[106.636657,11.059793],[106.636271,11.059509],[106.636183,11.059408],[106.636109,11.059321],[106.636078,11.059284],[106.635925,11.059103],[106.636618,11.058454],[106.637698,11.058815],[106.637742,11.058833],[106.637665,11.058859],[106.637453,11.058966],[106.637347,11.059043],[106.637196,11.059184],[106.636836,11.05959]]]}},{"type":"Feature","properties":{"loai_qh":"Cây xanh","mau":"#27ae60"},"geometry":{"type":"Polygon","coordinates":[[[106.615179,11.053492],[106.615179,11.053486],[106.61521,11.053212],[106.615228,11.053044],[106.615273,11.052941],[106.615424,11.052711],[106.615458,11.052667],[106.615481,11.052636],[106.615524,11.052579],[106.615584,11.052497],[106.615179,11.053492]]]}},{"type":"Feature","properties":{"loai_qh":"Cây xanh","mau":"#27ae60"},"geometry":{"type":"Polygon","coordinates":[[[106.642204,11.069747],[106.642305,11.06981],[106.642587,11.070072],[106.642908,11.070224],[106.643596,11.070324],[106.643975,11.070338],[106.643976,11.070516],[106.643889,11.070584],[106.64098,11.06983],[106.640537,11.069724],[106.640496,11.069631],[106.64034,11.069319],[106.640365,11.069257],[106.64053,11.069245],[106.640934,11.069322],[106.641488,11.06947],[106.641522,11.069481],[106.642204,11.069747]]]}},{"type":"Feature","properties":{"loai_qh":"Cây xanh","mau":"#27ae60"},"geometry":{"type":"Polygon","coordinates":[[[106.640146,11.069646],[106.639978,11.069617],[106.639917,11.06953],[106.639924,11.069344],[106.640047,11.069447],[106.640146,11.069646]]]}},{"type":"Feature","properties":{"loai_qh":"Cây xanh","mau":"#27ae60"},"geometry":{"type":"Polygon","coordinates":[[[106.638622,11.061435],[106.638287,11.061727],[106.638132,11.061856],[106.638084,11.061892],[106.637866,11.062047],[106.637649,11.062214],[106.637573,11.062278],[106.637546,11.062304],[106.637432,11.062288],[106.637427,11.062279],[106.637966,11.061848],[106.638264,11.06161],[106.638325,11.061557],[106.638895,11.061028],[106.63918,11.060668],[106.639837,11.059516],[106.639865,11.059526],[106.639908,11.059625],[106.639894,11.059653],[106.639778,11.059909],[106.639706,11.060036],[106.639296,11.060696],[106.639227,11.060808],[106.639103,11.060961],[106.638895,11.061162],[106.638622,11.061435]]]}},{"type":"Feature","properties":{"loai_qh":"Cây xanh","mau":"#27ae60"},"geometry":{"type":"Polygon","coordinates":[[[106.638106,11.061327],[106.638063,11.061364],[106.637765,11.061602],[106.637253,11.062011],[106.637001,11.061684],[106.636878,11.061538],[106.636946,11.061469],[106.636976,11.061473],[106.637044,11.061428],[106.637123,11.061362],[106.637208,11.061276],[106.637254,11.061247],[106.63743,11.061094],[106.637917,11.060492],[106.63822,11.060234],[106.638561,11.059818],[106.638891,11.059357],[106.638997,11.059231],[106.639529,11.059412],[106.638901,11.060513],[106.638676,11.060797],[106.638106,11.061327]]]}},{"type":"Feature","properties":{"loai_qh":"Cây xanh","mau":"#27ae60"},"geometry":{"type":"Polygon","coordinates":[[[106.643876,11.069276],[106.643965,11.06939],[106.643972,11.070067],[106.643621,11.070053],[106.642948,11.069956],[106.642775,11.069874],[106.642493,11.069613],[106.642305,11.069495],[106.641623,11.069229],[106.641559,11.069208],[106.640996,11.069057],[106.640582,11.068979],[106.640294,11.068994],[106.639953,11.069025],[106.640058,11.068429],[106.640139,11.068372],[106.641308,11.06861],[106.643876,11.069276]]]}},{"type":"Feature","properties":{"loai_qh":"Cây xanh","mau":"#27ae60"},"geometry":{"type":"Polygon","coordinates":[[[106.634268,11.069795],[106.63408,11.069436],[106.634191,11.069424],[106.634265,11.069489],[106.634268,11.069795]]]}},{"type":"Feature","properties":{"loai_qh":"Cây xanh","mau":"#27ae60"},"geometry":{"type":"MultiPolygon","coordinates":[[[[106.613562,11.064014],[106.613527,11.064019],[106.61352,11.06402],[106.613273,11.064104],[106.613102,11.064163],[106.612931,11.064196],[106.612897,11.064202],[106.612393,11.0643],[106.612281,11.064433],[106.613302,11.064194],[106.613562,11.064014]]],[[[106.614093,11.063649],[106.615091,11.062961],[106.617068,11.059396],[106.617081,11.059316],[106.616785,11.059754],[106.616719,11.059911],[106.616689,11.059983],[106.616679,11.060004],[106.616642,11.060082],[106.616583,11.0602],[106.616568,11.060231],[106.616502,11.060343],[106.616422,11.060479],[106.616408,11.060503],[106.616224,11.06074],[106.61618,11.060798],[106.616175,11.060805],[106.616076,11.06094],[106.615954,11.061152],[106.615899,11.061246],[106.615693,11.061532],[106.615561,11.061716],[106.615162,11.062529],[106.615065,11.062725],[106.61492,11.063011],[106.614851,11.063066],[106.614775,11.063126],[106.614625,11.063247],[106.614392,11.063293],[106.614303,11.063397],[106.614286,11.063418],[106.614248,11.063464],[106.614093,11.063649]]],[[[106.617082,11.05931],[106.61715,11.058859],[106.617087,11.059052],[106.617082,11.05931]]]]}},{"type":"Feature","properties":{"loai_qh":"Cây xanh","mau":"#27ae60"},"geometry":{"type":"Polygon","coordinates":[[[106.645274,11.078062],[106.64525,11.078107],[106.645077,11.078047],[106.644629,11.077932],[106.64463,11.077875],[106.644631,11.07784],[106.644702,11.077792],[106.645274,11.078062]]]}},{"type":"Feature","properties":{"loai_qh":"Cây xanh","mau":"#27ae60"},"geometry":{"type":"Polygon","coordinates":[[[106.614934,11.080495],[106.614639,11.081349],[106.61443,11.081007],[106.614267,11.080703],[106.614276,11.080667],[106.614652,11.080423],[106.614841,11.080203],[106.614852,11.080196],[106.614877,11.080129],[106.61489,11.080017],[106.614887,11.080007],[106.614706,11.079603],[106.614273,11.079234],[106.614245,11.079205],[106.614155,11.079057],[106.61388,11.078595],[106.613491,11.078202],[106.613024,11.077916],[106.612482,11.077911],[106.61219,11.078083],[106.612169,11.078086],[106.612069,11.078059],[106.612225,11.07764],[106.612297,11.077601],[106.613309,11.077951],[106.613332,11.077962],[106.614368,11.078649],[106.615042,11.079391],[106.615119,11.079498],[106.614934,11.080495]]]}},{"type":"Feature","properties":{"loai_qh":"Cây xanh","mau":"#27ae60"},"geometry":{"type":"Polygon","coordinates":[[[106.611847,11.077921],[106.61182,11.077993],[106.610984,11.077771],[106.611142,11.077492],[106.61136,11.077494],[106.611902,11.077532],[106.611958,11.077624],[106.611847,11.077921]]]}},{"type":"Feature","properties":{"loai_qh":"Cây xanh","mau":"#27ae60"},"geometry":{"type":"Polygon","coordinates":[[[106.608591,11.073076],[106.608612,11.073412],[106.608424,11.073027],[106.608591,11.072988],[106.608591,11.073076]]]}},{"type":"Feature","properties":{"loai_qh":"Cây xanh","mau":"#27ae60"},"geometry":{"type":"Polygon","coordinates":[[[106.605794,11.073332],[106.605643,11.073368],[106.605138,11.072833],[106.606167,11.072412],[106.606456,11.072329],[106.607899,11.072835],[106.605794,11.073332]]]}},{"type":"Feature","properties":{"loai_qh":"Cây xanh","mau":"#27ae60"},"geometry":{"type":"Polygon","coordinates":[[[106.60751,11.069088],[106.607328,11.070282],[106.607313,11.070264],[106.607331,11.070224],[106.607319,11.070196],[106.607332,11.070175],[106.607342,11.070113],[106.607373,11.06993],[106.607265,11.069728],[106.607252,11.069693],[106.607262,11.069482],[106.607165,11.069359],[106.607008,11.069159],[106.606934,11.069066],[106.606912,11.069023],[106.606905,11.06901],[106.606851,11.068807],[106.606827,11.068718],[106.606745,11.068651],[106.606746,11.068634],[106.606752,11.068563],[106.606725,11.06845],[106.60668,11.068261],[106.606635,11.068076],[106.606611,11.067973],[106.606599,11.067931],[106.60662,11.067829],[106.606649,11.067785],[106.606752,11.067628],[106.606818,11.067529],[106.606859,11.067468],[106.607039,11.067345],[106.607242,11.067208],[106.607328,11.067155],[106.607348,11.067142],[106.607388,11.067109],[106.607506,11.06706],[106.607651,11.066999],[106.607758,11.06692],[106.607898,11.06675],[106.608066,11.066606],[106.608114,11.066564],[106.608248,11.066457],[106.608268,11.066441],[106.608455,11.066291],[106.60858,11.066191],[106.60877,11.066044],[106.608847,11.066022],[106.608886,11.065988],[106.60893,11.065998],[106.609094,11.06591],[106.609103,11.065905],[106.609219,11.065844],[106.60923,11.065838],[106.609615,11.065655],[106.609693,11.065618],[106.609763,11.065546],[106.609857,11.06545],[106.609904,11.065402],[106.610129,11.065299],[106.610169,11.06528],[106.610195,11.065268],[106.610266,11.065233],[106.610343,11.065196],[106.610424,11.065157],[106.610513,11.065114],[106.610537,11.065102],[106.610645,11.064993],[106.610688,11.06495],[106.610778,11.064869],[106.610807,11.064858],[106.610855,11.064842],[106.610926,11.064818],[106.611052,11.064726],[106.611088,11.064705],[106.611234,11.064623],[106.611269,11.064604],[106.611307,11.064564],[106.611385,11.064535],[106.611439,11.064515],[106.611474,11.064501],[106.611527,11.064479],[106.611549,11.064472],[106.611577,11.064561],[106.611562,11.064584],[106.611523,11.064646],[106.611472,11.064679],[106.611395,11.064713],[106.611223,11.064794],[106.611213,11.064813],[106.608494,11.066552],[106.60751,11.069088]]]}},{"type":"Feature","properties":{"loai_qh":"Cây xanh","mau":"#27ae60"},"geometry":{"type":"Polygon","coordinates":[[[106.607204,11.071201],[106.607248,11.071354],[106.607153,11.071883],[106.607118,11.071928],[106.607007,11.07199],[106.60645,11.072089],[106.606441,11.072073],[106.607188,11.071199],[106.607204,11.071201]]]}},{"type":"Feature","properties":{"loai_qh":"Cây xanh","mau":"#27ae60"},"geometry":{"type":"Polygon","coordinates":[[[106.607783,11.0725],[106.607156,11.072212],[106.607521,11.072193],[106.607724,11.072336],[106.607783,11.0725]]]}},{"type":"Feature","properties":{"loai_qh":"Cây xanh","mau":"#27ae60"},"geometry":{"type":"Polygon","coordinates":[[[106.634249,11.069719],[106.634109,11.069451],[106.634185,11.069443],[106.634246,11.069497],[106.634249,11.069719]]]}},{"type":"Feature","properties":{"loai_qh":"Cây xanh","mau":"#27ae60"},"geometry":{"type":"Polygon","coordinates":[[[106.621352,11.069484],[106.621404,11.069478],[106.621815,11.069439],[106.621858,11.069434],[106.623328,11.06924],[106.622128,11.0695],[106.620871,11.069772],[106.62083,11.069572],[106.621352,11.069484]]]}},{"type":"Feature","properties":{"loai_qh":"Cây xanh","mau":"#27ae60"},"geometry":{"type":"Polygon","coordinates":[[[106.61851,11.070284],[106.61805,11.070396],[106.618313,11.070263],[106.618626,11.070049],[106.618878,11.069922],[106.619115,11.06985],[106.619552,11.069797],[106.619617,11.069787],[106.620425,11.06964],[106.620586,11.069613],[106.62063,11.069825],[106.61851,11.070284]]]}},{"type":"Feature","properties":{"loai_qh":"Cây xanh","mau":"#27ae60"},"geometry":{"type":"Polygon","coordinates":[[[106.617835,11.070449],[106.615872,11.070927],[106.615853,11.070843],[106.615846,11.070734],[106.61633,11.070728],[106.61688,11.070575],[106.616898,11.070565],[106.61721,11.070469],[106.617445,11.070453],[106.617566,11.070454],[106.617835,11.070449]]]}},{"type":"Feature","properties":{"loai_qh":"Cây xanh","mau":"#27ae60"},"geometry":{"type":"MultiPolygon","coordinates":[[[[106.605494,11.072372],[106.605373,11.072388],[106.60526,11.072402],[106.605077,11.072425],[106.604934,11.072483],[106.604892,11.0725],[106.60483,11.072532],[106.604948,11.072627],[106.605367,11.072455],[106.605494,11.072372]]],[[[106.605581,11.072316],[106.605818,11.072162],[106.605769,11.072178],[106.60569,11.072204],[106.605614,11.072283],[106.605581,11.072316]]]]}},{"type":"Feature","properties":{"loai_qh":"Cây xanh","mau":"#27ae60"},"geometry":{"type":"Polygon","coordinates":[[[106.64754,11.05594],[106.647618,11.055967],[106.647848,11.05606],[106.647631,11.056558],[106.647622,11.056579],[106.647535,11.05661],[106.64454,11.056268],[106.644471,11.056182],[106.644524,11.055542],[106.644999,11.055512],[106.645461,11.055529],[106.645634,11.055522],[106.645786,11.055504],[106.646078,11.055526],[106.64754,11.05594]]]}},{"type":"Feature","properties":{"loai_qh":"Cây xanh","mau":"#27ae60"},"geometry":{"type":"MultiPolygon","coordinates":[[[[106.642259,11.055716],[106.641538,11.056114],[106.638995,11.058766],[106.639032,11.058918],[106.639677,11.059137],[106.640027,11.058623],[106.640379,11.058257],[106.640845,11.057909],[106.640917,11.057848],[106.641337,11.05744],[106.641556,11.056968],[106.641568,11.056789],[106.641613,11.056535],[106.641786,11.056114],[106.641833,11.056046],[106.642259,11.055716]]],[[[106.642476,11.055597],[106.642748,11.055498],[106.642997,11.055439],[106.643745,11.055351],[106.643853,11.05533],[106.643942,11.055306],[106.644006,11.054819],[106.643951,11.054783],[106.642476,11.055597]]]]}},{"type":"Feature","properties":{"loai_qh":"Cây xanh","mau":"#27ae60"},"geometry":{"type":"Polygon","coordinates":[[[106.642531,11.076704],[106.643952,11.077462],[106.644027,11.077587],[106.644027,11.077705],[106.643435,11.077471],[106.643352,11.077442],[106.642674,11.077235],[106.642531,11.077175],[106.642429,11.077118],[106.642186,11.076902],[106.64206,11.076724],[106.641987,11.076633],[106.641829,11.076454],[106.641586,11.076249],[106.641351,11.076105],[106.641232,11.076014],[106.641088,11.075877],[106.640956,11.07571],[106.640834,11.075497],[106.640591,11.075207],[106.640474,11.075108],[106.640473,11.075105],[106.640416,11.074755],[106.640429,11.074463],[106.64053,11.074066],[106.640583,11.073923],[106.640844,11.073399],[106.640939,11.073112],[106.640958,11.073006],[106.640941,11.072553],[106.640901,11.072394],[106.640724,11.072022],[106.640556,11.071793],[106.640537,11.071735],[106.640567,11.071667],[106.640753,11.071488],[106.640884,11.071242],[106.640907,11.07111],[106.640869,11.07084],[106.640746,11.070589],[106.640681,11.070381],[106.640614,11.069941],[106.640606,11.069898],[106.64094,11.069978],[106.640987,11.070038],[106.641046,11.074281],[106.642531,11.076704]]]}},{"type":"Feature","properties":{"loai_qh":"Cây xanh","mau":"#27ae60"},"geometry":{"type":"Polygon","coordinates":[[[106.64817,11.055163],[106.648201,11.055248],[106.647989,11.055736],[106.647754,11.055641],[106.647638,11.055601],[106.646176,11.055187],[106.645743,11.055154],[106.645591,11.055172],[106.645475,11.055177],[106.644994,11.055159],[106.64457,11.055186],[106.644641,11.054691],[106.644733,11.054601],[106.645354,11.054546],[106.64817,11.055163]]]}},{"type":"Feature","properties":{"loai_qh":"Cây xanh","mau":"#27ae60"},"geometry":{"type":"Polygon","coordinates":[[[106.643865,11.069292],[106.643947,11.069396],[106.643953,11.070048],[106.643623,11.070035],[106.642951,11.069938],[106.642788,11.069861],[106.642506,11.069599],[106.642312,11.069478],[106.641629,11.069212],[106.641564,11.06919],[106.641,11.06904],[106.640585,11.068961],[106.640289,11.068977],[106.639973,11.069009],[106.640075,11.068439],[106.640144,11.068391],[106.641304,11.068628],[106.643865,11.069292]]]}},{"type":"Feature","properties":{"loai_qh":"Cây xanh","mau":"#27ae60"},"geometry":{"type":"Polygon","coordinates":[[[106.633524,11.064971],[106.633189,11.065113],[106.633074,11.065143],[106.63272,11.064558],[106.632827,11.064509],[106.632879,11.064468],[106.632981,11.064414],[106.633074,11.064355],[106.633272,11.064308],[106.633562,11.06417],[106.633942,11.064004],[106.634112,11.063906],[106.634164,11.063851],[106.634278,11.06366],[106.634313,11.063691],[106.634702,11.063505],[106.634778,11.063577],[106.634959,11.06343],[106.635064,11.06334],[106.635186,11.063234],[106.635322,11.063106],[106.635492,11.062929],[106.635744,11.062759],[106.635964,11.062569],[106.635911,11.062516],[106.636191,11.062245],[106.636318,11.062123],[106.636457,11.06199],[106.636531,11.061948],[106.636679,11.061809],[106.636699,11.061748],[106.636705,11.061744],[106.636708,11.061729],[106.636781,11.061663],[106.636882,11.061782],[106.637121,11.062093],[106.636074,11.062932],[106.63588,11.063116],[106.635229,11.063855],[106.634963,11.06408],[106.633524,11.064971]]]}},{"type":"Feature","properties":{"loai_qh":"Cây xanh","mau":"#27ae60"},"geometry":{"type":"Polygon","coordinates":[[[106.634788,11.064803],[106.633709,11.065396],[106.633426,11.065572],[106.633317,11.065546],[106.633264,11.065458],[106.633279,11.065455],[106.633714,11.06527],[106.635152,11.064379],[106.635498,11.064087],[106.636149,11.063348],[106.636298,11.063206],[106.637314,11.062393],[106.637328,11.062417],[106.637317,11.062493],[106.63722,11.062583],[106.636914,11.062832],[106.636662,11.063053],[106.636526,11.063142],[106.636477,11.063164],[106.636204,11.063371],[106.636064,11.063534],[106.635933,11.063697],[106.635882,11.063753],[106.635557,11.064085],[106.635266,11.064356],[106.635099,11.064501],[106.635098,11.064502],[106.634992,11.064616],[106.634966,11.064651],[106.634788,11.064803]]]}},{"type":"Feature","properties":{"loai_qh":"Cây xanh","mau":"#27ae60"},"geometry":{"type":"Polygon","coordinates":[[[106.638093,11.061314],[106.638051,11.06135],[106.637753,11.061588],[106.637257,11.061985],[106.637015,11.061672],[106.636903,11.061539],[106.636952,11.061488],[106.63698,11.061492],[106.637055,11.061442],[106.637136,11.061375],[106.637219,11.06129],[106.637265,11.061262],[106.637444,11.061106],[106.63793,11.060504],[106.638233,11.060247],[106.638576,11.059829],[106.638905,11.059368],[106.639003,11.059253],[106.639503,11.059422],[106.638885,11.060504],[106.638663,11.060784],[106.638093,11.061314]]]}},{"type":"Feature","properties":{"loai_qh":"Cây xanh","mau":"#27ae60"},"geometry":{"type":"Polygon","coordinates":[[[106.638609,11.061422],[106.638275,11.061714],[106.63812,11.061842],[106.638073,11.061878],[106.637855,11.062033],[106.637638,11.062199],[106.637561,11.062265],[106.63754,11.062285],[106.637463,11.062274],[106.637978,11.061862],[106.638276,11.061624],[106.638338,11.061571],[106.638908,11.061041],[106.639196,11.060677],[106.639846,11.059538],[106.639851,11.05954],[106.639887,11.059625],[106.639878,11.059646],[106.639761,11.0599],[106.63969,11.060027],[106.639281,11.060687],[106.639212,11.060798],[106.63909,11.060948],[106.638882,11.061149],[106.638609,11.061422]]]}},{"type":"Feature","properties":{"loai_qh":"Cây xanh","mau":"#27ae60"},"geometry":{"type":"Polygon","coordinates":[[[106.642509,11.057029],[106.642333,11.057182],[106.641673,11.057902],[106.641589,11.057981],[106.640989,11.058477],[106.640914,11.058534],[106.640677,11.058722],[106.640457,11.058916],[106.64014,11.059244],[106.640074,11.059265],[106.640028,11.059252],[106.640323,11.05882],[106.640594,11.058538],[106.64106,11.058191],[106.641167,11.058099],[106.641587,11.057692],[106.641913,11.05699],[106.641923,11.056831],[106.641965,11.056596],[106.642081,11.056312],[106.642128,11.056244],[106.642482,11.05597],[106.642871,11.055829],[106.643039,11.055789],[106.643787,11.055701],[106.643904,11.055681],[106.643857,11.056331],[106.643767,11.05643],[106.643431,11.056497],[106.643047,11.056659],[106.642509,11.057029]]]}},{"type":"Feature","properties":{"loai_qh":"Cây xanh","mau":"#27ae60"},"geometry":{"type":"Polygon","coordinates":[[[106.631314,11.067509],[106.630309,11.067727],[106.630533,11.06764],[106.630617,11.067613],[106.631295,11.067441],[106.631314,11.067509]]]}},{"type":"Feature","properties":{"loai_qh":"Cây xanh","mau":"#27ae60"},"geometry":{"type":"Polygon","coordinates":[[[106.643246,11.077779],[106.643302,11.077798],[106.643972,11.078063],[106.64395,11.078078],[106.642938,11.077717],[106.642631,11.077591],[106.643246,11.077779]]]}},{"type":"Feature","properties":{"loai_qh":"Cây xanh","mau":"#27ae60"},"geometry":{"type":"Polygon","coordinates":[[[106.641963,11.077192],[106.641605,11.076883],[106.640818,11.076112],[106.639888,11.075503],[106.639844,11.075405],[106.640057,11.074764],[106.640063,11.074811],[106.64012,11.075161],[106.640243,11.075377],[106.64036,11.075475],[106.640523,11.07567],[106.640645,11.075884],[106.640841,11.076132],[106.640986,11.076269],[106.641162,11.076404],[106.641396,11.076548],[106.64156,11.076686],[106.641719,11.076865],[106.641768,11.076926],[106.641894,11.077104],[106.641963,11.077192]]]}},{"type":"Feature","properties":{"loai_qh":"Cây xanh","mau":"#27ae60"},"geometry":{"type":"Polygon","coordinates":[[[106.640606,11.072944],[106.640587,11.07305],[106.640523,11.073244],[106.640263,11.073767],[106.640215,11.073878],[106.640215,11.072857],[106.639958,11.070085],[106.639944,11.069827],[106.639999,11.069781],[106.640211,11.069818],[106.640261,11.069993],[106.640328,11.070434],[106.640424,11.070742],[106.640547,11.070993],[106.640555,11.071051],[106.640533,11.071183],[106.640505,11.071235],[106.640318,11.071414],[106.640181,11.071724],[106.640181,11.071726],[106.640267,11.072001],[106.640436,11.07223],[106.640555,11.07248],[106.640595,11.072639],[106.640606,11.072944]]]}},{"type":"Feature","properties":{"loai_qh":"Cây xanh","mau":"#27ae60"},"geometry":{"type":"Polygon","coordinates":[[[106.640114,11.069622],[106.639989,11.0696],[106.639935,11.069525],[106.639941,11.069369],[106.64003,11.069455],[106.640114,11.069622]]]}},{"type":"Feature","properties":{"loai_qh":"Cây xanh","mau":"#27ae60"},"geometry":{"type":"Polygon","coordinates":[[[106.63659,11.068982],[106.637086,11.069262],[106.637442,11.069204],[106.637978,11.069133],[106.638151,11.069131],[106.638717,11.069189],[106.639301,11.06927],[106.639768,11.069337],[106.639761,11.069502],[106.639691,11.069557],[106.638705,11.069466],[106.638341,11.069448],[106.634481,11.069263],[106.634417,11.069198],[106.634415,11.069054],[106.634386,11.068546],[106.634776,11.068562],[106.635496,11.06859],[106.636363,11.068576],[106.636454,11.068637],[106.63659,11.068982]]]}},{"type":"Feature","properties":{"loai_qh":"Cây xanh","mau":"#27ae60"},"geometry":{"type":"Polygon","coordinates":[[[106.644629,11.078296],[106.644987,11.078388],[106.645172,11.078464],[106.645265,11.078517],[106.645511,11.078747],[106.645567,11.078832],[106.645648,11.078921],[106.645889,11.079117],[106.646152,11.079276],[106.646191,11.079301],[106.646169,11.079327],[106.6461,11.079403],[106.646012,11.079409],[106.645566,11.079024],[106.64469,11.078403],[106.644629,11.078296]]]}},{"type":"Feature","properties":{"loai_qh":"Cây xanh","mau":"#27ae60"},"geometry":{"type":"Polygon","coordinates":[[[106.646283,11.079646],[106.646278,11.079559],[106.646347,11.079482],[106.646368,11.079459],[106.646466,11.079554],[106.646581,11.079696],[106.646724,11.079929],[106.647057,11.080269],[106.647679,11.080673],[106.647763,11.080722],[106.64819,11.080949],[106.648241,11.081026],[106.64826,11.081263],[106.648318,11.08145],[106.648278,11.081459],[106.646283,11.079646]]]}},{"type":"Feature","properties":{"loai_qh":"Cây xanh","mau":"#27ae60"},"geometry":{"type":"Polygon","coordinates":[[[106.648512,11.08168],[106.648507,11.081658],[106.648682,11.081723],[106.648721,11.081729],[106.648845,11.08178],[106.649142,11.081999],[106.64929,11.08209],[106.649434,11.082163],[106.649676,11.082363],[106.649769,11.082482],[106.650016,11.082855],[106.650082,11.082979],[106.650231,11.083342],[106.650246,11.083377],[106.648512,11.08168]]]}},{"type":"Feature","properties":{"loai_qh":"Cây xanh","mau":"#27ae60"},"geometry":{"type":"Polygon","coordinates":[[[106.634167,11.068174],[106.634111,11.06815],[106.633974,11.06807],[106.63355,11.067993],[106.633354,11.068025],[106.633301,11.067924],[106.633512,11.067467],[106.633991,11.067389],[106.634167,11.068174]]]}},{"type":"Feature","properties":{"loai_qh":"Cây xanh","mau":"#27ae60"},"geometry":{"type":"Polygon","coordinates":[[[106.642197,11.069764],[106.642293,11.069824],[106.642575,11.070085],[106.642906,11.070242],[106.643594,11.070342],[106.643956,11.070356],[106.643958,11.070507],[106.643885,11.070564],[106.640984,11.069812],[106.640551,11.069709],[106.640513,11.069623],[106.640356,11.069311],[106.640371,11.069274],[106.640527,11.069263],[106.64093,11.069339],[106.641483,11.069487],[106.641515,11.069498],[106.642197,11.069764]]]}},{"type":"Feature","properties":{"loai_qh":"Cây xanh","mau":"#27ae60"},"geometry":{"type":"Polygon","coordinates":[[[106.638255,11.068218],[106.638768,11.068242],[106.639849,11.068346],[106.639902,11.068413],[106.6398,11.068985],[106.639352,11.068921],[106.63876,11.068839],[106.638187,11.06878],[106.637931,11.068784],[106.63739,11.068855],[106.637028,11.068914],[106.636922,11.068854],[106.636787,11.068509],[106.636357,11.068224],[106.6355,11.068237],[106.634791,11.06821],[106.634341,11.068191],[106.634332,11.068135],[106.634324,11.068086],[106.634373,11.068031],[106.638255,11.068218]]]}},{"type":"Feature","properties":{"loai_qh":"Cây xanh","mau":"#27ae60"},"geometry":{"type":"Polygon","coordinates":[[[106.634241,11.069056],[106.634243,11.069201],[106.63418,11.069271],[106.634018,11.069287],[106.633527,11.068354],[106.633608,11.068341],[106.633794,11.068375],[106.633932,11.068454],[106.634213,11.068539],[106.634241,11.069056]]]}},{"type":"Feature","properties":{"loai_qh":"Cây xanh","mau":"#27ae60"},"geometry":{"type":"Polygon","coordinates":[[[106.632898,11.065188],[106.632021,11.065412],[106.631904,11.06546],[106.631697,11.065061],[106.631764,11.065027],[106.631783,11.065016],[106.631802,11.065006],[106.631852,11.064984],[106.631901,11.064962],[106.631914,11.064958],[106.632182,11.064821],[106.632497,11.064678],[106.63251,11.064652],[106.632561,11.064629],[106.632898,11.065188]]]}},{"type":"Feature","properties":{"loai_qh":"Cây xanh","mau":"#27ae60"},"geometry":{"type":"Polygon","coordinates":[[[106.651538,11.084421],[106.651926,11.084688],[106.652089,11.084725],[106.652132,11.084737],[106.652126,11.08478],[106.652058,11.08495],[106.651988,11.085097],[106.65143,11.084599],[106.650538,11.083669],[106.65125,11.08404],[106.65136,11.084143],[106.651433,11.084265],[106.651538,11.084421]]]}},{"type":"Feature","properties":{"loai_qh":"Cây xanh","mau":"#27ae60"},"geometry":{"type":"Polygon","coordinates":[[[106.609388,11.077926],[106.609234,11.078016],[106.609196,11.078006],[106.609008,11.077672],[106.609043,11.077519],[106.609105,11.07747],[106.610877,11.077489],[106.610751,11.077711],[106.610358,11.0777],[106.609817,11.077777],[106.609388,11.077926]]]}},{"type":"Feature","properties":{"loai_qh":"Cây xanh","mau":"#27ae60"},"geometry":{"type":"MultiPolygon","coordinates":[[[[106.650443,11.058857],[106.648992,11.056865],[106.648636,11.056535],[106.648437,11.056433],[106.648193,11.056262],[106.648172,11.056243],[106.648063,11.05616],[106.64785,11.056651],[106.647822,11.056719],[106.647847,11.056792],[106.649133,11.058084],[106.650443,11.058857]]],[[[106.651433,11.059441],[106.651911,11.059722],[106.652962,11.059789],[106.653128,11.059752],[106.653287,11.059705],[106.653225,11.059354],[106.653212,11.059353],[106.6532,11.059349],[106.653193,11.059359],[106.653146,11.059397],[106.653094,11.05945],[106.652974,11.059499],[106.652549,11.059513],[106.652282,11.059533],[106.652266,11.059396],[106.652273,11.059349],[106.652005,11.059364],[106.651975,11.059271],[106.651929,11.059281],[106.651845,11.059312],[106.651753,11.059365],[106.651433,11.059441]]]]}},{"type":"Feature","properties":{"loai_qh":"Cây xanh","mau":"#27ae60"},"geometry":{"type":"Polygon","coordinates":[[[106.653207,11.058963],[106.652983,11.058957],[106.652844,11.05893],[106.652367,11.058883],[106.652232,11.058873],[106.652126,11.05888],[106.651855,11.058936],[106.651666,11.059008],[106.651574,11.059061],[106.651417,11.059098],[106.651294,11.05909],[106.651195,11.059066],[106.651047,11.059],[106.650899,11.05888],[106.649281,11.056657],[106.648814,11.056229],[106.648601,11.05612],[106.648437,11.056005],[106.648415,11.055985],[106.648206,11.055833],[106.648412,11.055358],[106.648487,11.055334],[106.650483,11.057251],[106.652013,11.058153],[106.653254,11.058231],[106.653299,11.058292],[106.653207,11.058963]]]}},{"type":"Feature","properties":{"loai_qh":"Cây xanh","mau":"#27ae60"},"geometry":{"type":"Polygon","coordinates":[[[106.615722,11.05621],[106.615567,11.056172],[106.615379,11.056126],[106.615238,11.056003],[106.61519,11.05593],[106.615149,11.055868],[106.615088,11.055719],[106.615055,11.055515],[106.614983,11.055057],[106.615014,11.054963],[106.615722,11.05621]]]}},{"type":"Feature","properties":{"loai_qh":"Cây xanh","mau":"#27ae60"},"geometry":{"type":"Polygon","coordinates":[[[106.615217,11.053308],[106.615228,11.053214],[106.615246,11.053049],[106.615289,11.05295],[106.615439,11.052721],[106.615473,11.052678],[106.615473,11.052677],[106.615217,11.053308]]]}},{"type":"Feature","properties":{"loai_qh":"An ninh quốc phòng","mau":"#566573"},"geometry":{"type":"Polygon","coordinates":[[[106.633978,11.054532],[106.633656,11.054363],[106.633611,11.054456],[106.633542,11.0546],[106.633463,11.054762],[106.633413,11.054849],[106.633369,11.054953],[106.633642,11.055113],[106.63368,11.055131],[106.633833,11.054797],[106.633978,11.054532]]]}},{"type":"Feature","properties":{"loai_qh":"An ninh quốc phòng","mau":"#566573"},"geometry":{"type":"Polygon","coordinates":[[[106.633953,11.054539],[106.633664,11.054388],[106.633627,11.054464],[106.633559,11.054608],[106.633479,11.054771],[106.63343,11.054857],[106.633392,11.054946],[106.633651,11.055097],[106.633671,11.055107],[106.633817,11.054789],[106.633953,11.054539]]]}},{"type":"Feature","properties":{"loai_qh":"An ninh quốc phòng","mau":"#566573"},"geometry":{"type":"Polygon","coordinates":[[[106.616712,11.063686],[106.616679,11.063756],[106.616591,11.063905],[106.616547,11.063967],[106.61652,11.063998],[106.616515,11.063998],[106.616389,11.064003],[106.61638,11.06403],[106.61613,11.063971],[106.61603,11.063953],[106.616095,11.063812],[106.61622,11.063543],[106.616348,11.063268],[106.616372,11.063215],[106.616422,11.063155],[106.616481,11.063176],[106.616594,11.063132],[106.61677,11.06288],[106.616908,11.062883],[106.617135,11.062931],[106.616859,11.063342],[106.61679,11.063475],[106.616712,11.063686]]]}},{"type":"Feature","properties":{"loai_qh":"An ninh quốc phòng","mau":"#566573"},"geometry":{"type":"Polygon","coordinates":[[[106.616695,11.06368],[106.616663,11.063746],[106.616575,11.063896],[106.616533,11.063955],[106.616511,11.06398],[106.616375,11.063986],[106.616368,11.064009],[106.616134,11.063953],[106.616056,11.063939],[106.616112,11.063819],[106.616237,11.063551],[106.616365,11.063276],[106.616388,11.063225],[106.616428,11.063176],[106.616482,11.063195],[106.616606,11.063147],[106.616779,11.062898],[106.616906,11.062901],[106.617105,11.062943],[106.616843,11.063332],[106.616773,11.063469],[106.616695,11.06368]]]}},{"type":"Feature","properties":{"loai_qh":"Y tế","mau":"#e84393"},"geometry":{"type":"Polygon","coordinates":[[[106.64011,11.060777],[106.64006,11.060718],[106.639924,11.060422],[106.639878,11.060286],[106.639865,11.060214],[106.639865,11.060196],[106.639896,11.060145],[106.639974,11.060006],[106.640095,11.059742],[106.640131,11.059669],[106.640203,11.059639],[106.640512,11.059724],[106.64011,11.060777]]]}},{"type":"Feature","properties":{"loai_qh":"Thương mại - dịch vụ","mau":"#9b59b6"},"geometry":{"type":"Polygon","coordinates":[[[106.632302,11.047719],[106.632191,11.047754],[106.631049,11.047193],[106.631021,11.047111],[106.631996,11.045222],[106.63208,11.045195],[106.632662,11.045487],[106.632635,11.045533],[106.632533,11.045707],[106.632469,11.045816],[106.632451,11.045848],[106.632448,11.045853],[106.632431,11.045882],[106.632412,11.045914],[106.632394,11.045944],[106.632366,11.045992],[106.632367,11.045993],[106.632359,11.046008],[106.632341,11.04604],[106.632317,11.04608],[106.632302,11.046109],[106.63228,11.046098],[106.632228,11.04619],[106.632197,11.046246],[106.632161,11.046309],[106.632174,11.046315],[106.632147,11.046362],[106.632846,11.046718],[106.632302,11.047719]]]}},{"type":"Feature","properties":{"loai_qh":"Thương mại - dịch vụ","mau":"#9b59b6"},"geometry":{"type":"Polygon","coordinates":[[[106.644076,11.05441],[106.643971,11.054515],[106.64362,11.054616],[106.643565,11.054609],[106.642807,11.054117],[106.642851,11.054083],[106.642989,11.053974],[106.64305,11.053934],[106.643199,11.053838],[106.643265,11.053885],[106.643284,11.053848],[106.6434,11.05362],[106.64342,11.053582],[106.643471,11.053576],[106.643594,11.0533],[106.643232,11.053129],[106.643129,11.053024],[106.643112,11.053008],[106.643105,11.053],[106.642995,11.052875],[106.642878,11.052742],[106.642789,11.052643],[106.642616,11.052516],[106.642501,11.052461],[106.64248,11.052442],[106.642444,11.052411],[106.6424,11.052374],[106.64233,11.052324],[106.642224,11.052248],[106.642206,11.052247],[106.642564,11.051693],[106.642967,11.05107],[106.643135,11.050413],[106.643241,11.05044],[106.643594,11.050536],[106.64368,11.050562],[106.643886,11.050633],[106.644094,11.050726],[106.644224,11.050798],[106.644273,11.050827],[106.64468,11.051],[106.644707,11.051007],[106.644916,11.051089],[106.644971,11.051197],[106.644076,11.05441]]]}},{"type":"Feature","properties":{"loai_qh":"Công cộng","mau":"#f39c12"},"geometry":{"type":"Polygon","coordinates":[[[106.64295,11.051063],[106.642549,11.051683],[106.641299,11.051083],[106.641309,11.051072],[106.641318,11.051062],[106.641396,11.050949],[106.641459,11.050832],[106.641486,11.050788],[106.641607,11.050611],[106.641631,11.050579],[106.641724,11.050466],[106.641751,11.050435],[106.641954,11.050226],[106.641983,11.050199],[106.642177,11.050029],[106.642264,11.050022],[106.642497,11.050164],[106.642888,11.05033],[106.643122,11.050391],[106.64295,11.051063]]]}},{"type":"Feature","properties":{"loai_qh":"Công cộng","mau":"#f39c12"},"geometry":{"type":"Polygon","coordinates":[[[106.642933,11.051056],[106.642542,11.05166],[106.641329,11.051077],[106.641332,11.051074],[106.641413,11.050957],[106.641475,11.05084],[106.641501,11.050798],[106.641622,11.050621],[106.641645,11.050591],[106.641738,11.050477],[106.641764,11.050447],[106.641968,11.050238],[106.641995,11.050213],[106.642184,11.050047],[106.642259,11.05004],[106.642487,11.05018],[106.642883,11.050347],[106.6431,11.050404],[106.642933,11.051056]]]}},{"type":"Feature","properties":{"loai_qh":"Công cộng","mau":"#f39c12"},"geometry":{"type":"Polygon","coordinates":[[[106.632809,11.069432],[106.628041,11.069929],[106.627957,11.069848],[106.627987,11.069456],[106.628025,11.068949],[106.628034,11.06885],[106.631403,11.068234],[106.632809,11.069432]]]}},{"type":"Feature","properties":{"loai_qh":"Công cộng","mau":"#f39c12"},"geometry":{"type":"Polygon","coordinates":[[[106.632765,11.069418],[106.628047,11.06991],[106.627976,11.069841],[106.628005,11.069457],[106.628043,11.068951],[106.628051,11.068866],[106.631398,11.068253],[106.632765,11.069418]]]}},{"type":"Feature","properties":{"loai_qh":"Công cộng","mau":"#f39c12"},"geometry":{"type":"Polygon","coordinates":[[[106.637195,11.0573],[106.636931,11.057256],[106.636914,11.057303],[106.636869,11.057325],[106.636821,11.057337],[106.636798,11.057342],[106.63672,11.05736],[106.636706,11.057364],[106.636688,11.057368],[106.636597,11.057433],[106.636561,11.057478],[106.636508,11.057529],[106.636444,11.057574],[106.636416,11.057603],[106.636092,11.057485],[106.635965,11.057536],[106.635839,11.05765],[106.635698,11.05775],[106.635696,11.057746],[106.635792,11.0575],[106.635834,11.057267],[106.635829,11.057025],[106.635839,11.05692],[106.635942,11.056918],[106.63621,11.056902],[106.636376,11.056889],[106.636376,11.056872],[106.636549,11.056873],[106.636608,11.056896],[106.636908,11.05701],[106.637192,11.057122],[106.637195,11.0573]]]}},{"type":"Feature","properties":{"loai_qh":"Công cộng","mau":"#f39c12"},"geometry":{"type":"Polygon","coordinates":[[[106.637174,11.057278],[106.636919,11.057236],[106.636899,11.05729],[106.636863,11.057308],[106.636816,11.057319],[106.636793,11.057325],[106.636716,11.057343],[106.636702,11.057346],[106.63668,11.057351],[106.636584,11.057419],[106.636547,11.057466],[106.636496,11.057515],[106.636432,11.05756],[106.636411,11.057582],[106.636092,11.057466],[106.635955,11.057521],[106.635827,11.057636],[106.635732,11.057703],[106.635809,11.057506],[106.635852,11.057267],[106.635847,11.057025],[106.635854,11.056938],[106.635943,11.056936],[106.636211,11.05692],[106.636395,11.056906],[106.636395,11.05689],[106.636546,11.056891],[106.636601,11.056913],[106.636901,11.057026],[106.637173,11.057134],[106.637174,11.057278]]]}},{"type":"Feature","properties":{"loai_qh":"Khu dự trữ phát triển","mau":"#ccd1d1"},"geometry":{"type":"Polygon","coordinates":[[[106.612962,11.073848],[106.612259,11.073427],[106.611837,11.073013],[106.611805,11.072963],[106.611678,11.072679],[106.611642,11.072557],[106.611629,11.072459],[106.611616,11.072254],[106.614024,11.071685],[106.614212,11.071641],[106.613886,11.072218],[106.612962,11.073848]]]}},{"type":"Feature","properties":{"loai_qh":"Khu dự trữ phát triển","mau":"#ccd1d1"},"geometry":{"type":"Polygon","coordinates":[[[106.618553,11.061009],[106.618434,11.061154],[106.618423,11.061167],[106.618223,11.061393],[106.618139,11.061403],[106.61684,11.060485],[106.616818,11.060393],[106.617206,11.059694],[106.618728,11.060769],[106.618553,11.061009]]]}},{"type":"Feature","properties":{"loai_qh":"Khu dự trữ phát triển","mau":"#ccd1d1"},"geometry":{"type":"Polygon","coordinates":[[[106.615319,11.078381],[106.617015,11.078904],[106.617081,11.078988],[106.617182,11.081218],[106.617159,11.081269],[106.616728,11.081641],[106.616606,11.08177],[106.615746,11.08267],[106.615704,11.082715],[106.615605,11.082703],[106.614849,11.081394],[106.61503,11.080638],[106.615261,11.079399],[106.615183,11.079292],[106.614927,11.078968],[106.615319,11.078381]]]}},{"type":"Feature","properties":{"loai_qh":"Khu dự trữ phát triển","mau":"#ccd1d1"},"geometry":{"type":"Polygon","coordinates":[[[106.616303,11.074048],[106.616928,11.076935],[106.616984,11.077254],[106.617021,11.077654],[106.617068,11.078685],[106.617016,11.078724],[106.614981,11.078096],[106.614437,11.077946],[106.612613,11.077503],[106.612575,11.077493],[106.612367,11.077441],[106.612326,11.077351],[106.615004,11.072627],[106.61539,11.072328],[106.615842,11.072205],[106.615914,11.072248],[106.616303,11.074048],[106.616303,11.074048]]]}},{"type":"Feature","properties":{"loai_qh":"Khu dự trữ phát triển","mau":"#ccd1d1"},"geometry":{"type":"Polygon","coordinates":[[[106.612108,11.077348],[106.612043,11.077379],[106.611362,11.077323],[106.611238,11.077321],[106.612315,11.075421],[106.612496,11.075102],[106.612754,11.074647],[106.612926,11.074634],[106.613102,11.074592],[106.613281,11.074287],[106.613271,11.074254],[106.613223,11.074097],[106.613145,11.073958],[106.61317,11.073913],[106.613232,11.073804],[106.614294,11.07193],[106.615763,11.071549],[106.615848,11.071942],[106.6158,11.072019],[106.615339,11.072145],[106.614837,11.072534],[106.612108,11.077348]]]}},{"type":"Feature","properties":{"loai_qh":"Khu dự trữ phát triển","mau":"#ccd1d1"},"geometry":{"type":"Polygon","coordinates":[[[106.61713,11.062905],[106.61713,11.062906],[106.617126,11.06291],[106.61691,11.062865],[106.61676,11.062862],[106.616582,11.063117],[106.616481,11.063157],[106.616415,11.063133],[106.616357,11.063206],[106.616331,11.06326],[106.616204,11.063535],[106.616079,11.063804],[106.616004,11.063966],[106.616127,11.063988],[106.616393,11.064052],[106.616403,11.064021],[106.616479,11.064018],[106.616338,11.064184],[106.616192,11.06437],[106.61613,11.064393],[106.614497,11.06409],[106.614476,11.063992],[106.615322,11.06309],[106.616674,11.060653],[106.616753,11.060635],[106.618016,11.061527],[106.618028,11.061616],[106.617884,11.061788],[106.617837,11.061852],[106.617586,11.062237],[106.61713,11.062905]]]}},{"type":"Feature","properties":{"loai_qh":"Khu dự trữ phát triển","mau":"#ccd1d1"},"geometry":{"type":"Polygon","coordinates":[[[106.619381,11.052665],[106.619376,11.052747],[106.619373,11.052805],[106.619387,11.052859],[106.61944,11.053183],[106.619434,11.053376],[106.619443,11.053525],[106.619461,11.053569],[106.619459,11.053729],[106.619465,11.053792],[106.619481,11.053956],[106.619501,11.054059],[106.618984,11.05394],[106.618971,11.053591],[106.618971,11.053576],[106.618879,11.053544],[106.617369,11.053015],[106.617535,11.052414],[106.616548,11.052243],[106.616415,11.051982],[106.61646,11.05163],[106.616582,11.051637],[106.616728,11.051473],[106.616622,11.051359],[106.616654,11.051339],[106.616792,11.051208],[106.616798,11.051206],[106.616872,11.051189],[106.617145,11.051328],[106.617313,11.051322],[106.617467,11.051262],[106.617831,11.051322],[106.618147,11.051409],[106.618178,11.051547],[106.618199,11.051532],[106.61821,11.051565],[106.618239,11.051609],[106.618443,11.051635],[106.618721,11.051854],[106.619126,11.05202],[106.619242,11.05227],[106.619411,11.05235],[106.619438,11.052357],[106.619399,11.052555],[106.619381,11.052665]]]}},{"type":"Feature","properties":{"loai_qh":"Khu dự trữ phát triển","mau":"#ccd1d1"},"geometry":{"type":"Polygon","coordinates":[[[106.612955,11.073823],[106.612269,11.073411],[106.611853,11.073004],[106.611821,11.072954],[106.611694,11.072672],[106.611661,11.072554],[106.611647,11.072457],[106.611635,11.072268],[106.614028,11.071703],[106.614175,11.071668],[106.61387,11.072209],[106.612955,11.073823]]]}},{"type":"Feature","properties":{"loai_qh":"Khu dự trữ phát triển","mau":"#ccd1d1"},"geometry":{"type":"Polygon","coordinates":[[[106.608638,11.074778],[106.608667,11.075034],[106.608452,11.075],[106.608359,11.074951],[106.608132,11.074715],[106.607544,11.074587],[106.60742,11.074386],[106.607563,11.073866],[106.607472,11.073607],[106.607252,11.073443],[106.606927,11.073468],[106.606825,11.073571],[106.606764,11.073633],[106.606697,11.073728],[106.606555,11.074014],[106.606286,11.074052],[106.606066,11.073816],[106.605887,11.073626],[106.606065,11.073584],[106.607771,11.073181],[106.60786,11.07316],[106.608089,11.073106],[106.608638,11.074778]]]}},{"type":"Feature","properties":{"loai_qh":"Khu dự trữ phát triển","mau":"#ccd1d1"},"geometry":{"type":"Polygon","coordinates":[[[106.60876,11.077232],[106.608666,11.077066],[106.608497,11.076837],[106.607762,11.076067],[106.607704,11.075998],[106.607384,11.075555],[106.607582,11.07531],[106.607624,11.075328],[106.607712,11.075356],[106.608024,11.07552],[106.608291,11.075661],[106.608559,11.075769],[106.608758,11.075849],[106.608785,11.076086],[106.60876,11.077232]]]}},{"type":"Feature","properties":{"loai_qh":"Khu dự trữ phát triển","mau":"#ccd1d1"},"geometry":{"type":"Polygon","coordinates":[[[106.608855,11.074132],[106.608845,11.074054],[106.608783,11.073064],[106.608788,11.072941],[106.609658,11.072735],[106.610913,11.072439],[106.610907,11.072481],[106.610896,11.072597],[106.611097,11.07286],[106.611281,11.072894],[106.611299,11.072906],[106.611367,11.073016],[106.611464,11.073203],[106.611568,11.073406],[106.611753,11.073783],[106.611761,11.073905],[106.611695,11.074098],[106.611572,11.074245],[106.611548,11.074255],[106.611315,11.074229],[106.611118,11.074141],[106.610754,11.074076],[106.610724,11.074071],[106.610374,11.074074],[106.610077,11.073982],[106.609942,11.073944],[106.609513,11.074101],[106.609065,11.074779],[106.609003,11.074976],[106.609001,11.075057],[106.608965,11.074742],[106.608855,11.074132]]]}},{"type":"Feature","properties":{"loai_qh":"Khu dự trữ phát triển","mau":"#ccd1d1"},"geometry":{"type":"Polygon","coordinates":[[[106.610974,11.077318],[106.609155,11.077299],[106.609094,11.077228],[106.609112,11.07605],[106.609103,11.075964],[106.609144,11.075947],[106.609278,11.075886],[106.60955,11.075756],[106.609704,11.075681],[106.609986,11.075575],[106.610229,11.075279],[106.610259,11.075092],[106.610316,11.074869],[106.610338,11.074849],[106.610509,11.074822],[106.610721,11.074815],[106.611216,11.074796],[106.611654,11.074732],[106.612476,11.074669],[106.612121,11.075293],[106.612083,11.075362],[106.610974,11.077318]]]}},{"type":"Feature","properties":{"loai_qh":"Khu dự trữ phát triển","mau":"#ccd1d1"},"geometry":{"type":"Polygon","coordinates":[[[106.616497,11.055249],[106.616421,11.055237],[106.61605,11.055217],[106.615251,11.054277],[106.615309,11.053985],[106.6158,11.052616],[106.616986,11.052651],[106.616939,11.052962],[106.616694,11.054157],[106.616497,11.055249]]]}},{"type":"Feature","properties":{"loai_qh":"Khu dự trữ phát triển","mau":"#ccd1d1"},"geometry":{"type":"Polygon","coordinates":[[[106.615501,11.069672],[106.615257,11.069753],[106.615008,11.070193],[106.614628,11.070105],[106.613829,11.070061],[106.613687,11.069836],[106.613906,11.069323],[106.613873,11.068968],[106.613546,11.068473],[106.613212,11.068301],[106.612407,11.068326],[106.61228,11.068054],[106.612752,11.067544],[106.612853,11.067287],[106.612853,11.067196],[106.612861,11.067109],[106.61287,11.067073],[106.612892,11.067011],[106.612994,11.066821],[106.613023,11.066536],[106.612993,11.066432],[106.612745,11.066179],[106.61268,11.066157],[106.612567,11.065995],[106.612577,11.065793],[106.61262,11.065501],[106.612627,11.065445],[106.612657,11.065202],[106.612675,11.065059],[106.612676,11.065045],[106.612458,11.064655],[106.613349,11.064452],[106.614111,11.064204],[106.614146,11.064199],[106.615949,11.064534],[106.615986,11.06463],[106.615802,11.064871],[106.615772,11.064912],[106.615651,11.065099],[106.615614,11.065162],[106.615534,11.065323],[106.615487,11.065444],[106.615387,11.065809],[106.615373,11.065871],[106.615353,11.065987],[106.615046,11.066026],[106.615027,11.066028],[106.614904,11.066065],[106.614902,11.066285],[106.614463,11.066284],[106.614466,11.066019],[106.614242,11.066009],[106.614047,11.06604],[106.613646,11.066225],[106.613602,11.066251],[106.613615,11.06626],[106.613492,11.066359],[106.613516,11.066487],[106.613735,11.066561],[106.61395,11.066605],[106.61402,11.066619],[106.614069,11.066617],[106.614098,11.066616],[106.614152,11.066614],[106.61424,11.066667],[106.614429,11.066877],[106.614492,11.066904],[106.614607,11.066886],[106.614566,11.066706],[106.615046,11.066562],[106.615157,11.066324],[106.61533,11.066279],[106.615327,11.066706],[106.61533,11.066771],[106.615394,11.067449],[106.615417,11.067707],[106.615511,11.068684],[106.615512,11.068719],[106.615518,11.069143],[106.615501,11.069672]]]}},{"type":"Feature","properties":{"loai_qh":"Đất ở","mau":"#e74c3c"},"geometry":{"type":"Polygon","coordinates":[[[106.624629,11.073343],[106.624572,11.073385],[106.624532,11.073418],[106.62416,11.073714],[106.62385,11.073985],[106.6238,11.073987],[106.623326,11.073635],[106.623222,11.073556],[106.622905,11.073276],[106.622893,11.073265],[106.622745,11.073159],[106.622688,11.073108],[106.62252,11.072927],[106.622496,11.072901],[106.622468,11.072867],[106.62248,11.072838],[106.624876,11.072348],[106.624935,11.072391],[106.624963,11.072687],[106.624982,11.072918],[106.624912,11.072921],[106.62469,11.072974],[106.624696,11.073012],[106.624653,11.073036],[106.624664,11.073068],[106.62453,11.073115],[106.624568,11.073204],[106.624629,11.073343]]]}},{"type":"Feature","properties":{"loai_qh":"Cây xanh","mau":"#27ae60"},"geometry":{"type":"Polygon","coordinates":[[[106.624978,11.073154],[106.624945,11.073175],[106.624672,11.073328],[106.62461,11.073186],[106.624591,11.073141],[106.624722,11.073095],[106.624708,11.073057],[106.624745,11.073035],[106.624741,11.073008],[106.624918,11.072966],[106.624994,11.072963],[106.625005,11.073098],[106.624978,11.073154]]]}},{"type":"Feature","properties":{"loai_qh":"Đất ở","mau":"#e74c3c"},"geometry":{"type":"Polygon","coordinates":[[[106.626849,11.064363],[106.626822,11.064418],[106.626062,11.064718],[106.625704,11.065171],[106.62552,11.065039],[106.624631,11.064233],[106.624526,11.064106],[106.624535,11.064028],[106.625299,11.063397],[106.625653,11.063035],[106.626121,11.062614],[106.62641,11.062572],[106.627271,11.063043],[106.627293,11.063106],[106.62713,11.063651],[106.627117,11.063688],[106.626849,11.064363]]]}},{"type":"Feature","properties":{"loai_qh":"Đất ở","mau":"#e74c3c"},"geometry":{"type":"Polygon","coordinates":[[[106.619374,11.072524],[106.61952,11.07322],[106.619497,11.073255],[106.616572,11.073853],[106.616504,11.073809],[106.616155,11.072196],[106.616199,11.072129],[106.619069,11.071542],[106.61934,11.072425],[106.619374,11.072524]]]}},{"type":"Feature","properties":{"loai_qh":"Đất ở","mau":"#e74c3c"},"geometry":{"type":"Polygon","coordinates":[[[106.633776,11.066162],[106.633787,11.066161],[106.637914,11.065656],[106.637985,11.065571],[106.637903,11.064332],[106.637498,11.06276],[106.637409,11.062743],[106.637384,11.062767],[106.637074,11.063017],[106.636826,11.063235],[106.63663,11.063363],[106.636582,11.063385],[106.636393,11.063529],[106.636255,11.063689],[106.636126,11.063849],[106.63606,11.063923],[106.63573,11.064258],[106.635433,11.064536],[106.635264,11.064683],[106.635263,11.064684],[106.63519,11.064763],[106.635163,11.064797],[106.634908,11.065017],[106.633835,11.065606],[106.63354,11.065789],[106.633521,11.065866],[106.633656,11.066104],[106.633776,11.066162]]]}},{"type":"Feature","properties":{"loai_qh":"Cây xanh","mau":"#27ae60"},"geometry":{"type":"Polygon","coordinates":[[[106.608264,11.072749],[106.608682,11.07265],[106.609011,11.072313],[106.609036,11.072299],[106.608398,11.072302],[106.608297,11.072327],[106.608255,11.072353],[106.608192,11.072607],[106.608264,11.072749]]]}},{"type":"Feature","properties":{"loai_qh":"Khu dự trữ phát triển","mau":"#ccd1d1"},"geometry":{"type":"Polygon","coordinates":[[[106.608397,11.071885],[106.608305,11.071864],[106.607839,11.07169],[106.607477,11.07129],[106.607409,11.071053],[106.607399,11.070886],[106.607457,11.070686],[106.607673,11.070035],[106.607775,11.069076],[106.60777,11.068732],[106.608676,11.066743],[106.611587,11.064945],[106.611975,11.065125],[106.612026,11.065117],[106.612067,11.065116],[106.612107,11.06512],[106.612254,11.065301],[106.612164,11.066044],[106.612167,11.066157],[106.612177,11.066209],[106.612266,11.066422],[106.612497,11.066708],[106.612515,11.066885],[106.61243,11.067046],[106.612301,11.067133],[106.612138,11.067149],[106.612088,11.067158],[106.612017,11.067178],[106.610878,11.067608],[106.610816,11.067638],[106.610532,11.067809],[106.610348,11.068153],[106.610392,11.06898],[106.61026,11.069148],[106.610018,11.069196],[106.6093,11.069332],[106.609165,11.069337],[106.608422,11.069314],[106.608272,11.069478],[106.608346,11.069621],[106.608434,11.069684],[106.609316,11.069716],[106.609358,11.06983],[106.609711,11.06985],[106.610243,11.069757],[106.61036,11.069747],[106.610431,11.069756],[106.610637,11.069829],[106.610745,11.069998],[106.610679,11.070679],[106.61105,11.071095],[106.611083,11.071096],[106.611243,11.071263],[106.611241,11.071319],[106.609643,11.071768],[106.608397,11.071885]]]}},{"type":"Feature","properties":{"loai_qh":"Cây xanh","mau":"#27ae60"},"geometry":{"type":"Polygon","coordinates":[[[106.609608,11.07221],[106.611065,11.071801],[106.611039,11.071877],[106.610974,11.072048],[106.610962,11.072111],[106.60929,11.072506],[106.608967,11.072583],[106.609106,11.072478],[106.609532,11.072241],[106.609608,11.07221]]]}},{"type":"Feature","properties":{"loai_qh":"Cây xanh","mau":"#27ae60"},"geometry":{"type":"Polygon","coordinates":[[[106.611847,11.071581],[106.614672,11.070787],[106.614386,11.071294],[106.614077,11.071375],[106.613987,11.071396],[106.611649,11.071949],[106.611665,11.071893],[106.611735,11.071782],[106.611847,11.071581]]]}},{"type":"Feature","properties":{"loai_qh":"Cây xanh","mau":"#27ae60"},"geometry":{"type":"Polygon","coordinates":[[[106.61564,11.070983],[106.614725,11.071206],[106.615018,11.07069],[106.615329,11.070603],[106.615592,11.07076],[106.61564,11.070983]]]}},{"type":"Feature","properties":{"loai_qh":"Cây xanh","mau":"#27ae60"},"geometry":{"type":"Polygon","coordinates":[[[106.6163,11.07033],[106.616701,11.070218],[106.616693,11.070222],[106.616676,11.070232],[106.616324,11.07033],[106.6163,11.07033]]]}},{"type":"Feature","properties":{"loai_qh":"Cây xanh","mau":"#27ae60"},"geometry":{"type":"Polygon","coordinates":[[[106.617231,11.070069],[106.618348,11.069755],[106.618083,11.069936],[106.617606,11.070059],[106.617417,11.070056],[106.617231,11.070069]]]}},{"type":"Feature","properties":{"loai_qh":"Cây xanh","mau":"#27ae60"},"geometry":{"type":"Polygon","coordinates":[[[106.620419,11.069213],[106.62045,11.069233],[106.620354,11.069249],[106.619779,11.069353],[106.61982,11.069342],[106.62009,11.069277],[106.620419,11.069213]]]}},{"type":"Feature","properties":{"loai_qh":"Cây xanh","mau":"#27ae60"},"geometry":{"type":"Polygon","coordinates":[[[106.62082,11.069134],[106.624202,11.068469],[106.624289,11.068626],[106.624326,11.068707],[106.621804,11.06904],[106.621777,11.069043],[106.621366,11.069082],[106.621284,11.069092],[106.620792,11.069175],[106.62082,11.069134]]]}},{"type":"Feature","properties":{"loai_qh":"Khu dự trữ phát triển","mau":"#ccd1d1"},"geometry":{"type":"Polygon","coordinates":[[[106.61421,11.070485],[106.611808,11.071159],[106.611796,11.071071],[106.611766,11.070977],[106.611637,11.070793],[106.611374,11.070589],[106.611313,11.070553],[106.611231,11.070408],[106.611242,11.070027],[106.611244,11.069689],[106.611416,11.069527],[106.611576,11.06952],[106.611732,11.069502],[106.611795,11.069489],[106.612656,11.069237],[106.612873,11.069073],[106.612905,11.069022],[106.613149,11.068982],[106.613162,11.068993],[106.613219,11.06905],[106.613263,11.069126],[106.613274,11.069263],[106.613248,11.069331],[106.613247,11.069334],[106.613194,11.069476],[106.613065,11.070069],[106.613463,11.070528],[106.61421,11.070485]]]}},{"type":"Feature","properties":{"loai_qh":"Cây xanh","mau":"#27ae60"},"geometry":{"type":"Polygon","coordinates":[[[106.615338,11.070168],[106.615309,11.070176],[106.615435,11.069955],[106.615492,11.069936],[106.615491,11.069975],[106.615338,11.070168]]]}},{"type":"Feature","properties":{"loai_qh":"Cây xanh","mau":"#27ae60"},"geometry":{"type":"Polygon","coordinates":[[[106.619141,11.0691],[106.616003,11.069981],[106.615748,11.069852],[106.617688,11.069211],[106.617841,11.069162],[106.618095,11.069081],[106.619227,11.068719],[106.619223,11.068995],[106.619141,11.0691]]]}},{"type":"Feature","properties":{"loai_qh":"Cây xanh","mau":"#27ae60"},"geometry":{"type":"Polygon","coordinates":[[[106.619469,11.069008],[106.619397,11.068953],[106.619402,11.068664],[106.620553,11.068296],[106.621886,11.06787],[106.622468,11.067684],[106.62264,11.068272],[106.622584,11.068363],[106.620008,11.068869],[106.619705,11.068942],[106.619469,11.069008]]]}},{"type":"Feature","properties":{"loai_qh":"Cây xanh","mau":"#27ae60"},"geometry":{"type":"Polygon","coordinates":[[[106.622913,11.068298],[106.62281,11.068236],[106.622634,11.067631],[106.624362,11.067078],[106.624385,11.067268],[106.624407,11.067415],[106.624425,11.067574],[106.624449,11.067693],[106.624379,11.067703],[106.623883,11.067848],[106.623926,11.067928],[106.623955,11.067995],[106.623985,11.068045],[106.624004,11.068084],[106.622913,11.068298]]]}},{"type":"Feature","properties":{"loai_qh":"Đất ở","mau":"#e74c3c"},"geometry":{"type":"Polygon","coordinates":[[[106.625102,11.067791],[106.624999,11.067879],[106.624046,11.068066],[106.624025,11.068024],[106.623996,11.067975],[106.623968,11.067908],[106.62395,11.067875],[106.624388,11.067747],[106.624503,11.067732],[106.62447,11.067567],[106.624452,11.067409],[106.62443,11.067262],[106.624407,11.067073],[106.624472,11.067052],[106.625068,11.066291],[106.625167,11.066332],[106.62552,11.066446],[106.625554,11.066522],[106.625102,11.067791]]]}},{"type":"Feature","properties":{"loai_qh":"Đất ở","mau":"#e74c3c"},"geometry":{"type":"Polygon","coordinates":[[[106.625411,11.067798],[106.625327,11.067706],[106.625722,11.066617],[106.625809,11.066596],[106.625893,11.066664],[106.625953,11.066722],[106.626148,11.066951],[106.626178,11.06699],[106.626324,11.067205],[106.626452,11.067344],[106.626485,11.067371],[106.626582,11.06744],[106.626564,11.067571],[106.625411,11.067798]]]}},{"type":"Feature","properties":{"loai_qh":"Đất ở","mau":"#e74c3c"},"geometry":{"type":"Polygon","coordinates":[[[106.624254,11.068468],[106.624881,11.068344],[106.624922,11.06839],[106.624847,11.068623],[106.624761,11.068639],[106.624725,11.068645],[106.624369,11.068692],[106.62433,11.068606],[106.624254,11.068468]]]}},{"type":"Feature","properties":{"loai_qh":"Đất ở","mau":"#e74c3c"},"geometry":{"type":"Polygon","coordinates":[[[106.625131,11.068368],[106.625237,11.068274],[106.627505,11.067828],[106.62756,11.067881],[106.627511,11.068209],[106.627495,11.068214],[106.627383,11.068237],[106.62597,11.068417],[106.625061,11.068584],[106.625131,11.068368]]]}},{"type":"Feature","properties":{"loai_qh":"Đất ở","mau":"#e74c3c"},"geometry":{"type":"Polygon","coordinates":[[[106.627207,11.067445],[106.627039,11.06743],[106.626801,11.067338],[106.62667,11.067266],[106.626607,11.067224],[106.626574,11.067197],[106.626484,11.067099],[106.626337,11.066884],[106.626295,11.066829],[106.6261,11.0666],[106.626015,11.066517],[106.62588,11.066408],[106.625858,11.066314],[106.62592,11.066184],[106.625947,11.06612],[106.625981,11.066025],[106.62602,11.065921],[106.62604,11.065876],[106.626185,11.065591],[106.626201,11.065563],[106.626404,11.065226],[106.626431,11.065187],[106.626564,11.065012],[106.626579,11.064992],[106.626603,11.064963],[106.626909,11.064622],[106.62692,11.06461],[106.627191,11.064506],[106.627396,11.064517],[106.627353,11.064752],[106.627821,11.064797],[106.627697,11.065338],[106.627847,11.065486],[106.627859,11.065498],[106.627914,11.065551],[106.627959,11.065387],[106.62797,11.065333],[106.628016,11.065169],[106.62802,11.065153],[106.628058,11.06501],[106.628057,11.06496],[106.628065,11.064918],[106.628173,11.064939],[106.628135,11.065169],[106.628041,11.065653],[106.627733,11.067072],[106.627731,11.067085],[106.627688,11.067275],[106.62759,11.067369],[106.627207,11.067445]]]}},{"type":"Feature","properties":{"loai_qh":"Đất ở","mau":"#e74c3c"},"geometry":{"type":"Polygon","coordinates":[[[106.631462,11.066608],[106.628401,11.06721],[106.628351,11.06716],[106.628446,11.066718],[106.628543,11.066636],[106.62855,11.066635],[106.628646,11.066621],[106.628677,11.066615],[106.628678,11.066619],[106.628657,11.066632],[106.628718,11.06675],[106.628996,11.066605],[106.62898,11.066578],[106.628982,11.066577],[106.629015,11.066545],[106.629014,11.066541],[106.629072,11.066507],[106.629069,11.066481],[106.629083,11.066476],[106.629448,11.066325],[106.629757,11.066137],[106.630085,11.065886],[106.630472,11.065531],[106.630743,11.065265],[106.630749,11.065258],[106.630798,11.065212],[106.630885,11.065144],[106.630915,11.065122],[106.631103,11.064998],[106.631178,11.064954],[106.631589,11.065745],[106.631538,11.06592],[106.631501,11.066363],[106.631462,11.066608]]]}},{"type":"Feature","properties":{"loai_qh":"Cây xanh","mau":"#27ae60"},"geometry":{"type":"Polygon","coordinates":[[[106.631999,11.066511],[106.631848,11.066541],[106.631866,11.066392],[106.631876,11.066275],[106.631999,11.066511]]]}},{"type":"Feature","properties":{"loai_qh":"Cây xanh","mau":"#27ae60"},"geometry":{"type":"Polygon","coordinates":[[[106.633402,11.066235],[106.632409,11.066431],[106.632069,11.065776],[106.632073,11.065772],[106.63211,11.065754],[106.633089,11.065503],[106.633348,11.065932],[106.633456,11.066119],[106.633402,11.066235]]]}},{"type":"Feature","properties":{"loai_qh":"Đất ở","mau":"#e74c3c"},"geometry":{"type":"Polygon","coordinates":[[[106.638255,11.065614],[106.638177,11.06555],[106.638095,11.064319],[106.637629,11.062592],[106.637642,11.062525],[106.637731,11.062442],[106.637789,11.062392],[106.638003,11.062228],[106.638218,11.062076],[106.638279,11.062029],[106.638436,11.061899],[106.638779,11.061599],[106.639057,11.061322],[106.639263,11.061123],[106.639422,11.060926],[106.639491,11.060815],[106.639829,11.060271],[106.639834,11.060297],[106.639881,11.060438],[106.640021,11.060742],[106.640251,11.061017],[106.640623,11.06144],[106.64071,11.061532],[106.640898,11.061659],[106.641175,11.061787],[106.641285,11.061818],[106.641493,11.061887],[106.641636,11.061934],[106.641868,11.062003],[106.641046,11.064154],[106.640749,11.065234],[106.640647,11.065321],[106.638255,11.065614]]]}},{"type":"Feature","properties":{"loai_qh":"Đất ở","mau":"#e74c3c"},"geometry":{"type":"Polygon","coordinates":[[[106.64388,11.064506],[106.643462,11.064977],[106.640998,11.065278],[106.640951,11.065224],[106.641229,11.064213],[106.64268,11.060414],[106.642782,11.060363],[106.642978,11.060417],[106.643441,11.060569],[106.643643,11.060615],[106.643776,11.060779],[106.643782,11.061364],[106.643852,11.061725],[106.64388,11.064506]]]}},{"type":"Feature","properties":{"loai_qh":"Đất ở","mau":"#e74c3c"},"geometry":{"type":"Polygon","coordinates":[[[106.645053,11.064782],[106.644519,11.06432],[106.644493,11.061719],[106.644555,11.061357],[106.644554,11.061163],[106.644883,11.060909],[106.64497,11.060931],[106.645402,11.061042],[106.645422,11.061049],[106.646276,11.061307],[106.647087,11.061477],[106.64714,11.061547],[106.646894,11.064579],[106.646819,11.064648],[106.645461,11.064732],[106.645053,11.064782]]]}},{"type":"Feature","properties":{"loai_qh":"Đất ở","mau":"#e74c3c"},"geometry":{"type":"Polygon","coordinates":[[[106.650474,11.065074],[106.64938,11.064906],[106.650573,11.064711],[106.650642,11.0647],[106.650852,11.064665],[106.650734,11.064751],[106.650634,11.064858],[106.65058,11.064929],[106.650484,11.06506],[106.650474,11.065074]]]}},{"type":"Feature","properties":{"loai_qh":"Cây xanh","mau":"#27ae60"},"geometry":{"type":"Polygon","coordinates":[[[106.64722,11.064664],[106.647142,11.064578],[106.647266,11.063044],[106.649055,11.063185],[106.648948,11.0645],[106.647754,11.064694],[106.64722,11.064664]]]}},{"type":"Feature","properties":{"loai_qh":"Đất ở","mau":"#e74c3c"},"geometry":{"type":"Polygon","coordinates":[[[106.64795,11.065139],[106.648494,11.065209],[106.650219,11.065474],[106.650169,11.065611],[106.650105,11.065813],[106.650039,11.066011],[106.65,11.066127],[106.649969,11.06621],[106.64991,11.066416],[106.649857,11.066549],[106.64977,11.066747],[106.649735,11.066828],[106.649726,11.066852],[106.649718,11.066867],[106.649673,11.066955],[106.649635,11.067032],[106.649479,11.067014],[106.649426,11.06712],[106.649396,11.067207],[106.649377,11.067201],[106.649289,11.067191],[106.649094,11.067189],[106.648862,11.067275],[106.648798,11.06733],[106.648634,11.067556],[106.648533,11.067795],[106.648329,11.068058],[106.64806,11.068279],[106.64799,11.068341],[106.647484,11.068837],[106.647382,11.069053],[106.647374,11.069155],[106.647366,11.069168],[106.646995,11.069423],[106.647116,11.065275],[106.64795,11.065139]]]}},{"type":"Feature","properties":{"loai_qh":"Cây xanh","mau":"#27ae60"},"geometry":{"type":"Polygon","coordinates":[[[106.64078,11.065811],[106.640886,11.06572],[106.643187,11.065439],[106.640774,11.065832],[106.64078,11.065811]]]}},{"type":"Feature","properties":{"loai_qh":"Cây xanh","mau":"#27ae60"},"geometry":{"type":"Polygon","coordinates":[[[106.640542,11.065762],[106.640596,11.065824],[106.640586,11.065862],[106.640009,11.065956],[106.638214,11.066249],[106.638206,11.066129],[106.638281,11.066039],[106.640542,11.065762]]]}},{"type":"Feature","properties":{"loai_qh":"Cây xanh","mau":"#27ae60"},"geometry":{"type":"Polygon","coordinates":[[[106.637948,11.06608],[106.638033,11.066149],[106.638041,11.066277],[106.634019,11.066932],[106.633921,11.066673],[106.633985,11.066565],[106.637948,11.06608]]]}},{"type":"Feature","properties":{"loai_qh":"Cây xanh","mau":"#27ae60"},"geometry":{"type":"Polygon","coordinates":[[[106.63373,11.066682],[106.633843,11.066961],[106.632776,11.067135],[106.632648,11.066889],[106.63261,11.066815],[106.633591,11.066622],[106.633631,11.066615],[106.63373,11.066682]]]}},{"type":"Feature","properties":{"loai_qh":"Cây xanh","mau":"#27ae60"},"geometry":{"type":"Polygon","coordinates":[[[106.631735,11.066987],[106.632199,11.066896],[106.632396,11.067274],[106.631663,11.067433],[106.631634,11.067331],[106.631735,11.066987]]]}},{"type":"Feature","properties":{"loai_qh":"Cây xanh","mau":"#27ae60"},"geometry":{"type":"Polygon","coordinates":[[[106.629661,11.067395],[106.630531,11.067224],[106.630516,11.067228],[106.630386,11.067269],[106.629835,11.067483],[106.629734,11.067515],[106.629661,11.067395]]]}},{"type":"Feature","properties":{"loai_qh":"Đất ở","mau":"#e74c3c"},"geometry":{"type":"Polygon","coordinates":[[[106.628311,11.06767],[106.629619,11.067413],[106.629681,11.067515],[106.629668,11.067517],[106.629467,11.067544],[106.629297,11.06758],[106.628597,11.067785],[106.628394,11.067867],[106.62818,11.067978],[106.628217,11.067765],[106.628311,11.06767]]]}}]}